tick_ts,tick_time_str,date,month,year,day,week_of_month,open,high,low,close,volume,typical_price,price_range,return_pct,vwap,hl_ratio,body_pct,upper_shadow,lower_shadow,session,pre_market,post_market,is_open_tick,is_close_tick,expiry,is_monthly_expiry,days_to_expiry,data_quality,fetch_latency_ms
2026-03-25 09:47:41.658320,09:47,25,3,2026,2,5,23279.5,23279.5,23279.5,23279.5,0.0,23279.5,0.0,0.0,23279.5,1.0,0.0,0.0,0.0,pre,1,0,0,0,0,0,1,ZERO_VOL,104.2
2026-03-25 09:47:41.811923,09:47,25,3,2026,2,5,23279.0,23279.0,23279.0,23279.0,0.0,23279.0,0.0,0.0,23279.0,1.0,0.0,0.0,0.0,pre,1,0,0,0,0,0,1,ZERO_VOL,153.0
2026-03-25 09:47:42.001148,09:47,25,3,2026,2,5,23279.0,23279.0,23279.0,23279.0,0.0,23279.0,0.0,0.0,23279.0,1.0,0.0,0.0,0.0,pre,1,0,0,0,0,0,1,ZERO_VOL,188.8
2026-03-25 09:47:42.161791,09:47,25,3,2026,2,5,23279.0,23279.0,23279.0,23279.0,0.0,23279.0,0.0,0.0,23279.0,1.0,0.0,0.0,0.0,pre,1,0,0,0,0,0,1,ZERO_VOL,160.1
2026-03-25 09:47:42.297135,09:47,25,3,2026,2,5,23278.85,23278.85,23278.85,23278.85,0.0,23278.85,0.0,0.0,23278.85,1.0,0.0,0.0,0.0,pre,1,0,0,0,0,0,1,ZERO_VOL,134.8
2026-03-25 09:47:56.400730,09:47,25,3,2026,2,5,23277.7,23277.7,23277.7,23277.7,0.0,23277.7,0.0,0.0,23277.7,1.0,0.0,0.0,0.0,pre,1,0,0,0,0,0,1,ZERO_VOL,90.6
2026-03-25 09:47:56.552575,09:47,25,3,2026,2,5,23277.15,23277.15,23277.15,23277.15,0.0,23277.15,0.0,0.0,23277.15,1.0,0.0,0.0,0.0,pre,1,0,0,0,0,0,1,ZERO_VOL,151.4
2026-03-25 09:47:56.697676,09:47,25,3,2026,2,5,23277.15,23277.15,23277.15,23277.15,0.0,23277.15,0.0,0.0,23277.15,1.0,0.0,0.0,0.0,pre,1,0,0,0,0,0,1,ZERO_VOL,144.6
2026-03-25 09:47:56.798049,09:47,25,3,2026,2,5,23277.7,23277.7,23277.7,23277.7,0.0,23277.7,0.0,0.0,23277.7,1.0,0.0,0.0,0.0,pre,1,0,0,0,0,0,1,ZERO_VOL,99.9
2026-03-25 09:47:56.921699,09:47,25,3,2026,2,5,23277.15,23277.15,23277.15,23277.15,0.0,23277.15,0.0,0.0,23277.15,1.0,0.0,0.0,0.0,pre,1,0,0,0,0,0,1,ZERO_VOL,123.0
2026-03-25 09:47:59.483008,09:47,25,3,2026,2,5,23277.7,23277.7,23277.7,23277.7,0.0,23277.7,0.0,0.0,23277.7,1.0,0.0,0.0,0.0,pre,1,0,0,0,0,0,1,ZERO_VOL,55.3
2026-03-25 09:47:59.576955,09:47,25,3,2026,2,5,23275.85,23275.85,23275.85,23275.85,0.0,23275.85,0.0,0.0,23275.85,1.0,0.0,0.0,0.0,pre,1,0,0,0,0,0,1,ZERO_VOL,93.5
2026-03-25 09:47:59.726247,09:47,25,3,2026,2,5,23274.6,23274.6,23274.6,23274.6,0.0,23274.6,0.0,0.0,23274.6,1.0,0.0,0.0,0.0,pre,1,0,0,0,0,0,1,ZERO_VOL,148.7
2026-03-25 09:47:59.819175,09:47,25,3,2026,2,5,23275.85,23275.85,23275.85,23275.85,0.0,23275.85,0.0,0.0,23275.85,1.0,0.0,0.0,0.0,pre,1,0,0,0,0,0,1,ZERO_VOL,92.3
2026-03-25 09:47:59.909563,09:47,25,3,2026,2,5,23275.85,23275.85,23275.85,23275.85,0.0,23275.85,0.0,0.0,23275.85,1.0,0.0,0.0,0.0,pre,1,0,0,0,0,0,1,ZERO_VOL,89.9
2026-03-25 09:48:02.663000,09:48,25,3,2026,2,5,23277.15,23277.15,23277.15,23277.15,0.0,23277.15,0.0,0.0,23277.15,1.0,0.0,0.0,0.0,pre,1,0,0,0,0,0,1,ZERO_VOL,53.3
2026-03-25 09:48:02.769627,09:48,25,3,2026,2,5,23275.85,23275.85,23275.85,23275.85,0.0,23275.85,0.0,0.0,23275.85,1.0,0.0,0.0,0.0,pre,1,0,0,0,0,0,1,ZERO_VOL,106.2
2026-03-25 09:48:02.830201,09:48,25,3,2026,2,5,23277.7,23277.7,23277.7,23277.7,0.0,23277.7,0.0,0.0,23277.7,1.0,0.0,0.0,0.0,pre,1,0,0,0,0,0,1,ZERO_VOL,60.1
2026-03-25 09:48:02.987931,09:48,25,3,2026,2,5,23281.0,23281.0,23281.0,23281.0,0.0,23281.0,0.0,0.0,23281.0,1.0,0.0,0.0,0.0,pre,1,0,0,0,0,0,1,ZERO_VOL,157.2
2026-03-25 09:48:03.093145,09:48,25,3,2026,2,5,23280.9,23280.9,23280.9,23280.9,0.0,23280.9,0.0,0.0,23280.9,1.0,0.0,0.0,0.0,pre,1,0,0,0,0,0,1,ZERO_VOL,104.8
2026-03-25 09:48:05.927057,09:48,25,3,2026,2,5,23277.15,23277.15,23277.15,23277.15,0.0,23277.15,0.0,0.0,23277.15,1.0,0.0,0.0,0.0,pre,1,0,0,0,0,0,1,ZERO_VOL,57.0
2026-03-25 09:48:06.004712,09:48,25,3,2026,2,5,23281.5,23281.5,23281.5,23281.5,0.0,23281.5,0.0,0.0,23281.5,1.0,0.0,0.0,0.0,pre,1,0,0,0,0,0,1,ZERO_VOL,77.1
2026-03-25 09:48:06.126931,09:48,25,3,2026,2,5,23277.95,23277.95,23277.95,23277.95,0.0,23277.95,0.0,0.0,23277.95,1.0,0.0,0.0,0.0,pre,1,0,0,0,0,0,1,ZERO_VOL,121.8
2026-03-25 09:48:06.216378,09:48,25,3,2026,2,5,23277.95,23277.95,23277.95,23277.95,0.0,23277.95,0.0,0.0,23277.95,1.0,0.0,0.0,0.0,pre,1,0,0,0,0,0,1,ZERO_VOL,88.9
2026-03-25 09:48:06.360416,09:48,25,3,2026,2,5,23280.85,23280.85,23280.85,23280.85,0.0,23280.85,0.0,0.0,23280.85,1.0,0.0,0.0,0.0,pre,1,0,0,0,0,0,1,ZERO_VOL,143.6
2026-03-25 09:48:08.536802,09:48,25,3,2026,2,5,23277.45,23277.45,23277.45,23277.45,0.0,23277.45,0.0,0.0,23277.45,1.0,0.0,0.0,0.0,pre,1,0,0,0,0,0,1,ZERO_VOL,89.2
2026-03-25 09:48:08.638952,09:48,25,3,2026,2,5,23277.45,23277.45,23277.45,23277.45,0.0,23277.45,0.0,0.0,23277.45,1.0,0.0,0.0,0.0,pre,1,0,0,0,0,0,1,ZERO_VOL,101.5
2026-03-25 09:48:08.767332,09:48,25,3,2026,2,5,23277.45,23277.45,23277.45,23277.45,0.0,23277.45,0.0,0.0,23277.45,1.0,0.0,0.0,0.0,pre,1,0,0,0,0,0,1,ZERO_VOL,127.9
2026-03-25 09:48:08.881733,09:48,25,3,2026,2,5,23277.45,23277.45,23277.45,23277.45,0.0,23277.45,0.0,0.0,23277.45,1.0,0.0,0.0,0.0,pre,1,0,0,0,0,0,1,ZERO_VOL,113.8
2026-03-25 09:48:08.987816,09:48,25,3,2026,2,5,23277.45,23277.45,23277.45,23277.45,0.0,23277.45,0.0,0.0,23277.45,1.0,0.0,0.0,0.0,pre,1,0,0,0,0,0,1,ZERO_VOL,105.5
2026-03-25 09:48:12.024290,09:48,25,3,2026,2,5,23277.15,23277.15,23277.15,23277.15,0.0,23277.15,0.0,0.0,23277.15,1.0,0.0,0.0,0.0,pre,1,0,0,0,0,0,1,ZERO_VOL,180.7
2026-03-25 09:48:12.109211,09:48,25,3,2026,2,5,23277.15,23277.15,23277.15,23277.15,0.0,23277.15,0.0,0.0,23277.15,1.0,0.0,0.0,0.0,pre,1,0,0,0,0,0,1,ZERO_VOL,84.4
2026-03-25 09:48:12.210488,09:48,25,3,2026,2,5,23275.95,23275.95,23275.95,23275.95,0.0,23275.95,0.0,0.0,23275.95,1.0,0.0,0.0,0.0,pre,1,0,0,0,0,0,1,ZERO_VOL,100.7
2026-03-25 09:48:12.271467,09:48,25,3,2026,2,5,23277.95,23277.95,23277.95,23277.95,0.0,23277.95,0.0,0.0,23277.95,1.0,0.0,0.0,0.0,pre,1,0,0,0,0,0,1,ZERO_VOL,60.5
2026-03-25 09:48:12.345186,09:48,25,3,2026,2,5,23277.45,23277.45,23277.45,23277.45,0.0,23277.45,0.0,0.0,23277.45,1.0,0.0,0.0,0.0,pre,1,0,0,0,0,0,1,ZERO_VOL,73.2
2026-03-25 09:48:14.761077,09:48,25,3,2026,2,5,23277.95,23277.95,23277.95,23277.95,0.0,23277.95,0.0,0.0,23277.95,1.0,0.0,0.0,0.0,pre,1,0,0,0,0,0,1,ZERO_VOL,65.7
2026-03-25 09:48:14.903336,09:48,25,3,2026,2,5,23277.55,23277.55,23277.55,23277.55,0.0,23277.55,0.0,0.0,23277.55,1.0,0.0,0.0,0.0,pre,1,0,0,0,0,0,1,ZERO_VOL,141.7
2026-03-25 09:48:14.990927,09:48,25,3,2026,2,5,23277.55,23277.55,23277.55,23277.55,0.0,23277.55,0.0,0.0,23277.55,1.0,0.0,0.0,0.0,pre,1,0,0,0,0,0,1,ZERO_VOL,86.8
2026-03-25 09:48:15.089121,09:48,25,3,2026,2,5,23277.55,23277.55,23277.55,23277.55,0.0,23277.55,0.0,0.0,23277.55,1.0,0.0,0.0,0.0,pre,1,0,0,0,0,0,1,ZERO_VOL,97.7
2026-03-25 09:48:15.265608,09:48,25,3,2026,2,5,23275.65,23275.65,23275.65,23275.65,0.0,23275.65,0.0,0.0,23275.65,1.0,0.0,0.0,0.0,pre,1,0,0,0,0,0,1,ZERO_VOL,176.0
2026-03-25 09:48:17.400048,09:48,25,3,2026,2,5,23279.15,23279.15,23279.15,23279.15,0.0,23279.15,0.0,0.0,23279.15,1.0,0.0,0.0,0.0,pre,1,0,0,0,0,0,1,ZERO_VOL,110.2
2026-03-25 09:48:17.575252,09:48,25,3,2026,2,5,23279.9,23279.9,23279.9,23279.9,0.0,23279.9,0.0,0.0,23279.9,1.0,0.0,0.0,0.0,pre,1,0,0,0,0,0,1,ZERO_VOL,174.7
2026-03-25 09:48:17.766917,09:48,25,3,2026,2,5,23279.9,23279.9,23279.9,23279.9,0.0,23279.9,0.0,0.0,23279.9,1.0,0.0,0.0,0.0,pre,1,0,0,0,0,0,1,ZERO_VOL,191.1
2026-03-25 09:48:17.844908,09:48,25,3,2026,2,5,23277.55,23277.55,23277.55,23277.55,0.0,23277.55,0.0,0.0,23277.55,1.0,0.0,0.0,0.0,pre,1,0,0,0,0,0,1,ZERO_VOL,77.5
2026-03-25 09:48:17.989297,09:48,25,3,2026,2,5,23279.9,23279.9,23279.9,23279.9,0.0,23279.9,0.0,0.0,23279.9,1.0,0.0,0.0,0.0,pre,1,0,0,0,0,0,1,ZERO_VOL,143.9
2026-03-25 09:48:20.392531,09:48,25,3,2026,2,5,23279.2,23279.2,23279.2,23279.2,0.0,23279.2,0.0,0.0,23279.2,1.0,0.0,0.0,0.0,pre,1,0,0,0,0,0,1,ZERO_VOL,80.4
2026-03-25 09:48:20.488367,09:48,25,3,2026,2,5,23279.2,23279.2,23279.2,23279.2,0.0,23279.2,0.0,0.0,23279.2,1.0,0.0,0.0,0.0,pre,1,0,0,0,0,0,1,ZERO_VOL,95.4
2026-03-25 09:48:20.547355,09:48,25,3,2026,2,5,23277.55,23277.55,23277.55,23277.55,0.0,23277.55,0.0,0.0,23277.55,1.0,0.0,0.0,0.0,pre,1,0,0,0,0,0,1,ZERO_VOL,58.5
2026-03-25 09:48:20.723383,09:48,25,3,2026,2,5,23277.8,23277.8,23277.8,23277.8,0.0,23277.8,0.0,0.0,23277.8,1.0,0.0,0.0,0.0,pre,1,0,0,0,0,0,1,ZERO_VOL,175.5
2026-03-25 09:48:20.816684,09:48,25,3,2026,2,5,23279.2,23279.2,23279.2,23279.2,0.0,23279.2,0.0,0.0,23279.2,1.0,0.0,0.0,0.0,pre,1,0,0,0,0,0,1,ZERO_VOL,92.7
2026-03-25 09:48:23.273114,09:48,25,3,2026,2,5,23281.35,23281.35,23281.35,23281.35,0.0,23281.35,0.0,0.0,23281.35,1.0,0.0,0.0,0.0,pre,1,0,0,0,0,0,1,ZERO_VOL,95.1
2026-03-25 09:48:23.332324,09:48,25,3,2026,2,5,23279.2,23279.2,23279.2,23279.2,0.0,23279.2,0.0,0.0,23279.2,1.0,0.0,0.0,0.0,pre,1,0,0,0,0,0,1,ZERO_VOL,58.7
2026-03-25 09:48:23.390901,09:48,25,3,2026,2,5,23277.8,23277.8,23277.8,23277.8,0.0,23277.8,0.0,0.0,23277.8,1.0,0.0,0.0,0.0,pre,1,0,0,0,0,0,1,ZERO_VOL,58.1
2026-03-25 09:48:23.451770,09:48,25,3,2026,2,5,23277.55,23277.55,23277.55,23277.55,0.0,23277.55,0.0,0.0,23277.55,1.0,0.0,0.0,0.0,pre,1,0,0,0,0,0,1,ZERO_VOL,60.3
2026-03-25 09:48:23.510284,09:48,25,3,2026,2,5,23277.55,23277.55,23277.55,23277.55,0.0,23277.55,0.0,0.0,23277.55,1.0,0.0,0.0,0.0,pre,1,0,0,0,0,0,1,ZERO_VOL,58.0
2026-03-25 09:48:26.025888,09:48,25,3,2026,2,5,23281.95,23281.95,23281.95,23281.95,0.0,23281.95,0.0,0.0,23281.95,1.0,0.0,0.0,0.0,pre,1,0,0,0,0,0,1,ZERO_VOL,143.7
2026-03-25 09:48:26.167181,09:48,25,3,2026,2,5,23281.95,23281.95,23281.95,23281.95,0.0,23281.95,0.0,0.0,23281.95,1.0,0.0,0.0,0.0,pre,1,0,0,0,0,0,1,ZERO_VOL,140.8
2026-03-25 09:48:26.274592,09:48,25,3,2026,2,5,23281.35,23281.35,23281.35,23281.35,0.0,23281.35,0.0,0.0,23281.35,1.0,0.0,0.0,0.0,pre,1,0,0,0,0,0,1,ZERO_VOL,106.9
2026-03-25 09:48:26.364987,09:48,25,3,2026,2,5,23281.5,23281.5,23281.5,23281.5,0.0,23281.5,0.0,0.0,23281.5,1.0,0.0,0.0,0.0,pre,1,0,0,0,0,0,1,ZERO_VOL,89.9
2026-03-25 09:48:26.521940,09:48,25,3,2026,2,5,23281.5,23281.5,23281.5,23281.5,0.0,23281.5,0.0,0.0,23281.5,1.0,0.0,0.0,0.0,pre,1,0,0,0,0,0,1,ZERO_VOL,156.5
2026-03-25 09:48:28.571594,09:48,25,3,2026,2,5,23279.25,23279.25,23279.25,23279.25,0.0,23279.25,0.0,0.0,23279.25,1.0,0.0,0.0,0.0,pre,1,0,0,0,0,0,1,ZERO_VOL,82.4
2026-03-25 09:48:28.639061,09:48,25,3,2026,2,5,23281.5,23281.5,23281.5,23281.5,0.0,23281.5,0.0,0.0,23281.5,1.0,0.0,0.0,0.0,pre,1,0,0,0,0,0,1,ZERO_VOL,67.0
2026-03-25 09:48:28.815376,09:48,25,3,2026,2,5,23279.2,23279.2,23279.2,23279.2,0.0,23279.2,0.0,0.0,23279.2,1.0,0.0,0.0,0.0,pre,1,0,0,0,0,0,1,ZERO_VOL,175.9
2026-03-25 09:48:28.994365,09:48,25,3,2026,2,5,23279.2,23279.2,23279.2,23279.2,0.0,23279.2,0.0,0.0,23279.2,1.0,0.0,0.0,0.0,pre,1,0,0,0,0,0,1,ZERO_VOL,178.5
2026-03-25 09:48:29.099747,09:48,25,3,2026,2,5,23278.5,23278.5,23278.5,23278.5,0.0,23278.5,0.0,0.0,23278.5,1.0,0.0,0.0,0.0,pre,1,0,0,0,0,0,1,ZERO_VOL,104.9
2026-03-25 09:48:31.417846,09:48,25,3,2026,2,5,23281.95,23281.95,23281.95,23281.95,0.0,23281.95,0.0,0.0,23281.95,1.0,0.0,0.0,0.0,pre,1,0,0,0,0,0,1,ZERO_VOL,106.7
2026-03-25 09:48:31.508733,09:48,25,3,2026,2,5,23281.95,23281.95,23281.95,23281.95,0.0,23281.95,0.0,0.0,23281.95,1.0,0.0,0.0,0.0,pre,1,0,0,0,0,0,1,ZERO_VOL,90.4
2026-03-25 09:48:31.614097,09:48,25,3,2026,2,5,23281.95,23281.95,23281.95,23281.95,0.0,23281.95,0.0,0.0,23281.95,1.0,0.0,0.0,0.0,pre,1,0,0,0,0,0,1,ZERO_VOL,104.9
2026-03-25 09:48:31.777506,09:48,25,3,2026,2,5,23281.95,23281.95,23281.95,23281.95,0.0,23281.95,0.0,0.0,23281.95,1.0,0.0,0.0,0.0,pre,1,0,0,0,0,0,1,ZERO_VOL,162.8
2026-03-25 09:48:31.901369,09:48,25,3,2026,2,5,23279.65,23279.65,23279.65,23279.65,0.0,23279.65,0.0,0.0,23279.65,1.0,0.0,0.0,0.0,pre,1,0,0,0,0,0,1,ZERO_VOL,123.2
2026-03-25 09:48:33.980256,09:48,25,3,2026,2,5,23279.45,23279.45,23279.45,23279.45,0.0,23279.45,0.0,0.0,23279.45,1.0,0.0,0.0,0.0,pre,1,0,0,0,0,0,1,ZERO_VOL,102.0
2026-03-25 09:48:34.077147,09:48,25,3,2026,2,5,23280.75,23280.75,23280.75,23280.75,0.0,23280.75,0.0,0.0,23280.75,1.0,0.0,0.0,0.0,pre,1,0,0,0,0,0,1,ZERO_VOL,96.4
2026-03-25 09:48:34.221429,09:48,25,3,2026,2,5,23280.75,23280.75,23280.75,23280.75,0.0,23280.75,0.0,0.0,23280.75,1.0,0.0,0.0,0.0,pre,1,0,0,0,0,0,1,ZERO_VOL,143.8
2026-03-25 09:48:34.281803,09:48,25,3,2026,2,5,23279.2,23279.2,23279.2,23279.2,0.0,23279.2,0.0,0.0,23279.2,1.0,0.0,0.0,0.0,pre,1,0,0,0,0,0,1,ZERO_VOL,59.8
2026-03-25 09:48:34.426873,09:48,25,3,2026,2,5,23280.1,23280.1,23280.1,23280.1,0.0,23280.1,0.0,0.0,23280.1,1.0,0.0,0.0,0.0,pre,1,0,0,0,0,0,1,ZERO_VOL,144.6
2026-03-25 09:48:37.024783,09:48,25,3,2026,2,5,23281.95,23281.95,23281.95,23281.95,0.0,23281.95,0.0,0.0,23281.95,1.0,0.0,0.0,0.0,pre,1,0,0,0,0,0,1,ZERO_VOL,58.3
2026-03-25 09:48:37.078618,09:48,25,3,2026,2,5,23280.75,23280.75,23280.75,23280.75,0.0,23280.75,0.0,0.0,23280.75,1.0,0.0,0.0,0.0,pre,1,0,0,0,0,0,1,ZERO_VOL,53.4
2026-03-25 09:48:37.164747,09:48,25,3,2026,2,5,23279.15,23279.15,23279.15,23279.15,0.0,23279.15,0.0,0.0,23279.15,1.0,0.0,0.0,0.0,pre,1,0,0,0,0,0,1,ZERO_VOL,85.6
2026-03-25 09:48:37.272148,09:48,25,3,2026,2,5,23279.15,23279.15,23279.15,23279.15,0.0,23279.15,0.0,0.0,23279.15,1.0,0.0,0.0,0.0,pre,1,0,0,0,0,0,1,ZERO_VOL,107.0
2026-03-25 09:48:37.386639,09:48,25,3,2026,2,5,23280.0,23280.0,23280.0,23280.0,0.0,23280.0,0.0,0.0,23280.0,1.0,0.0,0.0,0.0,pre,1,0,0,0,0,0,1,ZERO_VOL,113.9
2026-03-25 09:48:39.458786,09:48,25,3,2026,2,5,23279.65,23279.65,23279.65,23279.65,0.0,23279.65,0.0,0.0,23279.65,1.0,0.0,0.0,0.0,pre,1,0,0,0,0,0,1,ZERO_VOL,57.4
2026-03-25 09:48:39.533389,09:48,25,3,2026,2,5,23278.65,23278.65,23278.65,23278.65,0.0,23278.65,0.0,0.0,23278.65,1.0,0.0,0.0,0.0,pre,1,0,0,0,0,0,1,ZERO_VOL,74.2
2026-03-25 09:48:39.713245,09:48,25,3,2026,2,5,23278.7,23278.7,23278.7,23278.7,0.0,23278.7,0.0,0.0,23278.7,1.0,0.0,0.0,0.0,pre,1,0,0,0,0,0,1,ZERO_VOL,178.9
2026-03-25 09:48:39.814944,09:48,25,3,2026,2,5,23278.65,23278.65,23278.65,23278.65,0.0,23278.65,0.0,0.0,23278.65,1.0,0.0,0.0,0.0,pre,1,0,0,0,0,0,1,ZERO_VOL,100.5
2026-03-25 09:48:39.872810,09:48,25,3,2026,2,5,23279.45,23279.45,23279.45,23279.45,0.0,23279.45,0.0,0.0,23279.45,1.0,0.0,0.0,0.0,pre,1,0,0,0,0,0,1,ZERO_VOL,57.4
2026-03-25 09:48:42.110552,09:48,25,3,2026,2,5,23280.3,23280.3,23280.3,23280.3,0.0,23280.3,0.0,0.0,23280.3,1.0,0.0,0.0,0.0,pre,1,0,0,0,0,0,1,ZERO_VOL,103.9
2026-03-25 09:48:42.203542,09:48,25,3,2026,2,5,23280.3,23280.3,23280.3,23280.3,0.0,23280.3,0.0,0.0,23280.3,1.0,0.0,0.0,0.0,pre,1,0,0,0,0,0,1,ZERO_VOL,92.5
2026-03-25 09:48:42.329846,09:48,25,3,2026,2,5,23280.1,23280.1,23280.1,23280.1,0.0,23280.1,0.0,0.0,23280.1,1.0,0.0,0.0,0.0,pre,1,0,0,0,0,0,1,ZERO_VOL,125.8
2026-03-25 09:48:42.428789,09:48,25,3,2026,2,5,23280.3,23280.3,23280.3,23280.3,0.0,23280.3,0.0,0.0,23280.3,1.0,0.0,0.0,0.0,pre,1,0,0,0,0,0,1,ZERO_VOL,98.4
2026-03-25 09:48:42.512614,09:48,25,3,2026,2,5,23280.75,23280.75,23280.75,23280.75,0.0,23280.75,0.0,0.0,23280.75,1.0,0.0,0.0,0.0,pre,1,0,0,0,0,0,1,ZERO_VOL,83.3
2026-03-25 09:48:44.726019,09:48,25,3,2026,2,5,23278.85,23278.85,23278.85,23278.85,0.0,23278.85,0.0,0.0,23278.85,1.0,0.0,0.0,0.0,pre,1,0,0,0,0,0,1,ZERO_VOL,145.2
2026-03-25 09:48:44.834477,09:48,25,3,2026,2,5,23278.85,23278.85,23278.85,23278.85,0.0,23278.85,0.0,0.0,23278.85,1.0,0.0,0.0,0.0,pre,1,0,0,0,0,0,1,ZERO_VOL,107.8
2026-03-25 09:48:44.892996,09:48,25,3,2026,2,5,23280.3,23280.3,23280.3,23280.3,0.0,23280.3,0.0,0.0,23280.3,1.0,0.0,0.0,0.0,pre,1,0,0,0,0,0,1,ZERO_VOL,58.0
2026-03-25 09:48:45.021254,09:48,25,3,2026,2,5,23278.85,23278.85,23278.85,23278.85,0.0,23278.85,0.0,0.0,23278.85,1.0,0.0,0.0,0.0,pre,1,0,0,0,0,0,1,ZERO_VOL,127.7
2026-03-25 09:48:45.136517,09:48,25,3,2026,2,5,23280.3,23280.3,23280.3,23280.3,0.0,23280.3,0.0,0.0,23280.3,1.0,0.0,0.0,0.0,pre,1,0,0,0,0,0,1,ZERO_VOL,114.8
2026-03-25 09:48:47.295145,09:48,25,3,2026,2,5,23281.45,23281.45,23281.45,23281.45,0.0,23281.45,0.0,0.0,23281.45,1.0,0.0,0.0,0.0,pre,1,0,0,0,0,0,1,ZERO_VOL,91.8
2026-03-25 09:48:47.393442,09:48,25,3,2026,2,5,23281.45,23281.45,23281.45,23281.45,0.0,23281.45,0.0,0.0,23281.45,1.0,0.0,0.0,0.0,pre,1,0,0,0,0,0,1,ZERO_VOL,97.8
2026-03-25 09:48:47.529339,09:48,25,3,2026,2,5,23281.45,23281.45,23281.45,23281.45,0.0,23281.45,0.0,0.0,23281.45,1.0,0.0,0.0,0.0,pre,1,0,0,0,0,0,1,ZERO_VOL,135.4
2026-03-25 09:48:47.609271,09:48,25,3,2026,2,5,23281.45,23281.45,23281.45,23281.45,0.0,23281.45,0.0,0.0,23281.45,1.0,0.0,0.0,0.0,pre,1,0,0,0,0,0,1,ZERO_VOL,79.2
2026-03-25 09:48:47.675519,09:48,25,3,2026,2,5,23281.45,23281.45,23281.45,23281.45,0.0,23281.45,0.0,0.0,23281.45,1.0,0.0,0.0,0.0,pre,1,0,0,0,0,0,1,ZERO_VOL,65.8
2026-03-25 09:48:49.983378,09:48,25,3,2026,2,5,23281.95,23281.95,23281.95,23281.95,0.0,23281.95,0.0,0.0,23281.95,1.0,0.0,0.0,0.0,pre,1,0,0,0,0,0,1,ZERO_VOL,106.0
2026-03-25 09:48:50.036962,09:48,25,3,2026,2,5,23278.85,23278.85,23278.85,23278.85,0.0,23278.85,0.0,0.0,23278.85,1.0,0.0,0.0,0.0,pre,1,0,0,0,0,0,1,ZERO_VOL,53.1
2026-03-25 09:48:50.151429,09:48,25,3,2026,2,5,23282.0,23282.0,23282.0,23282.0,0.0,23282.0,0.0,0.0,23282.0,1.0,0.0,0.0,0.0,pre,1,0,0,0,0,0,1,ZERO_VOL,114.0
2026-03-25 09:48:50.318110,09:48,25,3,2026,2,5,23282.7,23282.7,23282.7,23282.7,0.0,23282.7,0.0,0.0,23282.7,1.0,0.0,0.0,0.0,pre,1,0,0,0,0,0,1,ZERO_VOL,166.1
2026-03-25 09:48:50.375621,09:48,25,3,2026,2,5,23281.45,23281.45,23281.45,23281.45,0.0,23281.45,0.0,0.0,23281.45,1.0,0.0,0.0,0.0,pre,1,0,0,0,0,0,1,ZERO_VOL,57.0
2026-03-25 09:48:52.735409,09:48,25,3,2026,2,5,23277.3,23277.3,23277.3,23277.3,0.0,23277.3,0.0,0.0,23277.3,1.0,0.0,0.0,0.0,pre,1,0,0,0,0,0,1,ZERO_VOL,154.9
2026-03-25 09:48:52.824884,09:48,25,3,2026,2,5,23280.3,23280.3,23280.3,23280.3,0.0,23280.3,0.0,0.0,23280.3,1.0,0.0,0.0,0.0,pre,1,0,0,0,0,0,1,ZERO_VOL,89.0
2026-03-25 09:48:52.973393,09:48,25,3,2026,2,5,23277.3,23277.3,23277.3,23277.3,0.0,23277.3,0.0,0.0,23277.3,1.0,0.0,0.0,0.0,pre,1,0,0,0,0,0,1,ZERO_VOL,148.0
2026-03-25 09:48:53.028984,09:48,25,3,2026,2,5,23281.95,23281.95,23281.95,23281.95,0.0,23281.95,0.0,0.0,23281.95,1.0,0.0,0.0,0.0,pre,1,0,0,0,0,0,1,ZERO_VOL,55.0
2026-03-25 09:48:53.085962,09:48,25,3,2026,2,5,23277.3,23277.3,23277.3,23277.3,0.0,23277.3,0.0,0.0,23277.3,1.0,0.0,0.0,0.0,pre,1,0,0,0,0,0,1,ZERO_VOL,56.3
2026-03-25 09:48:55.600252,09:48,25,3,2026,2,5,23276.3,23276.3,23276.3,23276.3,0.0,23276.3,0.0,0.0,23276.3,1.0,0.0,0.0,0.0,pre,1,0,0,0,0,0,1,ZERO_VOL,83.8
2026-03-25 09:48:55.659234,09:48,25,3,2026,2,5,23281.45,23281.45,23281.45,23281.45,0.0,23281.45,0.0,0.0,23281.45,1.0,0.0,0.0,0.0,pre,1,0,0,0,0,0,1,ZERO_VOL,58.5
2026-03-25 09:48:55.726585,09:48,25,3,2026,2,5,23280.3,23280.3,23280.3,23280.3,0.0,23280.3,0.0,0.0,23280.3,1.0,0.0,0.0,0.0,pre,1,0,0,0,0,0,1,ZERO_VOL,66.6
2026-03-25 09:48:55.916979,09:48,25,3,2026,2,5,23278.35,23278.35,23278.35,23278.35,0.0,23278.35,0.0,0.0,23278.35,1.0,0.0,0.0,0.0,pre,1,0,0,0,0,0,1,ZERO_VOL,189.8
2026-03-25 09:48:56.066200,09:48,25,3,2026,2,5,23278.35,23278.35,23278.35,23278.35,0.0,23278.35,0.0,0.0,23278.35,1.0,0.0,0.0,0.0,pre,1,0,0,0,0,0,1,ZERO_VOL,148.7
2026-03-25 09:48:58.138689,09:48,25,3,2026,2,5,23279.5,23279.5,23279.5,23279.5,0.0,23279.5,0.0,0.0,23279.5,1.0,0.0,0.0,0.0,pre,1,0,0,0,0,0,1,ZERO_VOL,147.5
2026-03-25 09:48:58.236184,09:48,25,3,2026,2,5,23279.05,23279.05,23279.05,23279.05,0.0,23279.05,0.0,0.0,23279.05,1.0,0.0,0.0,0.0,pre,1,0,0,0,0,0,1,ZERO_VOL,97.0
2026-03-25 09:48:58.394963,09:48,25,3,2026,2,5,23279.05,23279.05,23279.05,23279.05,0.0,23279.05,0.0,0.0,23279.05,1.0,0.0,0.0,0.0,pre,1,0,0,0,0,0,1,ZERO_VOL,158.3
2026-03-25 09:48:58.450414,09:48,25,3,2026,2,5,23277.3,23277.3,23277.3,23277.3,0.0,23277.3,0.0,0.0,23277.3,1.0,0.0,0.0,0.0,pre,1,0,0,0,0,0,1,ZERO_VOL,55.0
2026-03-25 09:48:58.613427,09:48,25,3,2026,2,5,23279.05,23279.05,23279.05,23279.05,0.0,23279.05,0.0,0.0,23279.05,1.0,0.0,0.0,0.0,pre,1,0,0,0,0,0,1,ZERO_VOL,162.5
2026-03-25 09:49:01.137364,09:49,25,3,2026,2,5,23277.95,23283.25,23275.35,23276.8,0.0,23278.47,7.9,-0.0049,23278.47,1.0003,14.54,5.3,1.45,pre,1,0,0,0,0,0,1,ZERO_VOL,178.5
2026-03-25 09:49:01.308156,09:49,25,3,2026,2,5,23277.95,23283.25,23275.35,23276.8,0.0,23278.47,7.9,-0.0049,23278.47,1.0003,14.54,5.3,1.45,pre,1,0,0,0,0,0,1,ZERO_VOL,170.3
2026-03-25 09:49:01.362153,09:49,25,3,2026,2,5,23279.05,23279.05,23279.05,23279.05,0.0,23279.05,0.0,0.0,23279.05,1.0,0.0,0.0,0.0,pre,1,0,0,0,0,0,1,ZERO_VOL,53.5
2026-03-25 09:49:01.427770,09:49,25,3,2026,2,5,23277.3,23277.3,23277.3,23277.3,0.0,23277.3,0.0,0.0,23277.3,1.0,0.0,0.0,0.0,pre,1,0,0,0,0,0,1,ZERO_VOL,65.0
2026-03-25 09:49:01.515161,09:49,25,3,2026,2,5,23277.95,23283.25,23275.35,23276.8,0.0,23278.47,7.9,-0.0049,23278.47,1.0003,14.54,5.3,1.45,pre,1,0,0,0,0,0,1,ZERO_VOL,86.9
2026-03-25 09:49:04.029498,09:49,25,3,2026,2,5,23278.35,23278.35,23278.35,23278.35,0.0,23278.35,0.0,0.0,23278.35,1.0,0.0,0.0,0.0,pre,1,0,0,0,0,0,1,ZERO_VOL,67.1
2026-03-25 09:49:04.146867,09:49,25,3,2026,2,5,23271.05,23271.05,23271.05,23271.05,0.0,23271.05,0.0,0.0,23271.05,1.0,0.0,0.0,0.0,pre,1,0,0,0,0,0,1,ZERO_VOL,116.9
2026-03-25 09:49:04.252972,09:49,25,3,2026,2,5,23279.05,23279.05,23279.05,23279.05,0.0,23279.05,0.0,0.0,23279.05,1.0,0.0,0.0,0.0,pre,1,0,0,0,0,0,1,ZERO_VOL,105.6
2026-03-25 09:49:04.330478,09:49,25,3,2026,2,5,23279.05,23279.05,23279.05,23279.05,0.0,23279.05,0.0,0.0,23279.05,1.0,0.0,0.0,0.0,pre,1,0,0,0,0,0,1,ZERO_VOL,76.8
2026-03-25 09:49:04.445018,09:49,25,3,2026,2,5,23271.05,23271.05,23271.05,23271.05,0.0,23271.05,0.0,0.0,23271.05,1.0,0.0,0.0,0.0,pre,1,0,0,0,0,0,1,ZERO_VOL,114.1
2026-03-25 09:49:07.087420,09:49,25,3,2026,2,5,23268.65,23268.65,23268.65,23268.65,0.0,23268.65,0.0,0.0,23268.65,1.0,0.0,0.0,0.0,pre,1,0,0,0,0,0,1,ZERO_VOL,83.1
2026-03-25 09:49:07.176690,09:49,25,3,2026,2,5,23268.65,23268.65,23268.65,23268.65,0.0,23268.65,0.0,0.0,23268.65,1.0,0.0,0.0,0.0,pre,1,0,0,0,0,0,1,ZERO_VOL,88.7
2026-03-25 09:49:07.234328,09:49,25,3,2026,2,5,23279.05,23279.05,23279.05,23279.05,0.0,23279.05,0.0,0.0,23279.05,1.0,0.0,0.0,0.0,pre,1,0,0,0,0,0,1,ZERO_VOL,57.2
2026-03-25 09:49:07.289277,09:49,25,3,2026,2,5,23271.05,23271.05,23271.05,23271.05,0.0,23271.05,0.0,0.0,23271.05,1.0,0.0,0.0,0.0,pre,1,0,0,0,0,0,1,ZERO_VOL,54.4
2026-03-25 09:49:07.344928,09:49,25,3,2026,2,5,23277.95,23283.25,23275.35,23276.8,0.0,23278.47,7.9,-0.0049,23278.47,1.0003,14.54,5.3,1.45,pre,1,0,0,0,0,0,1,ZERO_VOL,55.2
2026-03-25 09:49:09.427107,09:49,25,3,2026,2,5,23266.05,23266.05,23266.05,23266.05,0.0,23266.05,0.0,0.0,23266.05,1.0,0.0,0.0,0.0,pre,1,0,0,0,0,0,1,ZERO_VOL,83.7
2026-03-25 09:49:09.481963,09:49,25,3,2026,2,5,23271.05,23271.05,23271.05,23271.05,0.0,23271.05,0.0,0.0,23271.05,1.0,0.0,0.0,0.0,pre,1,0,0,0,0,0,1,ZERO_VOL,54.4
2026-03-25 09:49:09.608226,09:49,25,3,2026,2,5,23267.45,23267.45,23267.45,23267.45,0.0,23267.45,0.0,0.0,23267.45,1.0,0.0,0.0,0.0,pre,1,0,0,0,0,0,1,ZERO_VOL,125.2
2026-03-25 09:49:09.760186,09:49,25,3,2026,2,5,23267.45,23267.45,23267.45,23267.45,0.0,23267.45,0.0,0.0,23267.45,1.0,0.0,0.0,0.0,pre,1,0,0,0,0,0,1,ZERO_VOL,151.3
2026-03-25 09:49:09.881843,09:49,25,3,2026,2,5,23267.45,23267.45,23267.45,23267.45,0.0,23267.45,0.0,0.0,23267.45,1.0,0.0,0.0,0.0,pre,1,0,0,0,0,0,1,ZERO_VOL,121.2
2026-03-25 09:49:12.188522,09:49,25,3,2026,2,5,23271.05,23271.05,23271.05,23271.05,0.0,23271.05,0.0,0.0,23271.05,1.0,0.0,0.0,0.0,pre,1,0,0,0,0,0,1,ZERO_VOL,55.3
2026-03-25 09:49:12.287506,09:49,25,3,2026,2,5,23268.1,23268.1,23268.1,23268.1,0.0,23268.1,0.0,0.0,23268.1,1.0,0.0,0.0,0.0,pre,1,0,0,0,0,0,1,ZERO_VOL,98.5
2026-03-25 09:49:12.464414,09:49,25,3,2026,2,5,23269.05,23269.05,23269.05,23269.05,0.0,23269.05,0.0,0.0,23269.05,1.0,0.0,0.0,0.0,pre,1,0,0,0,0,0,1,ZERO_VOL,176.3
2026-03-25 09:49:12.640232,09:49,25,3,2026,2,5,23267.35,23267.35,23267.35,23267.35,0.0,23267.35,0.0,0.0,23267.35,1.0,0.0,0.0,0.0,pre,1,0,0,0,0,0,1,ZERO_VOL,175.2
2026-03-25 09:49:12.697294,09:49,25,3,2026,2,5,23267.45,23267.45,23267.45,23267.45,0.0,23267.45,0.0,0.0,23267.45,1.0,0.0,0.0,0.0,pre,1,0,0,0,0,0,1,ZERO_VOL,56.3
2026-03-25 09:49:14.927327,09:49,25,3,2026,2,5,23269.65,23269.65,23269.65,23269.65,0.0,23269.65,0.0,0.0,23269.65,1.0,0.0,0.0,0.0,pre,1,0,0,0,0,0,1,ZERO_VOL,144.4
2026-03-25 09:49:15.019988,09:49,25,3,2026,2,5,23269.2,23269.2,23269.2,23269.2,0.0,23269.2,0.0,0.0,23269.2,1.0,0.0,0.0,0.0,pre,1,0,0,0,0,0,1,ZERO_VOL,92.2
2026-03-25 09:49:15.076572,09:49,25,3,2026,2,5,23269.05,23269.05,23269.05,23269.05,0.0,23269.05,0.0,0.0,23269.05,1.0,0.0,0.0,0.0,pre,1,0,0,0,0,0,1,ZERO_VOL,56.0
2026-03-25 09:49:15.152458,09:49,25,3,2026,2,5,23267.45,23267.45,23267.45,23267.45,0.0,23267.45,0.0,0.0,23267.45,1.0,0.0,0.0,0.0,pre,1,0,0,0,0,0,1,ZERO_VOL,75.4
2026-03-25 09:49:15.278781,09:49,25,3,2026,2,5,23269.65,23269.65,23269.65,23269.65,0.0,23269.65,0.0,0.0,23269.65,1.0,0.0,0.0,0.0,pre,1,0,0,0,0,0,1,ZERO_VOL,125.8
2026-03-25 09:49:17.346959,09:49,25,3,2026,2,5,23272.45,23272.45,23272.45,23272.45,0.0,23272.45,0.0,0.0,23272.45,1.0,0.0,0.0,0.0,pre,1,0,0,0,0,0,1,ZERO_VOL,93.1
2026-03-25 09:49:17.441761,09:49,25,3,2026,2,5,23272.45,23272.45,23272.45,23272.45,0.0,23272.45,0.0,0.0,23272.45,1.0,0.0,0.0,0.0,pre,1,0,0,0,0,0,1,ZERO_VOL,94.3
2026-03-25 09:49:17.531238,09:49,25,3,2026,2,5,23272.45,23272.45,23272.45,23272.45,0.0,23272.45,0.0,0.0,23272.45,1.0,0.0,0.0,0.0,pre,1,0,0,0,0,0,1,ZERO_VOL,88.9
2026-03-25 09:49:17.584862,09:49,25,3,2026,2,5,23272.45,23272.45,23272.45,23272.45,0.0,23272.45,0.0,0.0,23272.45,1.0,0.0,0.0,0.0,pre,1,0,0,0,0,0,1,ZERO_VOL,53.1
2026-03-25 09:49:17.686140,09:49,25,3,2026,2,5,23272.45,23272.45,23272.45,23272.45,0.0,23272.45,0.0,0.0,23272.45,1.0,0.0,0.0,0.0,pre,1,0,0,0,0,0,1,ZERO_VOL,100.8
2026-03-25 09:49:20.139897,09:49,25,3,2026,2,5,23269.65,23269.65,23269.65,23269.65,0.0,23269.65,0.0,0.0,23269.65,1.0,0.0,0.0,0.0,pre,1,0,0,0,0,0,1,ZERO_VOL,53.8
2026-03-25 09:49:20.322544,09:49,25,3,2026,2,5,23268.55,23268.55,23268.55,23268.55,0.0,23268.55,0.0,0.0,23268.55,1.0,0.0,0.0,0.0,pre,1,0,0,0,0,0,1,ZERO_VOL,182.2
2026-03-25 09:49:20.377391,09:49,25,3,2026,2,5,23269.05,23269.05,23269.05,23269.05,0.0,23269.05,0.0,0.0,23269.05,1.0,0.0,0.0,0.0,pre,1,0,0,0,0,0,1,ZERO_VOL,54.3
2026-03-25 09:49:20.481651,09:49,25,3,2026,2,5,23270.15,23270.15,23270.15,23270.15,0.0,23270.15,0.0,0.0,23270.15,1.0,0.0,0.0,0.0,pre,1,0,0,0,0,0,1,ZERO_VOL,103.8
2026-03-25 09:49:20.606041,09:49,25,3,2026,2,5,23268.0,23268.0,23268.0,23268.0,0.0,23268.0,0.0,0.0,23268.0,1.0,0.0,0.0,0.0,pre,1,0,0,0,0,0,1,ZERO_VOL,123.9
2026-03-25 09:49:22.682247,09:49,25,3,2026,2,5,23265.95,23265.95,23265.95,23265.95,0.0,23265.95,0.0,0.0,23265.95,1.0,0.0,0.0,0.0,pre,1,0,0,0,0,0,1,ZERO_VOL,96.9
2026-03-25 09:49:22.832394,09:49,25,3,2026,2,5,23267.1,23267.1,23267.1,23267.1,0.0,23267.1,0.0,0.0,23267.1,1.0,0.0,0.0,0.0,pre,1,0,0,0,0,0,1,ZERO_VOL,149.7
2026-03-25 09:49:22.977723,09:49,25,3,2026,2,5,23267.1,23267.1,23267.1,23267.1,0.0,23267.1,0.0,0.0,23267.1,1.0,0.0,0.0,0.0,pre,1,0,0,0,0,0,1,ZERO_VOL,144.8
2026-03-25 09:49:23.073438,09:49,25,3,2026,2,5,23267.05,23267.05,23267.05,23267.05,0.0,23267.05,0.0,0.0,23267.05,1.0,0.0,0.0,0.0,pre,1,0,0,0,0,0,1,ZERO_VOL,95.2
2026-03-25 09:49:23.169647,09:49,25,3,2026,2,5,23267.05,23267.05,23267.05,23267.05,0.0,23267.05,0.0,0.0,23267.05,1.0,0.0,0.0,0.0,pre,1,0,0,0,0,0,1,ZERO_VOL,95.7
2026-03-25 09:49:25.502454,09:49,25,3,2026,2,5,23265.7,23265.7,23265.7,23265.7,0.0,23265.7,0.0,0.0,23265.7,1.0,0.0,0.0,0.0,pre,1,0,0,0,0,0,1,ZERO_VOL,98.3
2026-03-25 09:49:25.558895,09:49,25,3,2026,2,5,23269.65,23269.65,23269.65,23269.65,0.0,23269.65,0.0,0.0,23269.65,1.0,0.0,0.0,0.0,pre,1,0,0,0,0,0,1,ZERO_VOL,55.8
2026-03-25 09:49:25.646196,09:49,25,3,2026,2,5,23265.7,23265.7,23265.7,23265.7,0.0,23265.7,0.0,0.0,23265.7,1.0,0.0,0.0,0.0,pre,1,0,0,0,0,0,1,ZERO_VOL,86.8
2026-03-25 09:49:25.749793,09:49,25,3,2026,2,5,23265.7,23265.7,23265.7,23265.7,0.0,23265.7,0.0,0.0,23265.7,1.0,0.0,0.0,0.0,pre,1,0,0,0,0,0,1,ZERO_VOL,102.8
2026-03-25 09:49:25.828152,09:49,25,3,2026,2,5,23267.1,23267.1,23267.1,23267.1,0.0,23267.1,0.0,0.0,23267.1,1.0,0.0,0.0,0.0,pre,1,0,0,0,0,0,1,ZERO_VOL,77.9
2026-03-25 09:49:28.122526,09:49,25,3,2026,2,5,23267.55,23267.55,23267.55,23267.55,0.0,23267.55,0.0,0.0,23267.55,1.0,0.0,0.0,0.0,pre,1,0,0,0,0,0,1,ZERO_VOL,186.1
2026-03-25 09:49:28.245528,09:49,25,3,2026,2,5,23266.4,23266.4,23266.4,23266.4,0.0,23266.4,0.0,0.0,23266.4,1.0,0.0,0.0,0.0,pre,1,0,0,0,0,0,1,ZERO_VOL,122.5
2026-03-25 09:49:28.334343,09:49,25,3,2026,2,5,23267.05,23267.05,23267.05,23267.05,0.0,23267.05,0.0,0.0,23267.05,1.0,0.0,0.0,0.0,pre,1,0,0,0,0,0,1,ZERO_VOL,88.3
2026-03-25 09:49:28.432476,09:49,25,3,2026,2,5,23267.4,23267.4,23267.4,23267.4,0.0,23267.4,0.0,0.0,23267.4,1.0,0.0,0.0,0.0,pre,1,0,0,0,0,0,1,ZERO_VOL,97.6
2026-03-25 09:49:28.577929,09:49,25,3,2026,2,5,23267.0,23267.0,23267.0,23267.0,0.0,23267.0,0.0,0.0,23267.0,1.0,0.0,0.0,0.0,pre,1,0,0,0,0,0,1,ZERO_VOL,145.0
2026-03-25 09:49:30.488778,09:49,25,3,2026,2,5,23268.3,23268.3,23268.3,23268.3,0.0,23268.3,0.0,0.0,23268.3,1.0,0.0,0.0,0.0,pre,1,0,0,0,0,0,1,ZERO_VOL,85.4
2026-03-25 09:49:30.645358,09:49,25,3,2026,2,5,23268.3,23268.3,23268.3,23268.3,0.0,23268.3,0.0,0.0,23268.3,1.0,0.0,0.0,0.0,pre,1,0,0,0,0,0,1,ZERO_VOL,156.1
2026-03-25 09:49:30.821093,09:49,25,3,2026,2,5,23269.05,23269.05,23269.05,23269.05,0.0,23269.05,0.0,0.0,23269.05,1.0,0.0,0.0,0.0,pre,1,0,0,0,0,0,1,ZERO_VOL,175.1
2026-03-25 09:49:30.878506,09:49,25,3,2026,2,5,23266.4,23266.4,23266.4,23266.4,0.0,23266.4,0.0,0.0,23266.4,1.0,0.0,0.0,0.0,pre,1,0,0,0,0,0,1,ZERO_VOL,56.9
2026-03-25 09:49:30.936078,09:49,25,3,2026,2,5,23265.7,23265.7,23265.7,23265.7,0.0,23265.7,0.0,0.0,23265.7,1.0,0.0,0.0,0.0,pre,1,0,0,0,0,0,1,ZERO_VOL,57.1
2026-03-25 09:49:33.387817,09:49,25,3,2026,2,5,23268.05,23268.05,23268.05,23268.05,0.0,23268.05,0.0,0.0,23268.05,1.0,0.0,0.0,0.0,pre,1,0,0,0,0,0,1,ZERO_VOL,127.7
2026-03-25 09:49:33.475460,09:49,25,3,2026,2,5,23268.05,23268.05,23268.05,23268.05,0.0,23268.05,0.0,0.0,23268.05,1.0,0.0,0.0,0.0,pre,1,0,0,0,0,0,1,ZERO_VOL,87.2
2026-03-25 09:49:33.535689,09:49,25,3,2026,2,5,23265.7,23265.7,23265.7,23265.7,0.0,23265.7,0.0,0.0,23265.7,1.0,0.0,0.0,0.0,pre,1,0,0,0,0,0,1,ZERO_VOL,59.6
2026-03-25 09:49:33.669770,09:49,25,3,2026,2,5,23268.05,23268.05,23268.05,23268.05,0.0,23268.05,0.0,0.0,23268.05,1.0,0.0,0.0,0.0,pre,1,0,0,0,0,0,1,ZERO_VOL,133.6
2026-03-25 09:49:33.772767,09:49,25,3,2026,2,5,23268.05,23268.05,23268.05,23268.05,0.0,23268.05,0.0,0.0,23268.05,1.0,0.0,0.0,0.0,pre,1,0,0,0,0,0,1,ZERO_VOL,102.5
2026-03-25 09:49:36.119537,09:49,25,3,2026,2,5,23266.25,23266.25,23266.25,23266.25,0.0,23266.25,0.0,0.0,23266.25,1.0,0.0,0.0,0.0,pre,1,0,0,0,0,0,1,ZERO_VOL,182.4
2026-03-25 09:49:36.209736,09:49,25,3,2026,2,5,23267.2,23267.2,23267.2,23267.2,0.0,23267.2,0.0,0.0,23267.2,1.0,0.0,0.0,0.0,pre,1,0,0,0,0,0,1,ZERO_VOL,89.7
2026-03-25 09:49:36.358608,09:49,25,3,2026,2,5,23266.25,23266.25,23266.25,23266.25,0.0,23266.25,0.0,0.0,23266.25,1.0,0.0,0.0,0.0,pre,1,0,0,0,0,0,1,ZERO_VOL,148.3
2026-03-25 09:49:36.431418,09:49,25,3,2026,2,5,23266.25,23266.25,23266.25,23266.25,0.0,23266.25,0.0,0.0,23266.25,1.0,0.0,0.0,0.0,pre,1,0,0,0,0,0,1,ZERO_VOL,72.4
2026-03-25 09:49:36.538658,09:49,25,3,2026,2,5,23267.2,23267.2,23267.2,23267.2,0.0,23267.2,0.0,0.0,23267.2,1.0,0.0,0.0,0.0,pre,1,0,0,0,0,0,1,ZERO_VOL,106.5
2026-03-25 09:49:38.342300,09:49,25,3,2026,2,5,23267.05,23267.05,23267.05,23267.05,0.0,23267.05,0.0,0.0,23267.05,1.0,0.0,0.0,0.0,pre,1,0,0,0,0,0,1,ZERO_VOL,114.9
2026-03-25 09:49:38.492240,09:49,25,3,2026,2,5,23266.2,23266.2,23266.2,23266.2,0.0,23266.2,0.0,0.0,23266.2,1.0,0.0,0.0,0.0,pre,1,0,0,0,0,0,1,ZERO_VOL,149.5
2026-03-25 09:49:38.550543,09:49,25,3,2026,2,5,23269.05,23269.05,23269.05,23269.05,0.0,23269.05,0.0,0.0,23269.05,1.0,0.0,0.0,0.0,pre,1,0,0,0,0,0,1,ZERO_VOL,57.6
2026-03-25 09:49:38.639991,09:49,25,3,2026,2,5,23266.2,23266.2,23266.2,23266.2,0.0,23266.2,0.0,0.0,23266.2,1.0,0.0,0.0,0.0,pre,1,0,0,0,0,0,1,ZERO_VOL,88.8
2026-03-25 09:49:38.741530,09:49,25,3,2026,2,5,23266.2,23266.2,23266.2,23266.2,0.0,23266.2,0.0,0.0,23266.2,1.0,0.0,0.0,0.0,pre,1,0,0,0,0,0,1,ZERO_VOL,101.1
2026-03-25 09:49:40.580257,09:49,25,3,2026,2,5,23267.2,23267.2,23267.2,23267.2,0.0,23267.2,0.0,0.0,23267.2,1.0,0.0,0.0,0.0,pre,1,0,0,0,0,0,1,ZERO_VOL,53.5
2026-03-25 09:49:40.647276,09:49,25,3,2026,2,5,23267.2,23267.2,23267.2,23267.2,0.0,23267.2,0.0,0.0,23267.2,1.0,0.0,0.0,0.0,pre,1,0,0,0,0,0,1,ZERO_VOL,66.5
2026-03-25 09:49:40.763646,09:49,25,3,2026,2,5,23264.2,23264.2,23264.2,23264.2,0.0,23264.2,0.0,0.0,23264.2,1.0,0.0,0.0,0.0,pre,1,0,0,0,0,0,1,ZERO_VOL,115.9
2026-03-25 09:49:40.858662,09:49,25,3,2026,2,5,23264.2,23264.2,23264.2,23264.2,0.0,23264.2,0.0,0.0,23264.2,1.0,0.0,0.0,0.0,pre,1,0,0,0,0,0,1,ZERO_VOL,94.5
2026-03-25 09:49:40.946098,09:49,25,3,2026,2,5,23264.2,23264.2,23264.2,23264.2,0.0,23264.2,0.0,0.0,23264.2,1.0,0.0,0.0,0.0,pre,1,0,0,0,0,0,1,ZERO_VOL,87.0
2026-03-25 09:49:43.309555,09:49,25,3,2026,2,5,23266.2,23266.2,23266.2,23266.2,0.0,23266.2,0.0,0.0,23266.2,1.0,0.0,0.0,0.0,pre,1,0,0,0,0,0,1,ZERO_VOL,56.5
2026-03-25 09:49:43.414542,09:49,25,3,2026,2,5,23264.9,23264.9,23264.9,23264.9,0.0,23264.9,0.0,0.0,23264.9,1.0,0.0,0.0,0.0,pre,1,0,0,0,0,0,1,ZERO_VOL,104.5
2026-03-25 09:49:43.590705,09:49,25,3,2026,2,5,23265.8,23265.8,23265.8,23265.8,0.0,23265.8,0.0,0.0,23265.8,1.0,0.0,0.0,0.0,pre,1,0,0,0,0,0,1,ZERO_VOL,175.7
2026-03-25 09:49:43.685382,09:49,25,3,2026,2,5,23264.9,23264.9,23264.9,23264.9,0.0,23264.9,0.0,0.0,23264.9,1.0,0.0,0.0,0.0,pre,1,0,0,0,0,0,1,ZERO_VOL,94.0
2026-03-25 09:49:43.817728,09:49,25,3,2026,2,5,23265.8,23265.8,23265.8,23265.8,0.0,23265.8,0.0,0.0,23265.8,1.0,0.0,0.0,0.0,pre,1,0,0,0,0,0,1,ZERO_VOL,131.9
2026-03-25 09:49:46.044235,09:49,25,3,2026,2,5,23264.8,23264.8,23264.8,23264.8,0.0,23264.8,0.0,0.0,23264.8,1.0,0.0,0.0,0.0,pre,1,0,0,0,0,0,1,ZERO_VOL,134.6
2026-03-25 09:49:46.099914,09:49,25,3,2026,2,5,23266.25,23266.25,23266.25,23266.25,0.0,23266.25,0.0,0.0,23266.25,1.0,0.0,0.0,0.0,pre,1,0,0,0,0,0,1,ZERO_VOL,55.1
2026-03-25 09:49:46.205477,09:49,25,3,2026,2,5,23267.6,23267.6,23267.6,23267.6,0.0,23267.6,0.0,0.0,23267.6,1.0,0.0,0.0,0.0,pre,1,0,0,0,0,0,1,ZERO_VOL,105.1
2026-03-25 09:49:46.266547,09:49,25,3,2026,2,5,23266.25,23266.25,23266.25,23266.25,0.0,23266.25,0.0,0.0,23266.25,1.0,0.0,0.0,0.0,pre,1,0,0,0,0,0,1,ZERO_VOL,60.6
2026-03-25 09:49:46.322044,09:49,25,3,2026,2,5,23264.8,23264.8,23264.8,23264.8,0.0,23264.8,0.0,0.0,23264.8,1.0,0.0,0.0,0.0,pre,1,0,0,0,0,0,1,ZERO_VOL,55.0
2026-03-25 09:49:48.601052,09:49,25,3,2026,2,5,23267.7,23267.7,23267.7,23267.7,0.0,23267.7,0.0,0.0,23267.7,1.0,0.0,0.0,0.0,pre,1,0,0,0,0,0,1,ZERO_VOL,92.7
2026-03-25 09:49:48.738378,09:49,25,3,2026,2,5,23267.15,23267.15,23267.15,23267.15,0.0,23267.15,0.0,0.0,23267.15,1.0,0.0,0.0,0.0,pre,1,0,0,0,0,0,1,ZERO_VOL,136.8
2026-03-25 09:49:48.794930,09:49,25,3,2026,2,5,23264.2,23264.2,23264.2,23264.2,0.0,23264.2,0.0,0.0,23264.2,1.0,0.0,0.0,0.0,pre,1,0,0,0,0,0,1,ZERO_VOL,56.0
2026-03-25 09:49:48.857677,09:49,25,3,2026,2,5,23267.15,23267.15,23267.15,23267.15,0.0,23267.15,0.0,0.0,23267.15,1.0,0.0,0.0,0.0,pre,1,0,0,0,0,0,1,ZERO_VOL,62.3
2026-03-25 09:49:48.952129,09:49,25,3,2026,2,5,23267.7,23267.7,23267.7,23267.7,0.0,23267.7,0.0,0.0,23267.7,1.0,0.0,0.0,0.0,pre,1,0,0,0,0,0,1,ZERO_VOL,93.9
2026-03-25 09:49:51.164465,09:49,25,3,2026,2,5,23268.35,23268.35,23268.35,23268.35,0.0,23268.35,0.0,0.0,23268.35,1.0,0.0,0.0,0.0,pre,1,0,0,0,0,0,1,ZERO_VOL,164.2
2026-03-25 09:49:51.308303,09:49,25,3,2026,2,5,23266.95,23266.95,23266.95,23266.95,0.0,23266.95,0.0,0.0,23266.95,1.0,0.0,0.0,0.0,pre,1,0,0,0,0,0,1,ZERO_VOL,143.4
2026-03-25 09:49:51.365693,09:49,25,3,2026,2,5,23265.8,23265.8,23265.8,23265.8,0.0,23265.8,0.0,0.0,23265.8,1.0,0.0,0.0,0.0,pre,1,0,0,0,0,0,1,ZERO_VOL,56.9
2026-03-25 09:49:51.522867,09:49,25,3,2026,2,5,23268.35,23268.35,23268.35,23268.35,0.0,23268.35,0.0,0.0,23268.35,1.0,0.0,0.0,0.0,pre,1,0,0,0,0,0,1,ZERO_VOL,156.7
2026-03-25 09:49:51.606051,09:49,25,3,2026,2,5,23266.95,23266.95,23266.95,23266.95,0.0,23266.95,0.0,0.0,23266.95,1.0,0.0,0.0,0.0,pre,1,0,0,0,0,0,1,ZERO_VOL,82.7
2026-03-25 09:49:53.876825,09:49,25,3,2026,2,5,23268.95,23268.95,23268.95,23268.95,0.0,23268.95,0.0,0.0,23268.95,1.0,0.0,0.0,0.0,pre,1,0,0,0,0,0,1,ZERO_VOL,84.3
2026-03-25 09:49:53.968327,09:49,25,3,2026,2,5,23268.95,23268.95,23268.95,23268.95,0.0,23268.95,0.0,0.0,23268.95,1.0,0.0,0.0,0.0,pre,1,0,0,0,0,0,1,ZERO_VOL,91.0
2026-03-25 09:49:54.113867,09:49,25,3,2026,2,5,23269.15,23269.15,23269.15,23269.15,0.0,23269.15,0.0,0.0,23269.15,1.0,0.0,0.0,0.0,pre,1,0,0,0,0,0,1,ZERO_VOL,145.1
2026-03-25 09:49:54.249032,09:49,25,3,2026,2,5,23268.5,23268.5,23268.5,23268.5,0.0,23268.5,0.0,0.0,23268.5,1.0,0.0,0.0,0.0,pre,1,0,0,0,0,0,1,ZERO_VOL,134.4
2026-03-25 09:49:54.425941,09:49,25,3,2026,2,5,23269.15,23269.15,23269.15,23269.15,0.0,23269.15,0.0,0.0,23269.15,1.0,0.0,0.0,0.0,pre,1,0,0,0,0,0,1,ZERO_VOL,176.4
2026-03-25 09:49:56.567654,09:49,25,3,2026,2,5,23268.35,23268.35,23268.35,23268.35,0.0,23268.35,0.0,0.0,23268.35,1.0,0.0,0.0,0.0,pre,1,0,0,0,0,0,1,ZERO_VOL,48.8
2026-03-25 09:49:56.622137,09:49,25,3,2026,2,5,23268.35,23268.35,23268.35,23268.35,0.0,23268.35,0.0,0.0,23268.35,1.0,0.0,0.0,0.0,pre,1,0,0,0,0,0,1,ZERO_VOL,53.9
2026-03-25 09:49:56.712962,09:49,25,3,2026,2,5,23270.8,23270.8,23270.8,23270.8,0.0,23270.8,0.0,0.0,23270.8,1.0,0.0,0.0,0.0,pre,1,0,0,0,0,0,1,ZERO_VOL,90.4
2026-03-25 09:49:56.800076,09:49,25,3,2026,2,5,23270.8,23270.8,23270.8,23270.8,0.0,23270.8,0.0,0.0,23270.8,1.0,0.0,0.0,0.0,pre,1,0,0,0,0,0,1,ZERO_VOL,86.6
2026-03-25 09:49:56.860277,09:49,25,3,2026,2,5,23268.95,23268.95,23268.95,23268.95,0.0,23268.95,0.0,0.0,23268.95,1.0,0.0,0.0,0.0,pre,1,0,0,0,0,0,1,ZERO_VOL,59.7
2026-03-25 09:49:59.239847,09:49,25,3,2026,2,5,23269.75,23269.75,23269.75,23269.75,0.0,23269.75,0.0,0.0,23269.75,1.0,0.0,0.0,0.0,pre,1,0,0,0,0,0,1,ZERO_VOL,132.6
2026-03-25 09:49:59.425153,09:49,25,3,2026,2,5,23269.75,23269.75,23269.75,23269.75,0.0,23269.75,0.0,0.0,23269.75,1.0,0.0,0.0,0.0,pre,1,0,0,0,0,0,1,ZERO_VOL,184.8
2026-03-25 09:49:59.509564,09:49,25,3,2026,2,5,23269.55,23269.55,23269.55,23269.55,0.0,23269.55,0.0,0.0,23269.55,1.0,0.0,0.0,0.0,pre,1,0,0,0,0,0,1,ZERO_VOL,83.9
2026-03-25 09:49:59.705398,09:49,25,3,2026,2,5,23269.55,23269.55,23269.55,23269.55,0.0,23269.55,0.0,0.0,23269.55,1.0,0.0,0.0,0.0,pre,1,0,0,0,0,0,1,ZERO_VOL,195.3
2026-03-25 09:49:59.796710,09:49,25,3,2026,2,5,23269.55,23269.55,23269.55,23269.55,0.0,23269.55,0.0,0.0,23269.55,1.0,0.0,0.0,0.0,pre,1,0,0,0,0,0,1,ZERO_VOL,90.8
2026-03-25 09:50:02.540446,09:50,25,3,2026,2,5,23270.7,23270.7,23270.7,23270.7,0.0,23270.7,0.0,0.0,23270.7,1.0,0.0,0.0,0.0,pre,1,0,0,0,0,0,1,ZERO_VOL,144.0
2026-03-25 09:50:02.637585,09:50,25,3,2026,2,5,23271.2,23271.2,23271.2,23271.2,0.0,23271.2,0.0,0.0,23271.2,1.0,0.0,0.0,0.0,pre,1,0,0,0,0,0,1,ZERO_VOL,96.6
2026-03-25 09:50:02.733637,09:50,25,3,2026,2,5,23271.2,23271.2,23271.2,23271.2,0.0,23271.2,0.0,0.0,23271.2,1.0,0.0,0.0,0.0,pre,1,0,0,0,0,0,1,ZERO_VOL,95.5
2026-03-25 09:50:02.881348,09:50,25,3,2026,2,5,23270.7,23270.7,23270.7,23270.7,0.0,23270.7,0.0,0.0,23270.7,1.0,0.0,0.0,0.0,pre,1,0,0,0,0,0,1,ZERO_VOL,147.2
2026-03-25 09:50:03.010187,09:50,25,3,2026,2,5,23271.2,23271.2,23271.2,23271.2,0.0,23271.2,0.0,0.0,23271.2,1.0,0.0,0.0,0.0,pre,1,0,0,0,0,0,1,ZERO_VOL,128.3
2026-03-25 09:50:05.382632,09:50,25,3,2026,2,5,23270.8,23270.8,23270.8,23270.8,0.0,23270.8,0.0,0.0,23270.8,1.0,0.0,0.0,0.0,pre,1,0,0,0,0,0,1,ZERO_VOL,62.4
2026-03-25 09:50:05.473895,09:50,25,3,2026,2,5,23271.6,23271.6,23271.6,23271.6,0.0,23271.6,0.0,0.0,23271.6,1.0,0.0,0.0,0.0,pre,1,0,0,0,0,0,1,ZERO_VOL,90.8
2026-03-25 09:50:05.571147,09:50,25,3,2026,2,5,23271.6,23271.6,23271.6,23271.6,0.0,23271.6,0.0,0.0,23271.6,1.0,0.0,0.0,0.0,pre,1,0,0,0,0,0,1,ZERO_VOL,96.8
2026-03-25 09:50:05.665251,09:50,25,3,2026,2,5,23271.6,23271.6,23271.6,23271.6,0.0,23271.6,0.0,0.0,23271.6,1.0,0.0,0.0,0.0,pre,1,0,0,0,0,0,1,ZERO_VOL,93.6
2026-03-25 09:50:05.732544,09:50,25,3,2026,2,5,23269.75,23269.75,23269.75,23269.75,0.0,23269.75,0.0,0.0,23269.75,1.0,0.0,0.0,0.0,pre,1,0,0,0,0,0,1,ZERO_VOL,66.8
2026-03-25 09:50:07.497767,09:50,25,3,2026,2,5,23270.7,23270.7,23270.7,23270.7,0.0,23270.7,0.0,0.0,23270.7,1.0,0.0,0.0,0.0,pre,1,0,0,0,0,0,1,ZERO_VOL,55.7
2026-03-25 09:50:07.553975,09:50,25,3,2026,2,5,23271.6,23271.6,23271.6,23271.6,0.0,23271.6,0.0,0.0,23271.6,1.0,0.0,0.0,0.0,pre,1,0,0,0,0,0,1,ZERO_VOL,55.7
2026-03-25 09:50:07.630901,09:50,25,3,2026,2,5,23267.8,23267.8,23267.8,23267.8,0.0,23267.8,0.0,0.0,23267.8,1.0,0.0,0.0,0.0,pre,1,0,0,0,0,0,1,ZERO_VOL,76.4
2026-03-25 09:50:07.744185,09:50,25,3,2026,2,5,23268.45,23268.45,23268.45,23268.45,0.0,23268.45,0.0,0.0,23268.45,1.0,0.0,0.0,0.0,pre,1,0,0,0,0,0,1,ZERO_VOL,112.8
2026-03-25 09:50:07.805550,09:50,25,3,2026,2,5,23269.55,23269.55,23269.55,23269.55,0.0,23269.55,0.0,0.0,23269.55,1.0,0.0,0.0,0.0,pre,1,0,0,0,0,0,1,ZERO_VOL,60.8
2026-03-25 09:50:15.829533,09:50,25,3,2026,2,5,23271.6,23271.6,23271.6,23271.6,0.0,23271.6,0.0,0.0,23271.6,1.0,0.0,0.0,0.0,pre,1,0,0,0,0,0,1,ZERO_VOL,61.6
2026-03-25 09:50:15.989988,09:50,25,3,2026,2,5,23272.55,23272.55,23272.55,23272.55,0.0,23272.55,0.0,0.0,23272.55,1.0,0.0,0.0,0.0,pre,1,0,0,0,0,0,1,ZERO_VOL,159.9
2026-03-25 09:50:16.085123,09:50,25,3,2026,2,5,23272.55,23272.55,23272.55,23272.55,0.0,23272.55,0.0,0.0,23272.55,1.0,0.0,0.0,0.0,pre,1,0,0,0,0,0,1,ZERO_VOL,94.6
2026-03-25 09:50:16.207113,09:50,25,3,2026,2,5,23272.55,23272.55,23272.55,23272.55,0.0,23272.55,0.0,0.0,23272.55,1.0,0.0,0.0,0.0,pre,1,0,0,0,0,0,1,ZERO_VOL,121.3
2026-03-25 09:50:16.357795,09:50,25,3,2026,2,5,23272.55,23272.55,23272.55,23272.55,0.0,23272.55,0.0,0.0,23272.55,1.0,0.0,0.0,0.0,pre,1,0,0,0,0,0,1,ZERO_VOL,150.1
2026-03-25 09:50:18.313664,09:50,25,3,2026,2,5,23270.4,23270.4,23270.4,23270.4,0.0,23270.4,0.0,0.0,23270.4,1.0,0.0,0.0,0.0,pre,1,0,0,0,0,0,1,ZERO_VOL,114.5
2026-03-25 09:50:18.416648,09:50,25,3,2026,2,5,23271.2,23271.2,23271.2,23271.2,0.0,23271.2,0.0,0.0,23271.2,1.0,0.0,0.0,0.0,pre,1,0,0,0,0,0,1,ZERO_VOL,102.5
2026-03-25 09:50:18.593550,09:50,25,3,2026,2,5,23271.55,23271.55,23271.55,23271.55,0.0,23271.55,0.0,0.0,23271.55,1.0,0.0,0.0,0.0,pre,1,0,0,0,0,0,1,ZERO_VOL,176.4
2026-03-25 09:50:18.688352,09:50,25,3,2026,2,5,23271.2,23271.2,23271.2,23271.2,0.0,23271.2,0.0,0.0,23271.2,1.0,0.0,0.0,0.0,pre,1,0,0,0,0,0,1,ZERO_VOL,94.3
2026-03-25 09:50:18.847008,09:50,25,3,2026,2,5,23271.2,23271.2,23271.2,23271.2,0.0,23271.2,0.0,0.0,23271.2,1.0,0.0,0.0,0.0,pre,1,0,0,0,0,0,1,ZERO_VOL,158.1
2026-03-25 09:50:20.648698,09:50,25,3,2026,2,5,23274.2,23274.2,23274.2,23274.2,0.0,23274.2,0.0,0.0,23274.2,1.0,0.0,0.0,0.0,pre,1,0,0,0,0,0,1,ZERO_VOL,155.7
2026-03-25 09:50:20.717706,09:50,25,3,2026,2,5,23272.55,23272.55,23272.55,23272.55,0.0,23272.55,0.0,0.0,23272.55,1.0,0.0,0.0,0.0,pre,1,0,0,0,0,0,1,ZERO_VOL,68.5
2026-03-25 09:50:20.817703,09:50,25,3,2026,2,5,23273.1,23273.1,23273.1,23273.1,0.0,23273.1,0.0,0.0,23273.1,1.0,0.0,0.0,0.0,pre,1,0,0,0,0,0,1,ZERO_VOL,99.5
2026-03-25 09:50:20.971403,09:50,25,3,2026,2,5,23274.2,23274.2,23274.2,23274.2,0.0,23274.2,0.0,0.0,23274.2,1.0,0.0,0.0,0.0,pre,1,0,0,0,0,0,1,ZERO_VOL,153.2
2026-03-25 09:50:21.117357,09:50,25,3,2026,2,5,23274.2,23274.2,23274.2,23274.2,0.0,23274.2,0.0,0.0,23274.2,1.0,0.0,0.0,0.0,pre,1,0,0,0,0,0,1,ZERO_VOL,145.1
2026-03-25 09:50:23.388653,09:50,25,3,2026,2,5,23274.55,23274.55,23274.55,23274.55,0.0,23274.55,0.0,0.0,23274.55,1.0,0.0,0.0,0.0,pre,1,0,0,0,0,0,1,ZERO_VOL,148.1
2026-03-25 09:50:23.446346,09:50,25,3,2026,2,5,23274.2,23274.2,23274.2,23274.2,0.0,23274.2,0.0,0.0,23274.2,1.0,0.0,0.0,0.0,pre,1,0,0,0,0,0,1,ZERO_VOL,57.2
2026-03-25 09:50:23.599262,09:50,25,3,2026,2,5,23274.35,23274.35,23274.35,23274.35,0.0,23274.35,0.0,0.0,23274.35,1.0,0.0,0.0,0.0,pre,1,0,0,0,0,0,1,ZERO_VOL,152.3
2026-03-25 09:50:23.755256,09:50,25,3,2026,2,5,23273.75,23273.75,23273.75,23273.75,0.0,23273.75,0.0,0.0,23273.75,1.0,0.0,0.0,0.0,pre,1,0,0,0,0,0,1,ZERO_VOL,155.4
2026-03-25 09:50:23.893882,09:50,25,3,2026,2,5,23274.35,23274.35,23274.35,23274.35,0.0,23274.35,0.0,0.0,23274.35,1.0,0.0,0.0,0.0,pre,1,0,0,0,0,0,1,ZERO_VOL,138.1
2026-03-25 09:50:25.713517,09:50,25,3,2026,2,5,23271.15,23271.15,23271.15,23271.15,0.0,23271.15,0.0,0.0,23271.15,1.0,0.0,0.0,0.0,pre,1,0,0,0,0,0,1,ZERO_VOL,99.1
2026-03-25 09:50:25.784809,09:50,25,3,2026,2,5,23270.4,23270.4,23270.4,23270.4,0.0,23270.4,0.0,0.0,23270.4,1.0,0.0,0.0,0.0,pre,1,0,0,0,0,0,1,ZERO_VOL,70.7
2026-03-25 09:50:25.866616,09:50,25,3,2026,2,5,23274.35,23274.35,23274.35,23274.35,0.0,23274.35,0.0,0.0,23274.35,1.0,0.0,0.0,0.0,pre,1,0,0,0,0,0,1,ZERO_VOL,81.3
2026-03-25 09:50:26.030691,09:50,25,3,2026,2,5,23271.15,23271.15,23271.15,23271.15,0.0,23271.15,0.0,0.0,23271.15,1.0,0.0,0.0,0.0,pre,1,0,0,0,0,0,1,ZERO_VOL,163.5
2026-03-25 09:50:26.101441,09:50,25,3,2026,2,5,23271.2,23271.2,23271.2,23271.2,0.0,23271.2,0.0,0.0,23271.2,1.0,0.0,0.0,0.0,pre,1,0,0,0,0,0,1,ZERO_VOL,70.3
2026-03-25 09:50:28.331155,09:50,25,3,2026,2,5,23270.55,23270.55,23270.55,23270.55,0.0,23270.55,0.0,0.0,23270.55,1.0,0.0,0.0,0.0,pre,1,0,0,0,0,0,1,ZERO_VOL,154.5
2026-03-25 09:50:28.406171,09:50,25,3,2026,2,5,23271.2,23271.2,23271.2,23271.2,0.0,23271.2,0.0,0.0,23271.2,1.0,0.0,0.0,0.0,pre,1,0,0,0,0,0,1,ZERO_VOL,74.5
2026-03-25 09:50:28.517747,09:50,25,3,2026,2,5,23269.65,23269.65,23269.65,23269.65,0.0,23269.65,0.0,0.0,23269.65,1.0,0.0,0.0,0.0,pre,1,0,0,0,0,0,1,ZERO_VOL,111.0
2026-03-25 09:50:28.575719,09:50,25,3,2026,2,5,23273.75,23273.75,23273.75,23273.75,0.0,23273.75,0.0,0.0,23273.75,1.0,0.0,0.0,0.0,pre,1,0,0,0,0,0,1,ZERO_VOL,57.5
2026-03-25 09:50:28.682599,09:50,25,3,2026,2,5,23269.65,23269.65,23269.65,23269.65,0.0,23269.65,0.0,0.0,23269.65,1.0,0.0,0.0,0.0,pre,1,0,0,0,0,0,1,ZERO_VOL,106.4
2026-03-25 09:50:30.470271,09:50,25,3,2026,2,5,23274.2,23274.2,23274.2,23274.2,0.0,23274.2,0.0,0.0,23274.2,1.0,0.0,0.0,0.0,pre,1,0,0,0,0,0,1,ZERO_VOL,59.4
2026-03-25 09:50:30.609707,09:50,25,3,2026,2,5,23270.0,23270.0,23270.0,23270.0,0.0,23270.0,0.0,0.0,23270.0,1.0,0.0,0.0,0.0,pre,1,0,0,0,0,0,1,ZERO_VOL,138.9
2026-03-25 09:50:30.673581,09:50,25,3,2026,2,5,23274.2,23274.2,23274.2,23274.2,0.0,23274.2,0.0,0.0,23274.2,1.0,0.0,0.0,0.0,pre,1,0,0,0,0,0,1,ZERO_VOL,63.4
2026-03-25 09:50:30.741838,09:50,25,3,2026,2,5,23270.55,23270.55,23270.55,23270.55,0.0,23270.55,0.0,0.0,23270.55,1.0,0.0,0.0,0.0,pre,1,0,0,0,0,0,1,ZERO_VOL,67.5
2026-03-25 09:50:30.891864,09:50,25,3,2026,2,5,23268.5,23268.5,23268.5,23268.5,0.0,23268.5,0.0,0.0,23268.5,1.0,0.0,0.0,0.0,pre,1,0,0,0,0,0,1,ZERO_VOL,149.5
2026-03-25 09:50:33.191311,09:50,25,3,2026,2,5,23273.0,23273.0,23273.0,23273.0,0.0,23273.0,0.0,0.0,23273.0,1.0,0.0,0.0,0.0,pre,1,0,0,0,0,0,1,ZERO_VOL,132.9
2026-03-25 09:50:33.280076,09:50,25,3,2026,2,5,23273.0,23273.0,23273.0,23273.0,0.0,23273.0,0.0,0.0,23273.0,1.0,0.0,0.0,0.0,pre,1,0,0,0,0,0,1,ZERO_VOL,88.3
2026-03-25 09:50:33.338231,09:50,25,3,2026,2,5,23269.65,23269.65,23269.65,23269.65,0.0,23269.65,0.0,0.0,23269.65,1.0,0.0,0.0,0.0,pre,1,0,0,0,0,0,1,ZERO_VOL,57.7
2026-03-25 09:50:33.440211,09:50,25,3,2026,2,5,23273.0,23273.0,23273.0,23273.0,0.0,23273.0,0.0,0.0,23273.0,1.0,0.0,0.0,0.0,pre,1,0,0,0,0,0,1,ZERO_VOL,101.5
2026-03-25 09:50:33.532903,09:50,25,3,2026,2,5,23273.0,23273.0,23273.0,23273.0,0.0,23273.0,0.0,0.0,23273.0,1.0,0.0,0.0,0.0,pre,1,0,0,0,0,0,1,ZERO_VOL,92.2
2026-03-25 09:50:36.077885,09:50,25,3,2026,2,5,23272.55,23272.55,23272.55,23272.55,0.0,23272.55,0.0,0.0,23272.55,1.0,0.0,0.0,0.0,pre,1,0,0,0,0,0,1,ZERO_VOL,154.4
2026-03-25 09:50:36.133158,09:50,25,3,2026,2,5,23273.0,23273.0,23273.0,23273.0,0.0,23273.0,0.0,0.0,23273.0,1.0,0.0,0.0,0.0,pre,1,0,0,0,0,0,1,ZERO_VOL,54.8
2026-03-25 09:50:36.253508,09:50,25,3,2026,2,5,23274.6,23274.6,23274.6,23274.6,0.0,23274.6,0.0,0.0,23274.6,1.0,0.0,0.0,0.0,pre,1,0,0,0,0,0,1,ZERO_VOL,119.9
2026-03-25 09:50:36.311642,09:50,25,3,2026,2,5,23273.0,23273.0,23273.0,23273.0,0.0,23273.0,0.0,0.0,23273.0,1.0,0.0,0.0,0.0,pre,1,0,0,0,0,0,1,ZERO_VOL,57.6
2026-03-25 09:50:36.426150,09:50,25,3,2026,2,5,23274.6,23274.6,23274.6,23274.6,0.0,23274.6,0.0,0.0,23274.6,1.0,0.0,0.0,0.0,pre,1,0,0,0,0,0,1,ZERO_VOL,114.0
2026-03-25 09:50:38.409594,09:50,25,3,2026,2,5,23272.1,23272.1,23272.1,23272.1,0.0,23272.1,0.0,0.0,23272.1,1.0,0.0,0.0,0.0,pre,1,0,0,0,0,0,1,ZERO_VOL,111.0
2026-03-25 09:50:38.540094,09:50,25,3,2026,2,5,23271.0,23271.0,23271.0,23271.0,0.0,23271.0,0.0,0.0,23271.0,1.0,0.0,0.0,0.0,pre,1,0,0,0,0,0,1,ZERO_VOL,130.0
2026-03-25 09:50:38.694711,09:50,25,3,2026,2,5,23272.1,23272.1,23272.1,23272.1,0.0,23272.1,0.0,0.0,23272.1,1.0,0.0,0.0,0.0,pre,1,0,0,0,0,0,1,ZERO_VOL,154.1
2026-03-25 09:50:38.845478,09:50,25,3,2026,2,5,23271.0,23271.0,23271.0,23271.0,0.0,23271.0,0.0,0.0,23271.0,1.0,0.0,0.0,0.0,pre,1,0,0,0,0,0,1,ZERO_VOL,150.3
2026-03-25 09:50:38.908928,09:50,25,3,2026,2,5,23271.0,23271.0,23271.0,23271.0,0.0,23271.0,0.0,0.0,23271.0,1.0,0.0,0.0,0.0,pre,1,0,0,0,0,0,1,ZERO_VOL,62.9
2026-03-25 09:50:40.937442,09:50,25,3,2026,2,5,23273.0,23273.0,23273.0,23273.0,0.0,23273.0,0.0,0.0,23273.0,1.0,0.0,0.0,0.0,pre,1,0,0,0,0,0,1,ZERO_VOL,59.4
2026-03-25 09:50:41.116642,09:50,25,3,2026,2,5,23271.75,23271.75,23271.75,23271.75,0.0,23271.75,0.0,0.0,23271.75,1.0,0.0,0.0,0.0,pre,1,0,0,0,0,0,1,ZERO_VOL,178.7
2026-03-25 09:50:41.216382,09:50,25,3,2026,2,5,23273.4,23273.4,23273.4,23273.4,0.0,23273.4,0.0,0.0,23273.4,1.0,0.0,0.0,0.0,pre,1,0,0,0,0,0,1,ZERO_VOL,99.2
2026-03-25 09:50:41.274404,09:50,25,3,2026,2,5,23272.55,23272.55,23272.55,23272.55,0.0,23272.55,0.0,0.0,23272.55,1.0,0.0,0.0,0.0,pre,1,0,0,0,0,0,1,ZERO_VOL,57.5
2026-03-25 09:50:41.432967,09:50,25,3,2026,2,5,23273.4,23273.4,23273.4,23273.4,0.0,23273.4,0.0,0.0,23273.4,1.0,0.0,0.0,0.0,pre,1,0,0,0,0,0,1,ZERO_VOL,158.1
2026-03-25 09:50:43.269851,09:50,25,3,2026,2,5,23273.4,23273.4,23273.4,23273.4,0.0,23273.4,0.0,0.0,23273.4,1.0,0.0,0.0,0.0,pre,1,0,0,0,0,0,1,ZERO_VOL,53.8
2026-03-25 09:50:43.358505,09:50,25,3,2026,2,5,23272.75,23272.75,23272.75,23272.75,0.0,23272.75,0.0,0.0,23272.75,1.0,0.0,0.0,0.0,pre,1,0,0,0,0,0,1,ZERO_VOL,88.2
2026-03-25 09:50:43.452534,09:50,25,3,2026,2,5,23272.75,23272.75,23272.75,23272.75,0.0,23272.75,0.0,0.0,23272.75,1.0,0.0,0.0,0.0,pre,1,0,0,0,0,0,1,ZERO_VOL,93.5
2026-03-25 09:50:43.514662,09:50,25,3,2026,2,5,23273.0,23273.0,23273.0,23273.0,0.0,23273.0,0.0,0.0,23273.0,1.0,0.0,0.0,0.0,pre,1,0,0,0,0,0,1,ZERO_VOL,61.6
2026-03-25 09:50:43.569991,09:50,25,3,2026,2,5,23274.6,23274.6,23274.6,23274.6,0.0,23274.6,0.0,0.0,23274.6,1.0,0.0,0.0,0.0,pre,1,0,0,0,0,0,1,ZERO_VOL,54.9
2026-03-25 09:50:45.532354,09:50,25,3,2026,2,5,23272.15,23272.15,23272.15,23272.15,0.0,23272.15,0.0,0.0,23272.15,1.0,0.0,0.0,0.0,pre,1,0,0,0,0,0,1,ZERO_VOL,132.2
2026-03-25 09:50:45.654808,09:50,25,3,2026,2,5,23273.1,23273.1,23273.1,23273.1,0.0,23273.1,0.0,0.0,23273.1,1.0,0.0,0.0,0.0,pre,1,0,0,0,0,0,1,ZERO_VOL,122.0
2026-03-25 09:50:45.761225,09:50,25,3,2026,2,5,23271.75,23271.75,23271.75,23271.75,0.0,23271.75,0.0,0.0,23271.75,1.0,0.0,0.0,0.0,pre,1,0,0,0,0,0,1,ZERO_VOL,105.8
2026-03-25 09:50:45.864450,09:50,25,3,2026,2,5,23272.15,23272.15,23272.15,23272.15,0.0,23272.15,0.0,0.0,23272.15,1.0,0.0,0.0,0.0,pre,1,0,0,0,0,0,1,ZERO_VOL,102.7
2026-03-25 09:50:45.952739,09:50,25,3,2026,2,5,23272.15,23272.15,23272.15,23272.15,0.0,23272.15,0.0,0.0,23272.15,1.0,0.0,0.0,0.0,pre,1,0,0,0,0,0,1,ZERO_VOL,87.8
2026-03-25 09:50:47.763344,09:50,25,3,2026,2,5,23273.85,23273.85,23273.85,23273.85,0.0,23273.85,0.0,0.0,23273.85,1.0,0.0,0.0,0.0,pre,1,0,0,0,0,0,1,ZERO_VOL,77.3
2026-03-25 09:50:47.829059,09:50,25,3,2026,2,5,23271.0,23271.0,23271.0,23271.0,0.0,23271.0,0.0,0.0,23271.0,1.0,0.0,0.0,0.0,pre,1,0,0,0,0,0,1,ZERO_VOL,65.2
2026-03-25 09:50:47.931206,09:50,25,3,2026,2,5,23273.85,23273.85,23273.85,23273.85,0.0,23273.85,0.0,0.0,23273.85,1.0,0.0,0.0,0.0,pre,1,0,0,0,0,0,1,ZERO_VOL,101.5
2026-03-25 09:50:47.992077,09:50,25,3,2026,2,5,23272.75,23272.75,23272.75,23272.75,0.0,23272.75,0.0,0.0,23272.75,1.0,0.0,0.0,0.0,pre,1,0,0,0,0,0,1,ZERO_VOL,59.9
2026-03-25 09:50:48.052240,09:50,25,3,2026,2,5,23273.85,23273.85,23273.85,23273.85,0.0,23273.85,0.0,0.0,23273.85,1.0,0.0,0.0,0.0,pre,1,0,0,0,0,0,1,ZERO_VOL,59.6
2026-03-25 09:50:49.979719,09:50,25,3,2026,2,5,23274.95,23274.95,23274.95,23274.95,0.0,23274.95,0.0,0.0,23274.95,1.0,0.0,0.0,0.0,pre,1,0,0,0,0,0,1,ZERO_VOL,142.1
2026-03-25 09:50:50.095208,09:50,25,3,2026,2,5,23274.95,23274.95,23274.95,23274.95,0.0,23274.95,0.0,0.0,23274.95,1.0,0.0,0.0,0.0,pre,1,0,0,0,0,0,1,ZERO_VOL,114.9
2026-03-25 09:50:50.189276,09:50,25,3,2026,2,5,23273.95,23273.95,23273.95,23273.95,0.0,23273.95,0.0,0.0,23273.95,1.0,0.0,0.0,0.0,pre,1,0,0,0,0,0,1,ZERO_VOL,93.5
2026-03-25 09:50:50.288444,09:50,25,3,2026,2,5,23273.95,23273.95,23273.95,23273.95,0.0,23273.95,0.0,0.0,23273.95,1.0,0.0,0.0,0.0,pre,1,0,0,0,0,0,1,ZERO_VOL,98.7
2026-03-25 09:50:50.394073,09:50,25,3,2026,2,5,23273.95,23273.95,23273.95,23273.95,0.0,23273.95,0.0,0.0,23273.95,1.0,0.0,0.0,0.0,pre,1,0,0,0,0,0,1,ZERO_VOL,105.2
2026-03-25 09:50:52.773938,09:50,25,3,2026,2,5,23273.05,23273.05,23273.05,23273.05,0.0,23273.05,0.0,0.0,23273.05,1.0,0.0,0.0,0.0,pre,1,0,0,0,0,0,1,ZERO_VOL,120.9
2026-03-25 09:50:52.840192,09:50,25,3,2026,2,5,23273.85,23273.85,23273.85,23273.85,0.0,23273.85,0.0,0.0,23273.85,1.0,0.0,0.0,0.0,pre,1,0,0,0,0,0,1,ZERO_VOL,65.7
2026-03-25 09:50:52.931785,09:50,25,3,2026,2,5,23273.05,23273.05,23273.05,23273.05,0.0,23273.05,0.0,0.0,23273.05,1.0,0.0,0.0,0.0,pre,1,0,0,0,0,0,1,ZERO_VOL,91.0
2026-03-25 09:50:52.994024,09:50,25,3,2026,2,5,23273.95,23273.95,23273.95,23273.95,0.0,23273.95,0.0,0.0,23273.95,1.0,0.0,0.0,0.0,pre,1,0,0,0,0,0,1,ZERO_VOL,61.7
2026-03-25 09:50:53.157793,09:50,25,3,2026,2,5,23272.75,23272.75,23272.75,23272.75,0.0,23272.75,0.0,0.0,23272.75,1.0,0.0,0.0,0.0,pre,1,0,0,0,0,0,1,ZERO_VOL,163.2
2026-03-25 09:50:55.086195,09:50,25,3,2026,2,5,23273.85,23273.85,23273.85,23273.85,0.0,23273.85,0.0,0.0,23273.85,1.0,0.0,0.0,0.0,pre,1,0,0,0,0,0,1,ZERO_VOL,89.0
2026-03-25 09:50:55.178276,09:50,25,3,2026,2,5,23273.85,23273.85,23273.85,23273.85,0.0,23273.85,0.0,0.0,23273.85,1.0,0.0,0.0,0.0,pre,1,0,0,0,0,0,1,ZERO_VOL,91.6
2026-03-25 09:50:55.307313,09:50,25,3,2026,2,5,23273.85,23273.85,23273.85,23273.85,0.0,23273.85,0.0,0.0,23273.85,1.0,0.0,0.0,0.0,pre,1,0,0,0,0,0,1,ZERO_VOL,128.6
2026-03-25 09:50:55.417224,09:50,25,3,2026,2,5,23273.25,23273.25,23273.25,23273.25,0.0,23273.25,0.0,0.0,23273.25,1.0,0.0,0.0,0.0,pre,1,0,0,0,0,0,1,ZERO_VOL,109.4
2026-03-25 09:50:55.476281,09:50,25,3,2026,2,5,23273.85,23273.85,23273.85,23273.85,0.0,23273.85,0.0,0.0,23273.85,1.0,0.0,0.0,0.0,pre,1,0,0,0,0,0,1,ZERO_VOL,58.4
2026-03-25 09:50:57.574685,09:50,25,3,2026,2,5,23273.1,23273.1,23273.1,23273.1,0.0,23273.1,0.0,0.0,23273.1,1.0,0.0,0.0,0.0,pre,1,0,0,0,0,0,1,ZERO_VOL,117.3
2026-03-25 09:50:57.720966,09:50,25,3,2026,2,5,23272.4,23272.4,23272.4,23272.4,0.0,23272.4,0.0,0.0,23272.4,1.0,0.0,0.0,0.0,pre,1,0,0,0,0,0,1,ZERO_VOL,145.8
2026-03-25 09:50:57.820610,09:50,25,3,2026,2,5,23273.1,23273.1,23273.1,23273.1,0.0,23273.1,0.0,0.0,23273.1,1.0,0.0,0.0,0.0,pre,1,0,0,0,0,0,1,ZERO_VOL,99.1
2026-03-25 09:50:57.973941,09:50,25,3,2026,2,5,23272.4,23272.4,23272.4,23272.4,0.0,23272.4,0.0,0.0,23272.4,1.0,0.0,0.0,0.0,pre,1,0,0,0,0,0,1,ZERO_VOL,152.9
2026-03-25 09:50:58.130044,09:50,25,3,2026,2,5,23272.4,23272.4,23272.4,23272.4,0.0,23272.4,0.0,0.0,23272.4,1.0,0.0,0.0,0.0,pre,1,0,0,0,0,0,1,ZERO_VOL,155.6
2026-03-25 09:51:00.060581,09:51,25,3,2026,2,5,23266.85,23266.85,23266.85,23266.85,0.0,23266.85,0.0,0.0,23266.85,1.0,0.0,0.0,0.0,pre,1,0,0,0,0,0,1,ZERO_VOL,131.8
2026-03-25 09:51:00.234870,09:51,25,3,2026,2,5,23266.85,23266.85,23266.85,23266.85,0.0,23266.85,0.0,0.0,23266.85,1.0,0.0,0.0,0.0,pre,1,0,0,0,0,0,1,ZERO_VOL,173.8
2026-03-25 09:51:00.292602,09:51,25,3,2026,2,5,23273.1,23273.1,23273.1,23273.1,0.0,23273.1,0.0,0.0,23273.1,1.0,0.0,0.0,0.0,pre,1,0,0,0,0,0,1,ZERO_VOL,57.2
2026-03-25 09:51:00.397769,09:51,25,3,2026,2,5,23271.4,23275.95,23266.7,23266.75,0.0,23269.8,9.25,-0.02,23269.8,1.0004,50.27,4.55,0.05,pre,1,0,0,0,0,0,1,ZERO_VOL,104.7
2026-03-25 09:51:00.454040,09:51,25,3,2026,2,5,23273.05,23273.05,23273.05,23273.05,0.0,23273.05,0.0,0.0,23273.05,1.0,0.0,0.0,0.0,pre,1,0,0,0,0,0,1,ZERO_VOL,55.8
2026-03-25 09:51:02.452548,09:51,25,3,2026,2,5,23272.4,23272.4,23272.4,23272.4,0.0,23272.4,0.0,0.0,23272.4,1.0,0.0,0.0,0.0,pre,1,0,0,0,0,0,1,ZERO_VOL,55.8
2026-03-25 09:51:02.569763,09:51,25,3,2026,2,5,23269.45,23269.45,23269.45,23269.45,0.0,23269.45,0.0,0.0,23269.45,1.0,0.0,0.0,0.0,pre,1,0,0,0,0,0,1,ZERO_VOL,116.7
2026-03-25 09:51:02.690872,09:51,25,3,2026,2,5,23269.45,23269.45,23269.45,23269.45,0.0,23269.45,0.0,0.0,23269.45,1.0,0.0,0.0,0.0,pre,1,0,0,0,0,0,1,ZERO_VOL,120.5
2026-03-25 09:51:02.837337,09:51,25,3,2026,2,5,23269.45,23269.45,23269.45,23269.45,0.0,23269.45,0.0,0.0,23269.45,1.0,0.0,0.0,0.0,pre,1,0,0,0,0,0,1,ZERO_VOL,145.9
2026-03-25 09:51:02.993224,09:51,25,3,2026,2,5,23269.45,23269.45,23269.45,23269.45,0.0,23269.45,0.0,0.0,23269.45,1.0,0.0,0.0,0.0,pre,1,0,0,0,0,0,1,ZERO_VOL,155.4
2026-03-25 09:51:05.213410,09:51,25,3,2026,2,5,23269.55,23269.55,23269.55,23269.55,0.0,23269.55,0.0,0.0,23269.55,1.0,0.0,0.0,0.0,pre,1,0,0,0,0,0,1,ZERO_VOL,144.1
2026-03-25 09:51:05.314431,09:51,25,3,2026,2,5,23268.85,23268.85,23268.85,23268.85,0.0,23268.85,0.0,0.0,23268.85,1.0,0.0,0.0,0.0,pre,1,0,0,0,0,0,1,ZERO_VOL,100.5
2026-03-25 09:51:05.418909,09:51,25,3,2026,2,5,23268.85,23268.85,23268.85,23268.85,0.0,23268.85,0.0,0.0,23268.85,1.0,0.0,0.0,0.0,pre,1,0,0,0,0,0,1,ZERO_VOL,103.9
2026-03-25 09:51:05.493624,09:51,25,3,2026,2,5,23268.85,23268.85,23268.85,23268.85,0.0,23268.85,0.0,0.0,23268.85,1.0,0.0,0.0,0.0,pre,1,0,0,0,0,0,1,ZERO_VOL,74.3
2026-03-25 09:51:05.613582,09:51,25,3,2026,2,5,23268.8,23268.8,23268.8,23268.8,0.0,23268.8,0.0,0.0,23268.8,1.0,0.0,0.0,0.0,pre,1,0,0,0,0,0,1,ZERO_VOL,119.4
2026-03-25 09:51:07.728236,09:51,25,3,2026,2,5,23267.7,23267.7,23267.7,23267.7,0.0,23267.7,0.0,0.0,23267.7,1.0,0.0,0.0,0.0,pre,1,0,0,0,0,0,1,ZERO_VOL,144.6
2026-03-25 09:51:07.848198,09:51,25,3,2026,2,5,23267.7,23267.7,23267.7,23267.7,0.0,23267.7,0.0,0.0,23267.7,1.0,0.0,0.0,0.0,pre,1,0,0,0,0,0,1,ZERO_VOL,119.5
2026-03-25 09:51:07.949579,09:51,25,3,2026,2,5,23267.45,23267.45,23267.45,23267.45,0.0,23267.45,0.0,0.0,23267.45,1.0,0.0,0.0,0.0,pre,1,0,0,0,0,0,1,ZERO_VOL,100.9
2026-03-25 09:51:08.067000,09:51,25,3,2026,2,5,23267.7,23267.7,23267.7,23267.7,0.0,23267.7,0.0,0.0,23267.7,1.0,0.0,0.0,0.0,pre,1,0,0,0,0,0,1,ZERO_VOL,116.9
2026-03-25 09:51:08.211358,09:51,25,3,2026,2,5,23267.7,23267.7,23267.7,23267.7,0.0,23267.7,0.0,0.0,23267.7,1.0,0.0,0.0,0.0,pre,1,0,0,0,0,0,1,ZERO_VOL,143.8
2026-03-25 09:51:10.096859,09:51,25,3,2026,2,5,23267.45,23267.45,23267.45,23267.45,0.0,23267.45,0.0,0.0,23267.45,1.0,0.0,0.0,0.0,pre,1,0,0,0,0,0,1,ZERO_VOL,58.0
2026-03-25 09:51:10.158329,09:51,25,3,2026,2,5,23271.4,23275.95,23266.7,23266.75,0.0,23269.8,9.25,-0.02,23269.8,1.0004,50.27,4.55,0.05,pre,1,0,0,0,0,0,1,ZERO_VOL,61.0
2026-03-25 09:51:10.256769,09:51,25,3,2026,2,5,23268.15,23268.15,23268.15,23268.15,0.0,23268.15,0.0,0.0,23268.15,1.0,0.0,0.0,0.0,pre,1,0,0,0,0,0,1,ZERO_VOL,97.9
2026-03-25 09:51:10.335375,09:51,25,3,2026,2,5,23268.15,23268.15,23268.15,23268.15,0.0,23268.15,0.0,0.0,23268.15,1.0,0.0,0.0,0.0,pre,1,0,0,0,0,0,1,ZERO_VOL,78.1
2026-03-25 09:51:10.389504,09:51,25,3,2026,2,5,23269.55,23269.55,23269.55,23269.55,0.0,23269.55,0.0,0.0,23269.55,1.0,0.0,0.0,0.0,pre,1,0,0,0,0,0,1,ZERO_VOL,53.6
2026-03-25 09:51:12.444212,09:51,25,3,2026,2,5,23268.35,23268.35,23268.35,23268.35,0.0,23268.35,0.0,0.0,23268.35,1.0,0.0,0.0,0.0,pre,1,0,0,0,0,0,1,ZERO_VOL,115.4
2026-03-25 09:51:12.589983,09:51,25,3,2026,2,5,23268.9,23268.9,23268.9,23268.9,0.0,23268.9,0.0,0.0,23268.9,1.0,0.0,0.0,0.0,pre,1,0,0,0,0,0,1,ZERO_VOL,145.3
2026-03-25 09:51:12.654598,09:51,25,3,2026,2,5,23269.45,23269.45,23269.45,23269.45,0.0,23269.45,0.0,0.0,23269.45,1.0,0.0,0.0,0.0,pre,1,0,0,0,0,0,1,ZERO_VOL,63.9
2026-03-25 09:51:12.784848,09:51,25,3,2026,2,5,23268.35,23268.35,23268.35,23268.35,0.0,23268.35,0.0,0.0,23268.35,1.0,0.0,0.0,0.0,pre,1,0,0,0,0,0,1,ZERO_VOL,129.8
2026-03-25 09:51:12.845372,09:51,25,3,2026,2,5,23269.55,23269.55,23269.55,23269.55,0.0,23269.55,0.0,0.0,23269.55,1.0,0.0,0.0,0.0,pre,1,0,0,0,0,0,1,ZERO_VOL,60.0
2026-03-25 09:51:14.629188,09:51,25,3,2026,2,5,23269.8,23269.8,23269.8,23269.8,0.0,23269.8,0.0,0.0,23269.8,1.0,0.0,0.0,0.0,pre,1,0,0,0,0,0,1,ZERO_VOL,160.7
2026-03-25 09:51:14.722011,09:51,25,3,2026,2,5,23269.55,23269.55,23269.55,23269.55,0.0,23269.55,0.0,0.0,23269.55,1.0,0.0,0.0,0.0,pre,1,0,0,0,0,0,1,ZERO_VOL,92.3
2026-03-25 09:51:14.775786,09:51,25,3,2026,2,5,23268.15,23268.15,23268.15,23268.15,0.0,23268.15,0.0,0.0,23268.15,1.0,0.0,0.0,0.0,pre,1,0,0,0,0,0,1,ZERO_VOL,53.0
2026-03-25 09:51:14.929087,09:51,25,3,2026,2,5,23269.55,23269.55,23269.55,23269.55,0.0,23269.55,0.0,0.0,23269.55,1.0,0.0,0.0,0.0,pre,1,0,0,0,0,0,1,ZERO_VOL,151.6
2026-03-25 09:51:15.084777,09:51,25,3,2026,2,5,23270.3,23270.3,23270.3,23270.3,0.0,23270.3,0.0,0.0,23270.3,1.0,0.0,0.0,0.0,pre,1,0,0,0,0,0,1,ZERO_VOL,155.1
2026-03-25 09:51:17.208603,09:51,25,3,2026,2,5,23271.5,23271.5,23271.5,23271.5,0.0,23271.5,0.0,0.0,23271.5,1.0,0.0,0.0,0.0,pre,1,0,0,0,0,0,1,ZERO_VOL,90.1
2026-03-25 09:51:17.286898,09:51,25,3,2026,2,5,23268.35,23268.35,23268.35,23268.35,0.0,23268.35,0.0,0.0,23268.35,1.0,0.0,0.0,0.0,pre,1,0,0,0,0,0,1,ZERO_VOL,77.8
2026-03-25 09:51:17.381093,09:51,25,3,2026,2,5,23271.5,23271.5,23271.5,23271.5,0.0,23271.5,0.0,0.0,23271.5,1.0,0.0,0.0,0.0,pre,1,0,0,0,0,0,1,ZERO_VOL,93.7
2026-03-25 09:51:17.566441,09:51,25,3,2026,2,5,23272.15,23272.15,23272.15,23272.15,0.0,23272.15,0.0,0.0,23272.15,1.0,0.0,0.0,0.0,pre,1,0,0,0,0,0,1,ZERO_VOL,184.8
2026-03-25 09:51:17.668939,09:51,25,3,2026,2,5,23271.5,23271.5,23271.5,23271.5,0.0,23271.5,0.0,0.0,23271.5,1.0,0.0,0.0,0.0,pre,1,0,0,0,0,0,1,ZERO_VOL,100.6
2026-03-25 09:51:19.519026,09:51,25,3,2026,2,5,23272.85,23272.85,23272.85,23272.85,0.0,23272.85,0.0,0.0,23272.85,1.0,0.0,0.0,0.0,pre,1,0,0,0,0,0,1,ZERO_VOL,88.9
2026-03-25 09:51:19.572661,09:51,25,3,2026,2,5,23268.15,23268.15,23268.15,23268.15,0.0,23268.15,0.0,0.0,23268.15,1.0,0.0,0.0,0.0,pre,1,0,0,0,0,0,1,ZERO_VOL,53.1
2026-03-25 09:51:19.630226,09:51,25,3,2026,2,5,23271.5,23271.5,23271.5,23271.5,0.0,23271.5,0.0,0.0,23271.5,1.0,0.0,0.0,0.0,pre,1,0,0,0,0,0,1,ZERO_VOL,56.9
2026-03-25 09:51:19.771403,09:51,25,3,2026,2,5,23272.85,23272.85,23272.85,23272.85,0.0,23272.85,0.0,0.0,23272.85,1.0,0.0,0.0,0.0,pre,1,0,0,0,0,0,1,ZERO_VOL,140.7
2026-03-25 09:51:19.940119,09:51,25,3,2026,2,5,23272.85,23272.85,23272.85,23272.85,0.0,23272.85,0.0,0.0,23272.85,1.0,0.0,0.0,0.0,pre,1,0,0,0,0,0,1,ZERO_VOL,167.9
2026-03-25 09:51:21.719014,09:51,25,3,2026,2,5,23270.3,23270.3,23270.3,23270.3,0.0,23270.3,0.0,0.0,23270.3,1.0,0.0,0.0,0.0,pre,1,0,0,0,0,0,1,ZERO_VOL,54.2
2026-03-25 09:51:21.870760,09:51,25,3,2026,2,5,23272.65,23272.65,23272.65,23272.65,0.0,23272.65,0.0,0.0,23272.65,1.0,0.0,0.0,0.0,pre,1,0,0,0,0,0,1,ZERO_VOL,151.2
2026-03-25 09:51:22.026317,09:51,25,3,2026,2,5,23272.8,23272.8,23272.8,23272.8,0.0,23272.8,0.0,0.0,23272.8,1.0,0.0,0.0,0.0,pre,1,0,0,0,0,0,1,ZERO_VOL,155.0
2026-03-25 09:51:22.092990,09:51,25,3,2026,2,5,23268.35,23268.35,23268.35,23268.35,0.0,23268.35,0.0,0.0,23268.35,1.0,0.0,0.0,0.0,pre,1,0,0,0,0,0,1,ZERO_VOL,66.2
2026-03-25 09:51:22.245494,09:51,25,3,2026,2,5,23272.6,23272.6,23272.6,23272.6,0.0,23272.6,0.0,0.0,23272.6,1.0,0.0,0.0,0.0,pre,1,0,0,0,0,0,1,ZERO_VOL,151.9
2026-03-25 09:51:24.285685,09:51,25,3,2026,2,5,23272.85,23272.85,23272.85,23272.85,0.0,23272.85,0.0,0.0,23272.85,1.0,0.0,0.0,0.0,pre,1,0,0,0,0,0,1,ZERO_VOL,61.5
2026-03-25 09:51:24.461045,09:51,25,3,2026,2,5,23274.2,23274.2,23274.2,23274.2,0.0,23274.2,0.0,0.0,23274.2,1.0,0.0,0.0,0.0,pre,1,0,0,0,0,0,1,ZERO_VOL,174.9
2026-03-25 09:51:24.642206,09:51,25,3,2026,2,5,23274.2,23274.2,23274.2,23274.2,0.0,23274.2,0.0,0.0,23274.2,1.0,0.0,0.0,0.0,pre,1,0,0,0,0,0,1,ZERO_VOL,180.6
2026-03-25 09:51:24.729129,09:51,25,3,2026,2,5,23273.65,23273.65,23273.65,23273.65,0.0,23273.65,0.0,0.0,23273.65,1.0,0.0,0.0,0.0,pre,1,0,0,0,0,0,1,ZERO_VOL,86.3
2026-03-25 09:51:24.881262,09:51,25,3,2026,2,5,23274.2,23274.2,23274.2,23274.2,0.0,23274.2,0.0,0.0,23274.2,1.0,0.0,0.0,0.0,pre,1,0,0,0,0,0,1,ZERO_VOL,144.8
2026-03-25 09:51:26.884900,09:51,25,3,2026,2,5,23274.2,23274.2,23274.2,23274.2,0.0,23274.2,0.0,0.0,23274.2,1.0,0.0,0.0,0.0,pre,1,0,0,0,0,0,1,ZERO_VOL,58.9
2026-03-25 09:51:26.943132,09:51,25,3,2026,2,5,23272.85,23272.85,23272.85,23272.85,0.0,23272.85,0.0,0.0,23272.85,1.0,0.0,0.0,0.0,pre,1,0,0,0,0,0,1,ZERO_VOL,57.8
2026-03-25 09:51:27.028880,09:51,25,3,2026,2,5,23271.25,23271.25,23271.25,23271.25,0.0,23271.25,0.0,0.0,23271.25,1.0,0.0,0.0,0.0,pre,1,0,0,0,0,0,1,ZERO_VOL,85.3
2026-03-25 09:51:27.208145,09:51,25,3,2026,2,5,23271.95,23271.95,23271.95,23271.95,0.0,23271.95,0.0,0.0,23271.95,1.0,0.0,0.0,0.0,pre,1,0,0,0,0,0,1,ZERO_VOL,178.7
2026-03-25 09:51:27.356826,09:51,25,3,2026,2,5,23271.95,23271.95,23271.95,23271.95,0.0,23271.95,0.0,0.0,23271.95,1.0,0.0,0.0,0.0,pre,1,0,0,0,0,0,1,ZERO_VOL,148.2
2026-03-25 09:51:29.092085,09:51,25,3,2026,2,5,23273.05,23273.05,23273.05,23273.05,0.0,23273.05,0.0,0.0,23273.05,1.0,0.0,0.0,0.0,pre,1,0,0,0,0,0,1,ZERO_VOL,125.4
2026-03-25 09:51:29.157238,09:51,25,3,2026,2,5,23272.65,23272.65,23272.65,23272.65,0.0,23272.65,0.0,0.0,23272.65,1.0,0.0,0.0,0.0,pre,1,0,0,0,0,0,1,ZERO_VOL,64.5
2026-03-25 09:51:29.226202,09:51,25,3,2026,2,5,23272.85,23272.85,23272.85,23272.85,0.0,23272.85,0.0,0.0,23272.85,1.0,0.0,0.0,0.0,pre,1,0,0,0,0,0,1,ZERO_VOL,68.5
2026-03-25 09:51:29.395666,09:51,25,3,2026,2,5,23273.05,23273.05,23273.05,23273.05,0.0,23273.05,0.0,0.0,23273.05,1.0,0.0,0.0,0.0,pre,1,0,0,0,0,0,1,ZERO_VOL,168.9
2026-03-25 09:51:29.524348,09:51,25,3,2026,2,5,23274.15,23274.15,23274.15,23274.15,0.0,23274.15,0.0,0.0,23274.15,1.0,0.0,0.0,0.0,pre,1,0,0,0,0,0,1,ZERO_VOL,128.2
2026-03-25 09:51:31.495461,09:51,25,3,2026,2,5,23273.75,23273.75,23273.75,23273.75,0.0,23273.75,0.0,0.0,23273.75,1.0,0.0,0.0,0.0,pre,1,0,0,0,0,0,1,ZERO_VOL,92.9
2026-03-25 09:51:31.626451,09:51,25,3,2026,2,5,23273.75,23273.75,23273.75,23273.75,0.0,23273.75,0.0,0.0,23273.75,1.0,0.0,0.0,0.0,pre,1,0,0,0,0,0,1,ZERO_VOL,130.3
2026-03-25 09:51:31.749839,09:51,25,3,2026,2,5,23273.75,23273.75,23273.75,23273.75,0.0,23273.75,0.0,0.0,23273.75,1.0,0.0,0.0,0.0,pre,1,0,0,0,0,0,1,ZERO_VOL,122.8
2026-03-25 09:51:31.813056,09:51,25,3,2026,2,5,23274.15,23274.15,23274.15,23274.15,0.0,23274.15,0.0,0.0,23274.15,1.0,0.0,0.0,0.0,pre,1,0,0,0,0,0,1,ZERO_VOL,62.7
2026-03-25 09:51:31.899633,09:51,25,3,2026,2,5,23273.75,23273.75,23273.75,23273.75,0.0,23273.75,0.0,0.0,23273.75,1.0,0.0,0.0,0.0,pre,1,0,0,0,0,0,1,ZERO_VOL,86.1
2026-03-25 09:51:33.898681,09:51,25,3,2026,2,5,23274.9,23274.9,23274.9,23274.9,0.0,23274.9,0.0,0.0,23274.9,1.0,0.0,0.0,0.0,pre,1,0,0,0,0,0,1,ZERO_VOL,124.3
2026-03-25 09:51:33.956239,09:51,25,3,2026,2,5,23273.65,23273.65,23273.65,23273.65,0.0,23273.65,0.0,0.0,23273.65,1.0,0.0,0.0,0.0,pre,1,0,0,0,0,0,1,ZERO_VOL,57.0
2026-03-25 09:51:34.033097,09:51,25,3,2026,2,5,23273.05,23273.05,23273.05,23273.05,0.0,23273.05,0.0,0.0,23273.05,1.0,0.0,0.0,0.0,pre,1,0,0,0,0,0,1,ZERO_VOL,76.3
2026-03-25 09:51:34.139828,09:51,25,3,2026,2,5,23275.15,23275.15,23275.15,23275.15,0.0,23275.15,0.0,0.0,23275.15,1.0,0.0,0.0,0.0,pre,1,0,0,0,0,0,1,ZERO_VOL,106.2
2026-03-25 09:51:34.290068,09:51,25,3,2026,2,5,23274.9,23274.9,23274.9,23274.9,0.0,23274.9,0.0,0.0,23274.9,1.0,0.0,0.0,0.0,pre,1,0,0,0,0,0,1,ZERO_VOL,149.7
2026-03-25 09:51:36.183670,09:51,25,3,2026,2,5,23273.35,23273.35,23273.35,23273.35,0.0,23273.35,0.0,0.0,23273.35,1.0,0.0,0.0,0.0,pre,1,0,0,0,0,0,1,ZERO_VOL,96.4
2026-03-25 09:51:36.352202,09:51,25,3,2026,2,5,23273.35,23273.35,23273.35,23273.35,0.0,23273.35,0.0,0.0,23273.35,1.0,0.0,0.0,0.0,pre,1,0,0,0,0,0,1,ZERO_VOL,168.1
2026-03-25 09:51:36.415953,09:51,25,3,2026,2,5,23273.35,23273.35,23273.35,23273.35,0.0,23273.35,0.0,0.0,23273.35,1.0,0.0,0.0,0.0,pre,1,0,0,0,0,0,1,ZERO_VOL,63.2
2026-03-25 09:51:36.508194,09:51,25,3,2026,2,5,23273.35,23273.35,23273.35,23273.35,0.0,23273.35,0.0,0.0,23273.35,1.0,0.0,0.0,0.0,pre,1,0,0,0,0,0,1,ZERO_VOL,91.8
2026-03-25 09:51:36.574152,09:51,25,3,2026,2,5,23273.35,23273.35,23273.35,23273.35,0.0,23273.35,0.0,0.0,23273.35,1.0,0.0,0.0,0.0,pre,1,0,0,0,0,0,1,ZERO_VOL,65.4
2026-03-25 09:51:38.540506,09:51,25,3,2026,2,5,23273.2,23273.2,23273.2,23273.2,0.0,23273.2,0.0,0.0,23273.2,1.0,0.0,0.0,0.0,pre,1,0,0,0,0,0,1,ZERO_VOL,181.1
2026-03-25 09:51:38.618811,09:51,25,3,2026,2,5,23273.45,23273.45,23273.45,23273.45,0.0,23273.45,0.0,0.0,23273.45,1.0,0.0,0.0,0.0,pre,1,0,0,0,0,0,1,ZERO_VOL,77.8
2026-03-25 09:51:38.734256,09:51,25,3,2026,2,5,23272.4,23272.4,23272.4,23272.4,0.0,23272.4,0.0,0.0,23272.4,1.0,0.0,0.0,0.0,pre,1,0,0,0,0,0,1,ZERO_VOL,114.9
2026-03-25 09:51:38.884927,09:51,25,3,2026,2,5,23272.4,23272.4,23272.4,23272.4,0.0,23272.4,0.0,0.0,23272.4,1.0,0.0,0.0,0.0,pre,1,0,0,0,0,0,1,ZERO_VOL,150.2
2026-03-25 09:51:38.983072,09:51,25,3,2026,2,5,23273.45,23273.45,23273.45,23273.45,0.0,23273.45,0.0,0.0,23273.45,1.0,0.0,0.0,0.0,pre,1,0,0,0,0,0,1,ZERO_VOL,97.6
2026-03-25 09:51:40.998896,09:51,25,3,2026,2,5,23272.75,23272.75,23272.75,23272.75,0.0,23272.75,0.0,0.0,23272.75,1.0,0.0,0.0,0.0,pre,1,0,0,0,0,0,1,ZERO_VOL,136.3
2026-03-25 09:51:41.083787,09:51,25,3,2026,2,5,23273.75,23273.75,23273.75,23273.75,0.0,23273.75,0.0,0.0,23273.75,1.0,0.0,0.0,0.0,pre,1,0,0,0,0,0,1,ZERO_VOL,84.4
2026-03-25 09:51:41.187770,09:51,25,3,2026,2,5,23273.1,23273.1,23273.1,23273.1,0.0,23273.1,0.0,0.0,23273.1,1.0,0.0,0.0,0.0,pre,1,0,0,0,0,0,1,ZERO_VOL,103.4
2026-03-25 09:51:41.266580,09:51,25,3,2026,2,5,23274.9,23274.9,23274.9,23274.9,0.0,23274.9,0.0,0.0,23274.9,1.0,0.0,0.0,0.0,pre,1,0,0,0,0,0,1,ZERO_VOL,78.4
2026-03-25 09:51:41.341525,09:51,25,3,2026,2,5,23273.1,23273.1,23273.1,23273.1,0.0,23273.1,0.0,0.0,23273.1,1.0,0.0,0.0,0.0,pre,1,0,0,0,0,0,1,ZERO_VOL,74.5
2026-03-25 09:51:43.177214,09:51,25,3,2026,2,5,23275.15,23275.15,23275.15,23275.15,0.0,23275.15,0.0,0.0,23275.15,1.0,0.0,0.0,0.0,pre,1,0,0,0,0,0,1,ZERO_VOL,113.6
2026-03-25 09:51:43.238387,09:51,25,3,2026,2,5,23273.35,23273.35,23273.35,23273.35,0.0,23273.35,0.0,0.0,23273.35,1.0,0.0,0.0,0.0,pre,1,0,0,0,0,0,1,ZERO_VOL,60.6
2026-03-25 09:51:43.346245,09:51,25,3,2026,2,5,23273.2,23273.2,23273.2,23273.2,0.0,23273.2,0.0,0.0,23273.2,1.0,0.0,0.0,0.0,pre,1,0,0,0,0,0,1,ZERO_VOL,107.4
2026-03-25 09:51:43.412603,09:51,25,3,2026,2,5,23273.2,23273.2,23273.2,23273.2,0.0,23273.2,0.0,0.0,23273.2,1.0,0.0,0.0,0.0,pre,1,0,0,0,0,0,1,ZERO_VOL,65.8
2026-03-25 09:51:43.593466,09:51,25,3,2026,2,5,23273.2,23273.2,23273.2,23273.2,0.0,23273.2,0.0,0.0,23273.2,1.0,0.0,0.0,0.0,pre,1,0,0,0,0,0,1,ZERO_VOL,180.3
2026-03-25 09:51:45.732355,09:51,25,3,2026,2,5,23273.45,23273.45,23273.45,23273.45,0.0,23273.45,0.0,0.0,23273.45,1.0,0.0,0.0,0.0,pre,1,0,0,0,0,0,1,ZERO_VOL,58.3
2026-03-25 09:51:45.888961,09:51,25,3,2026,2,5,23273.6,23273.6,23273.6,23273.6,0.0,23273.6,0.0,0.0,23273.6,1.0,0.0,0.0,0.0,pre,1,0,0,0,0,0,1,ZERO_VOL,156.1
2026-03-25 09:51:45.967656,09:51,25,3,2026,2,5,23273.1,23273.1,23273.1,23273.1,0.0,23273.1,0.0,0.0,23273.1,1.0,0.0,0.0,0.0,pre,1,0,0,0,0,0,1,ZERO_VOL,78.2
2026-03-25 09:51:46.120581,09:51,25,3,2026,2,5,23274.7,23274.7,23274.7,23274.7,0.0,23274.7,0.0,0.0,23274.7,1.0,0.0,0.0,0.0,pre,1,0,0,0,0,0,1,ZERO_VOL,152.5
2026-03-25 09:51:46.177254,09:51,25,3,2026,2,5,23273.35,23273.35,23273.35,23273.35,0.0,23273.35,0.0,0.0,23273.35,1.0,0.0,0.0,0.0,pre,1,0,0,0,0,0,1,ZERO_VOL,56.2
2026-03-25 09:51:48.364154,09:51,25,3,2026,2,5,23273.75,23273.75,23273.75,23273.75,0.0,23273.75,0.0,0.0,23273.75,1.0,0.0,0.0,0.0,pre,1,0,0,0,0,0,1,ZERO_VOL,113.9
2026-03-25 09:51:48.450887,09:51,25,3,2026,2,5,23272.7,23272.7,23272.7,23272.7,0.0,23272.7,0.0,0.0,23272.7,1.0,0.0,0.0,0.0,pre,1,0,0,0,0,0,1,ZERO_VOL,86.2
2026-03-25 09:51:48.630288,09:51,25,3,2026,2,5,23270.8,23270.8,23270.8,23270.8,0.0,23270.8,0.0,0.0,23270.8,1.0,0.0,0.0,0.0,pre,1,0,0,0,0,0,1,ZERO_VOL,178.9
2026-03-25 09:51:48.702002,09:51,25,3,2026,2,5,23273.6,23273.6,23273.6,23273.6,0.0,23273.6,0.0,0.0,23273.6,1.0,0.0,0.0,0.0,pre,1,0,0,0,0,0,1,ZERO_VOL,71.2
2026-03-25 09:51:48.765514,09:51,25,3,2026,2,5,23272.4,23272.4,23272.4,23272.4,0.0,23272.4,0.0,0.0,23272.4,1.0,0.0,0.0,0.0,pre,1,0,0,0,0,0,1,ZERO_VOL,63.0
2026-03-25 09:51:50.743468,09:51,25,3,2026,2,5,23273.1,23273.1,23273.1,23273.1,0.0,23273.1,0.0,0.0,23273.1,1.0,0.0,0.0,0.0,pre,1,0,0,0,0,0,1,ZERO_VOL,59.3
2026-03-25 09:51:50.847977,09:51,25,3,2026,2,5,23271.05,23271.05,23271.05,23271.05,0.0,23271.05,0.0,0.0,23271.05,1.0,0.0,0.0,0.0,pre,1,0,0,0,0,0,1,ZERO_VOL,103.9
2026-03-25 09:51:50.973196,09:51,25,3,2026,2,5,23271.05,23271.05,23271.05,23271.05,0.0,23271.05,0.0,0.0,23271.05,1.0,0.0,0.0,0.0,pre,1,0,0,0,0,0,1,ZERO_VOL,124.7
2026-03-25 09:51:51.069678,09:51,25,3,2026,2,5,23273.15,23273.15,23273.15,23273.15,0.0,23273.15,0.0,0.0,23273.15,1.0,0.0,0.0,0.0,pre,1,0,0,0,0,0,1,ZERO_VOL,96.0
2026-03-25 09:51:51.126812,09:51,25,3,2026,2,5,23275.15,23275.15,23275.15,23275.15,0.0,23275.15,0.0,0.0,23275.15,1.0,0.0,0.0,0.0,pre,1,0,0,0,0,0,1,ZERO_VOL,56.7
2026-03-25 09:51:53.096441,09:51,25,3,2026,2,5,23272.4,23272.4,23272.4,23272.4,0.0,23272.4,0.0,0.0,23272.4,1.0,0.0,0.0,0.0,pre,1,0,0,0,0,0,1,ZERO_VOL,165.6
2026-03-25 09:51:53.153579,09:51,25,3,2026,2,5,23272.4,23272.4,23272.4,23272.4,0.0,23272.4,0.0,0.0,23272.4,1.0,0.0,0.0,0.0,pre,1,0,0,0,0,0,1,ZERO_VOL,56.6
2026-03-25 09:51:53.207243,09:51,25,3,2026,2,5,23271.05,23271.05,23271.05,23271.05,0.0,23271.05,0.0,0.0,23271.05,1.0,0.0,0.0,0.0,pre,1,0,0,0,0,0,1,ZERO_VOL,53.2
2026-03-25 09:51:53.309741,09:51,25,3,2026,2,5,23272.55,23272.55,23272.55,23272.55,0.0,23272.55,0.0,0.0,23272.55,1.0,0.0,0.0,0.0,pre,1,0,0,0,0,0,1,ZERO_VOL,102.0
2026-03-25 09:51:53.424177,09:51,25,3,2026,2,5,23272.4,23272.4,23272.4,23272.4,0.0,23272.4,0.0,0.0,23272.4,1.0,0.0,0.0,0.0,pre,1,0,0,0,0,0,1,ZERO_VOL,113.9
2026-03-25 09:51:55.157598,09:51,25,3,2026,2,5,23272.4,23272.4,23272.4,23272.4,0.0,23272.4,0.0,0.0,23272.4,1.0,0.0,0.0,0.0,pre,1,0,0,0,0,0,1,ZERO_VOL,52.8
2026-03-25 09:51:55.253688,09:51,25,3,2026,2,5,23270.8,23270.8,23270.8,23270.8,0.0,23270.8,0.0,0.0,23270.8,1.0,0.0,0.0,0.0,pre,1,0,0,0,0,0,1,ZERO_VOL,95.6
2026-03-25 09:51:55.412623,09:51,25,3,2026,2,5,23270.8,23270.8,23270.8,23270.8,0.0,23270.8,0.0,0.0,23270.8,1.0,0.0,0.0,0.0,pre,1,0,0,0,0,0,1,ZERO_VOL,158.4
2026-03-25 09:51:55.473365,09:51,25,3,2026,2,5,23270.8,23270.8,23270.8,23270.8,0.0,23270.8,0.0,0.0,23270.8,1.0,0.0,0.0,0.0,pre,1,0,0,0,0,0,1,ZERO_VOL,60.2
2026-03-25 09:51:55.539896,09:51,25,3,2026,2,5,23272.7,23272.7,23272.7,23272.7,0.0,23272.7,0.0,0.0,23272.7,1.0,0.0,0.0,0.0,pre,1,0,0,0,0,0,1,ZERO_VOL,66.0
2026-03-25 09:51:57.534862,09:51,25,3,2026,2,5,23272.65,23272.65,23272.65,23272.65,0.0,23272.65,0.0,0.0,23272.65,1.0,0.0,0.0,0.0,pre,1,0,0,0,0,0,1,ZERO_VOL,91.9
2026-03-25 09:51:57.634452,09:51,25,3,2026,2,5,23272.65,23272.65,23272.65,23272.65,0.0,23272.65,0.0,0.0,23272.65,1.0,0.0,0.0,0.0,pre,1,0,0,0,0,0,1,ZERO_VOL,99.1
2026-03-25 09:51:57.727428,09:51,25,3,2026,2,5,23272.65,23272.65,23272.65,23272.65,0.0,23272.65,0.0,0.0,23272.65,1.0,0.0,0.0,0.0,pre,1,0,0,0,0,0,1,ZERO_VOL,92.4
2026-03-25 09:51:57.788038,09:51,25,3,2026,2,5,23272.65,23272.65,23272.65,23272.65,0.0,23272.65,0.0,0.0,23272.65,1.0,0.0,0.0,0.0,pre,1,0,0,0,0,0,1,ZERO_VOL,60.0
2026-03-25 09:51:57.932772,09:51,25,3,2026,2,5,23271.35,23271.35,23271.35,23271.35,0.0,23271.35,0.0,0.0,23271.35,1.0,0.0,0.0,0.0,pre,1,0,0,0,0,0,1,ZERO_VOL,144.3
2026-03-25 09:51:59.611558,09:51,25,3,2026,2,5,23272.4,23272.4,23272.4,23272.4,0.0,23272.4,0.0,0.0,23272.4,1.0,0.0,0.0,0.0,pre,1,0,0,0,0,0,1,ZERO_VOL,62.2
2026-03-25 09:51:59.669037,09:51,25,3,2026,2,5,23272.4,23272.4,23272.4,23272.4,0.0,23272.4,0.0,0.0,23272.4,1.0,0.0,0.0,0.0,pre,1,0,0,0,0,0,1,ZERO_VOL,56.9
2026-03-25 09:51:59.722794,09:51,25,3,2026,2,5,23272.4,23272.4,23272.4,23272.4,0.0,23272.4,0.0,0.0,23272.4,1.0,0.0,0.0,0.0,pre,1,0,0,0,0,0,1,ZERO_VOL,53.3
2026-03-25 09:51:59.810758,09:51,25,3,2026,2,5,23272.4,23272.4,23272.4,23272.4,0.0,23272.4,0.0,0.0,23272.4,1.0,0.0,0.0,0.0,pre,1,0,0,0,0,0,1,ZERO_VOL,87.5
2026-03-25 09:51:59.902302,09:51,25,3,2026,2,5,23272.4,23272.4,23272.4,23272.4,0.0,23272.4,0.0,0.0,23272.4,1.0,0.0,0.0,0.0,pre,1,0,0,0,0,0,1,ZERO_VOL,91.0
2026-03-25 09:52:01.883759,09:52,25,3,2026,2,5,23266.4,23275.15,23266.4,23272.8,0.0,23271.45,8.75,0.0275,23271.45,1.0004,73.15,2.35,0.0,pre,1,0,0,0,0,0,1,ZERO_VOL,171.3
2026-03-25 09:52:01.968664,09:52,25,3,2026,2,5,23266.4,23275.15,23266.4,23272.8,0.0,23271.45,8.75,0.0275,23271.45,1.0004,73.15,2.35,0.0,pre,1,0,0,0,0,0,1,ZERO_VOL,84.1
2026-03-25 09:52:02.110926,09:52,25,3,2026,2,5,23273.95,23273.95,23273.95,23273.95,0.0,23273.95,0.0,0.0,23273.95,1.0,0.0,0.0,0.0,pre,1,0,0,0,0,0,1,ZERO_VOL,141.4
2026-03-25 09:52:02.171418,09:52,25,3,2026,2,5,23272.4,23272.4,23272.4,23272.4,0.0,23272.4,0.0,0.0,23272.4,1.0,0.0,0.0,0.0,pre,1,0,0,0,0,0,1,ZERO_VOL,59.8
2026-03-25 09:52:02.227728,09:52,25,3,2026,2,5,23272.4,23272.4,23272.4,23272.4,0.0,23272.4,0.0,0.0,23272.4,1.0,0.0,0.0,0.0,pre,1,0,0,0,0,0,1,ZERO_VOL,55.7
2026-03-25 09:52:04.340752,09:52,25,3,2026,2,5,23272.65,23272.65,23272.65,23272.65,0.0,23272.65,0.0,0.0,23272.65,1.0,0.0,0.0,0.0,pre,1,0,0,0,0,0,1,ZERO_VOL,56.5
2026-03-25 09:52:04.429359,09:52,25,3,2026,2,5,23273.35,23273.35,23273.35,23273.35,0.0,23273.35,0.0,0.0,23273.35,1.0,0.0,0.0,0.0,pre,1,0,0,0,0,0,1,ZERO_VOL,88.1
2026-03-25 09:52:04.528852,09:52,25,3,2026,2,5,23273.35,23273.35,23273.35,23273.35,0.0,23273.35,0.0,0.0,23273.35,1.0,0.0,0.0,0.0,pre,1,0,0,0,0,0,1,ZERO_VOL,98.9
2026-03-25 09:52:04.690805,09:52,25,3,2026,2,5,23273.3,23273.3,23273.3,23273.3,0.0,23273.3,0.0,0.0,23273.3,1.0,0.0,0.0,0.0,pre,1,0,0,0,0,0,1,ZERO_VOL,161.4
2026-03-25 09:52:04.801653,09:52,25,3,2026,2,5,23273.35,23273.35,23273.35,23273.35,0.0,23273.35,0.0,0.0,23273.35,1.0,0.0,0.0,0.0,pre,1,0,0,0,0,0,1,ZERO_VOL,110.3
2026-03-25 09:52:06.654648,09:52,25,3,2026,2,5,23275.1,23275.1,23275.1,23275.1,0.0,23275.1,0.0,0.0,23275.1,1.0,0.0,0.0,0.0,pre,1,0,0,0,0,0,1,ZERO_VOL,159.1
2026-03-25 09:52:06.752693,09:52,25,3,2026,2,5,23273.35,23273.35,23273.35,23273.35,0.0,23273.35,0.0,0.0,23273.35,1.0,0.0,0.0,0.0,pre,1,0,0,0,0,0,1,ZERO_VOL,97.4
2026-03-25 09:52:06.942970,09:52,25,3,2026,2,5,23275.1,23275.1,23275.1,23275.1,0.0,23275.1,0.0,0.0,23275.1,1.0,0.0,0.0,0.0,pre,1,0,0,0,0,0,1,ZERO_VOL,189.7
2026-03-25 09:52:07.029855,09:52,25,3,2026,2,5,23275.35,23275.35,23275.35,23275.35,0.0,23275.35,0.0,0.0,23275.35,1.0,0.0,0.0,0.0,pre,1,0,0,0,0,0,1,ZERO_VOL,86.4
2026-03-25 09:52:07.239796,09:52,25,3,2026,2,5,23275.1,23275.1,23275.1,23275.1,0.0,23275.1,0.0,0.0,23275.1,1.0,0.0,0.0,0.0,pre,1,0,0,0,0,0,1,ZERO_VOL,209.2
2026-03-25 09:52:08.939309,09:52,25,3,2026,2,5,23275.1,23275.1,23275.1,23275.1,0.0,23275.1,0.0,0.0,23275.1,1.0,0.0,0.0,0.0,pre,1,0,0,0,0,0,1,ZERO_VOL,55.8
2026-03-25 09:52:09.092802,09:52,25,3,2026,2,5,23276.85,23276.85,23276.85,23276.85,0.0,23276.85,0.0,0.0,23276.85,1.0,0.0,0.0,0.0,pre,1,0,0,0,0,0,1,ZERO_VOL,153.0
2026-03-25 09:52:09.181238,09:52,25,3,2026,2,5,23276.9,23276.9,23276.9,23276.9,0.0,23276.9,0.0,0.0,23276.9,1.0,0.0,0.0,0.0,pre,1,0,0,0,0,0,1,ZERO_VOL,87.9
2026-03-25 09:52:09.328563,09:52,25,3,2026,2,5,23276.85,23276.85,23276.85,23276.85,0.0,23276.85,0.0,0.0,23276.85,1.0,0.0,0.0,0.0,pre,1,0,0,0,0,0,1,ZERO_VOL,146.9
2026-03-25 09:52:09.386688,09:52,25,3,2026,2,5,23276.85,23276.85,23276.85,23276.85,0.0,23276.85,0.0,0.0,23276.85,1.0,0.0,0.0,0.0,pre,1,0,0,0,0,0,1,ZERO_VOL,57.6
2026-03-25 09:52:11.315992,09:52,25,3,2026,2,5,23278.25,23278.25,23278.25,23278.25,0.0,23278.25,0.0,0.0,23278.25,1.0,0.0,0.0,0.0,pre,1,0,0,0,0,0,1,ZERO_VOL,83.1
2026-03-25 09:52:11.406049,09:52,25,3,2026,2,5,23278.25,23278.25,23278.25,23278.25,0.0,23278.25,0.0,0.0,23278.25,1.0,0.0,0.0,0.0,pre,1,0,0,0,0,0,1,ZERO_VOL,89.6
2026-03-25 09:52:11.485254,09:52,25,3,2026,2,5,23278.25,23278.25,23278.25,23278.25,0.0,23278.25,0.0,0.0,23278.25,1.0,0.0,0.0,0.0,pre,1,0,0,0,0,0,1,ZERO_VOL,78.7
2026-03-25 09:52:11.585662,09:52,25,3,2026,2,5,23278.25,23278.25,23278.25,23278.25,0.0,23278.25,0.0,0.0,23278.25,1.0,0.0,0.0,0.0,pre,1,0,0,0,0,0,1,ZERO_VOL,99.8
2026-03-25 09:52:11.700010,09:52,25,3,2026,2,5,23278.25,23278.25,23278.25,23278.25,0.0,23278.25,0.0,0.0,23278.25,1.0,0.0,0.0,0.0,pre,1,0,0,0,0,0,1,ZERO_VOL,113.9
2026-03-25 09:52:16.929228,09:52,25,3,2026,2,5,23275.1,23275.1,23275.1,23275.1,0.0,23275.1,0.0,0.0,23275.1,1.0,0.0,0.0,0.0,pre,1,0,0,0,0,0,1,ZERO_VOL,62.0
2026-03-25 09:52:17.072473,09:52,25,3,2026,2,5,23277.0,23277.0,23277.0,23277.0,0.0,23277.0,0.0,0.0,23277.0,1.0,0.0,0.0,0.0,pre,1,0,0,0,0,0,1,ZERO_VOL,142.7
2026-03-25 09:52:17.130214,09:52,25,3,2026,2,5,23276.9,23276.9,23276.9,23276.9,0.0,23276.9,0.0,0.0,23276.9,1.0,0.0,0.0,0.0,pre,1,0,0,0,0,0,1,ZERO_VOL,57.2
2026-03-25 09:52:17.238695,09:52,25,3,2026,2,5,23277.85,23277.85,23277.85,23277.85,0.0,23277.85,0.0,0.0,23277.85,1.0,0.0,0.0,0.0,pre,1,0,0,0,0,0,1,ZERO_VOL,107.9
2026-03-25 09:52:17.329027,09:52,25,3,2026,2,5,23277.6,23277.6,23277.6,23277.6,0.0,23277.6,0.0,0.0,23277.6,1.0,0.0,0.0,0.0,pre,1,0,0,0,0,0,1,ZERO_VOL,89.8
2026-03-25 09:52:19.071346,09:52,25,3,2026,2,5,23276.15,23276.15,23276.15,23276.15,0.0,23276.15,0.0,0.0,23276.15,1.0,0.0,0.0,0.0,pre,1,0,0,0,0,0,1,ZERO_VOL,158.5
2026-03-25 09:52:19.165381,09:52,25,3,2026,2,5,23273.55,23273.55,23273.55,23273.55,0.0,23273.55,0.0,0.0,23273.55,1.0,0.0,0.0,0.0,pre,1,0,0,0,0,0,1,ZERO_VOL,93.5
2026-03-25 09:52:19.342505,09:52,25,3,2026,2,5,23276.35,23276.35,23276.35,23276.35,0.0,23276.35,0.0,0.0,23276.35,1.0,0.0,0.0,0.0,pre,1,0,0,0,0,0,1,ZERO_VOL,176.6
2026-03-25 09:52:19.474450,09:52,25,3,2026,2,5,23273.55,23273.55,23273.55,23273.55,0.0,23273.55,0.0,0.0,23273.55,1.0,0.0,0.0,0.0,pre,1,0,0,0,0,0,1,ZERO_VOL,131.4
2026-03-25 09:52:19.609187,09:52,25,3,2026,2,5,23274.5,23274.5,23274.5,23274.5,0.0,23274.5,0.0,0.0,23274.5,1.0,0.0,0.0,0.0,pre,1,0,0,0,0,0,1,ZERO_VOL,134.2
2026-03-25 09:52:21.417376,09:52,25,3,2026,2,5,23277.6,23277.6,23277.6,23277.6,0.0,23277.6,0.0,0.0,23277.6,1.0,0.0,0.0,0.0,pre,1,0,0,0,0,0,1,ZERO_VOL,60.0
2026-03-25 09:52:21.512212,09:52,25,3,2026,2,5,23273.55,23273.55,23273.55,23273.55,0.0,23273.55,0.0,0.0,23273.55,1.0,0.0,0.0,0.0,pre,1,0,0,0,0,0,1,ZERO_VOL,94.3
2026-03-25 09:52:21.658801,09:52,25,3,2026,2,5,23273.55,23273.55,23273.55,23273.55,0.0,23273.55,0.0,0.0,23273.55,1.0,0.0,0.0,0.0,pre,1,0,0,0,0,0,1,ZERO_VOL,146.1
2026-03-25 09:52:21.744194,09:52,25,3,2026,2,5,23273.55,23273.55,23273.55,23273.55,0.0,23273.55,0.0,0.0,23273.55,1.0,0.0,0.0,0.0,pre,1,0,0,0,0,0,1,ZERO_VOL,84.4
2026-03-25 09:52:21.840037,09:52,25,3,2026,2,5,23273.55,23273.55,23273.55,23273.55,0.0,23273.55,0.0,0.0,23273.55,1.0,0.0,0.0,0.0,pre,1,0,0,0,0,0,1,ZERO_VOL,95.1
2026-03-25 09:52:24.184736,09:52,25,3,2026,2,5,23277.0,23277.0,23277.0,23277.0,0.0,23277.0,0.0,0.0,23277.0,1.0,0.0,0.0,0.0,pre,1,0,0,0,0,0,1,ZERO_VOL,55.2
2026-03-25 09:52:24.238226,09:52,25,3,2026,2,5,23273.55,23273.55,23273.55,23273.55,0.0,23273.55,0.0,0.0,23273.55,1.0,0.0,0.0,0.0,pre,1,0,0,0,0,0,1,ZERO_VOL,53.0
2026-03-25 09:52:24.332915,09:52,25,3,2026,2,5,23274.0,23274.0,23274.0,23274.0,0.0,23274.0,0.0,0.0,23274.0,1.0,0.0,0.0,0.0,pre,1,0,0,0,0,0,1,ZERO_VOL,94.2
2026-03-25 09:52:24.521597,09:52,25,3,2026,2,5,23274.4,23274.4,23274.4,23274.4,0.0,23274.4,0.0,0.0,23274.4,1.0,0.0,0.0,0.0,pre,1,0,0,0,0,0,1,ZERO_VOL,188.1
2026-03-25 09:52:24.677588,09:52,25,3,2026,2,5,23274.0,23274.0,23274.0,23274.0,0.0,23274.0,0.0,0.0,23274.0,1.0,0.0,0.0,0.0,pre,1,0,0,0,0,0,1,ZERO_VOL,155.5
2026-03-25 09:52:26.481898,09:52,25,3,2026,2,5,23274.5,23274.5,23274.5,23274.5,0.0,23274.5,0.0,0.0,23274.5,1.0,0.0,0.0,0.0,pre,1,0,0,0,0,0,1,ZERO_VOL,120.9
2026-03-25 09:52:26.558925,09:52,25,3,2026,2,5,23273.55,23273.55,23273.55,23273.55,0.0,23273.55,0.0,0.0,23273.55,1.0,0.0,0.0,0.0,pre,1,0,0,0,0,0,1,ZERO_VOL,76.5
2026-03-25 09:52:26.620235,09:52,25,3,2026,2,5,23277.85,23277.85,23277.85,23277.85,0.0,23277.85,0.0,0.0,23277.85,1.0,0.0,0.0,0.0,pre,1,0,0,0,0,0,1,ZERO_VOL,60.8
2026-03-25 09:52:26.745680,09:52,25,3,2026,2,5,23276.35,23276.35,23276.35,23276.35,0.0,23276.35,0.0,0.0,23276.35,1.0,0.0,0.0,0.0,pre,1,0,0,0,0,0,1,ZERO_VOL,124.9
2026-03-25 09:52:26.901296,09:52,25,3,2026,2,5,23275.85,23275.85,23275.85,23275.85,0.0,23275.85,0.0,0.0,23275.85,1.0,0.0,0.0,0.0,pre,1,0,0,0,0,0,1,ZERO_VOL,155.1
2026-03-25 09:52:28.988424,09:52,25,3,2026,2,5,23278.5,23278.5,23278.5,23278.5,0.0,23278.5,0.0,0.0,23278.5,1.0,0.0,0.0,0.0,pre,1,0,0,0,0,0,1,ZERO_VOL,91.6
2026-03-25 09:52:29.135871,09:52,25,3,2026,2,5,23279.05,23279.05,23279.05,23279.05,0.0,23279.05,0.0,0.0,23279.05,1.0,0.0,0.0,0.0,pre,1,0,0,0,0,0,1,ZERO_VOL,146.9
2026-03-25 09:52:29.194613,09:52,25,3,2026,2,5,23278.5,23278.5,23278.5,23278.5,0.0,23278.5,0.0,0.0,23278.5,1.0,0.0,0.0,0.0,pre,1,0,0,0,0,0,1,ZERO_VOL,58.2
2026-03-25 09:52:29.251901,09:52,25,3,2026,2,5,23274.0,23274.0,23274.0,23274.0,0.0,23274.0,0.0,0.0,23274.0,1.0,0.0,0.0,0.0,pre,1,0,0,0,0,0,1,ZERO_VOL,56.8
2026-03-25 09:52:29.429772,09:52,25,3,2026,2,5,23279.05,23279.05,23279.05,23279.05,0.0,23279.05,0.0,0.0,23279.05,1.0,0.0,0.0,0.0,pre,1,0,0,0,0,0,1,ZERO_VOL,177.4
2026-03-25 09:52:31.160105,09:52,25,3,2026,2,5,23281.45,23281.45,23281.45,23281.45,0.0,23281.45,0.0,0.0,23281.45,1.0,0.0,0.0,0.0,pre,1,0,0,0,0,0,1,ZERO_VOL,91.8
2026-03-25 09:52:31.215490,09:52,25,3,2026,2,5,23279.05,23279.05,23279.05,23279.05,0.0,23279.05,0.0,0.0,23279.05,1.0,0.0,0.0,0.0,pre,1,0,0,0,0,0,1,ZERO_VOL,54.9
2026-03-25 09:52:31.310851,09:52,25,3,2026,2,5,23281.45,23281.45,23281.45,23281.45,0.0,23281.45,0.0,0.0,23281.45,1.0,0.0,0.0,0.0,pre,1,0,0,0,0,0,1,ZERO_VOL,94.8
2026-03-25 09:52:31.417794,09:52,25,3,2026,2,5,23281.45,23281.45,23281.45,23281.45,0.0,23281.45,0.0,0.0,23281.45,1.0,0.0,0.0,0.0,pre,1,0,0,0,0,0,1,ZERO_VOL,106.4
2026-03-25 09:52:31.505022,09:52,25,3,2026,2,5,23281.45,23281.45,23281.45,23281.45,0.0,23281.45,0.0,0.0,23281.45,1.0,0.0,0.0,0.0,pre,1,0,0,0,0,0,1,ZERO_VOL,86.8
2026-03-25 09:52:33.403339,09:52,25,3,2026,2,5,23281.05,23281.05,23281.05,23281.05,0.0,23281.05,0.0,0.0,23281.05,1.0,0.0,0.0,0.0,pre,1,0,0,0,0,0,1,ZERO_VOL,102.0
2026-03-25 09:52:33.493740,09:52,25,3,2026,2,5,23281.05,23281.05,23281.05,23281.05,0.0,23281.05,0.0,0.0,23281.05,1.0,0.0,0.0,0.0,pre,1,0,0,0,0,0,1,ZERO_VOL,89.9
2026-03-25 09:52:33.579795,09:52,25,3,2026,2,5,23281.05,23281.05,23281.05,23281.05,0.0,23281.05,0.0,0.0,23281.05,1.0,0.0,0.0,0.0,pre,1,0,0,0,0,0,1,ZERO_VOL,85.5
2026-03-25 09:52:33.695113,09:52,25,3,2026,2,5,23281.05,23281.05,23281.05,23281.05,0.0,23281.05,0.0,0.0,23281.05,1.0,0.0,0.0,0.0,pre,1,0,0,0,0,0,1,ZERO_VOL,114.8
2026-03-25 09:52:33.789466,09:52,25,3,2026,2,5,23281.05,23281.05,23281.05,23281.05,0.0,23281.05,0.0,0.0,23281.05,1.0,0.0,0.0,0.0,pre,1,0,0,0,0,0,1,ZERO_VOL,93.8
2026-03-25 09:52:35.465110,09:52,25,3,2026,2,5,23282.45,23282.45,23282.45,23282.45,0.0,23282.45,0.0,0.0,23282.45,1.0,0.0,0.0,0.0,pre,1,0,0,0,0,0,1,ZERO_VOL,93.5
2026-03-25 09:52:35.560041,09:52,25,3,2026,2,5,23282.45,23282.45,23282.45,23282.45,0.0,23282.45,0.0,0.0,23282.45,1.0,0.0,0.0,0.0,pre,1,0,0,0,0,0,1,ZERO_VOL,94.2
2026-03-25 09:52:35.657728,09:52,25,3,2026,2,5,23282.45,23282.45,23282.45,23282.45,0.0,23282.45,0.0,0.0,23282.45,1.0,0.0,0.0,0.0,pre,1,0,0,0,0,0,1,ZERO_VOL,97.2
2026-03-25 09:52:35.707886,09:52,25,3,2026,2,5,23278.5,23278.5,23278.5,23278.5,0.0,23278.5,0.0,0.0,23278.5,1.0,0.0,0.0,0.0,pre,1,0,0,0,0,0,1,ZERO_VOL,49.6
2026-03-25 09:52:35.762218,09:52,25,3,2026,2,5,23281.45,23281.45,23281.45,23281.45,0.0,23281.45,0.0,0.0,23281.45,1.0,0.0,0.0,0.0,pre,1,0,0,0,0,0,1,ZERO_VOL,53.9
2026-03-25 09:52:37.526106,09:52,25,3,2026,2,5,23281.05,23281.05,23281.05,23281.05,0.0,23281.05,0.0,0.0,23281.05,1.0,0.0,0.0,0.0,pre,1,0,0,0,0,0,1,ZERO_VOL,107.2
2026-03-25 09:52:37.600899,09:52,25,3,2026,2,5,23281.05,23281.05,23281.05,23281.05,0.0,23281.05,0.0,0.0,23281.05,1.0,0.0,0.0,0.0,pre,1,0,0,0,0,0,1,ZERO_VOL,74.3
2026-03-25 09:52:37.697237,09:52,25,3,2026,2,5,23281.05,23281.05,23281.05,23281.05,0.0,23281.05,0.0,0.0,23281.05,1.0,0.0,0.0,0.0,pre,1,0,0,0,0,0,1,ZERO_VOL,95.8
2026-03-25 09:52:37.752288,09:52,25,3,2026,2,5,23281.05,23281.05,23281.05,23281.05,0.0,23281.05,0.0,0.0,23281.05,1.0,0.0,0.0,0.0,pre,1,0,0,0,0,0,1,ZERO_VOL,54.6
2026-03-25 09:52:37.813491,09:52,25,3,2026,2,5,23281.05,23281.05,23281.05,23281.05,0.0,23281.05,0.0,0.0,23281.05,1.0,0.0,0.0,0.0,pre,1,0,0,0,0,0,1,ZERO_VOL,60.7
2026-03-25 09:52:39.620590,09:52,25,3,2026,2,5,23283.0,23283.0,23283.0,23283.0,0.0,23283.0,0.0,0.0,23283.0,1.0,0.0,0.0,0.0,pre,1,0,0,0,0,0,1,ZERO_VOL,104.3
2026-03-25 09:52:39.685308,09:52,25,3,2026,2,5,23282.45,23282.45,23282.45,23282.45,0.0,23282.45,0.0,0.0,23282.45,1.0,0.0,0.0,0.0,pre,1,0,0,0,0,0,1,ZERO_VOL,64.2
2026-03-25 09:52:39.788307,09:52,25,3,2026,2,5,23283.0,23283.0,23283.0,23283.0,0.0,23283.0,0.0,0.0,23283.0,1.0,0.0,0.0,0.0,pre,1,0,0,0,0,0,1,ZERO_VOL,102.5
2026-03-25 09:52:39.844351,09:52,25,3,2026,2,5,23279.05,23279.05,23279.05,23279.05,0.0,23279.05,0.0,0.0,23279.05,1.0,0.0,0.0,0.0,pre,1,0,0,0,0,0,1,ZERO_VOL,55.5
2026-03-25 09:52:39.945580,09:52,25,3,2026,2,5,23283.0,23283.0,23283.0,23283.0,0.0,23283.0,0.0,0.0,23283.0,1.0,0.0,0.0,0.0,pre,1,0,0,0,0,0,1,ZERO_VOL,100.7
2026-03-25 09:52:42.263036,09:52,25,3,2026,2,5,23285.75,23285.75,23285.75,23285.75,0.0,23285.75,0.0,0.0,23285.75,1.0,0.0,0.0,0.0,pre,1,0,0,0,0,0,1,ZERO_VOL,90.2
2026-03-25 09:52:42.412449,09:52,25,3,2026,2,5,23284.9,23284.9,23284.9,23284.9,0.0,23284.9,0.0,0.0,23284.9,1.0,0.0,0.0,0.0,pre,1,0,0,0,0,0,1,ZERO_VOL,148.9
2026-03-25 09:52:42.596484,09:52,25,3,2026,2,5,23285.95,23285.95,23285.95,23285.95,0.0,23285.95,0.0,0.0,23285.95,1.0,0.0,0.0,0.0,pre,1,0,0,0,0,0,1,ZERO_VOL,183.3
2026-03-25 09:52:42.689152,09:52,25,3,2026,2,5,23285.75,23285.75,23285.75,23285.75,0.0,23285.75,0.0,0.0,23285.75,1.0,0.0,0.0,0.0,pre,1,0,0,0,0,0,1,ZERO_VOL,92.1
2026-03-25 09:52:42.853682,09:52,25,3,2026,2,5,23285.75,23285.75,23285.75,23285.75,0.0,23285.75,0.0,0.0,23285.75,1.0,0.0,0.0,0.0,pre,1,0,0,0,0,0,1,ZERO_VOL,163.9
2026-03-25 09:52:44.650798,09:52,25,3,2026,2,5,23283.95,23283.95,23283.95,23283.95,0.0,23283.95,0.0,0.0,23283.95,1.0,0.0,0.0,0.0,pre,1,0,0,0,0,0,1,ZERO_VOL,186.1
2026-03-25 09:52:44.719077,09:52,25,3,2026,2,5,23285.75,23285.75,23285.75,23285.75,0.0,23285.75,0.0,0.0,23285.75,1.0,0.0,0.0,0.0,pre,1,0,0,0,0,0,1,ZERO_VOL,67.8
2026-03-25 09:52:44.818545,09:52,25,3,2026,2,5,23283.65,23283.65,23283.65,23283.65,0.0,23283.65,0.0,0.0,23283.65,1.0,0.0,0.0,0.0,pre,1,0,0,0,0,0,1,ZERO_VOL,98.8
2026-03-25 09:52:44.872593,09:52,25,3,2026,2,5,23282.45,23282.45,23282.45,23282.45,0.0,23282.45,0.0,0.0,23282.45,1.0,0.0,0.0,0.0,pre,1,0,0,0,0,0,1,ZERO_VOL,53.4
2026-03-25 09:52:44.969505,09:52,25,3,2026,2,5,23283.65,23283.65,23283.65,23283.65,0.0,23283.65,0.0,0.0,23283.65,1.0,0.0,0.0,0.0,pre,1,0,0,0,0,0,1,ZERO_VOL,96.5
2026-03-25 09:52:46.919978,09:52,25,3,2026,2,5,23285.05,23285.05,23285.05,23285.05,0.0,23285.05,0.0,0.0,23285.05,1.0,0.0,0.0,0.0,pre,1,0,0,0,0,0,1,ZERO_VOL,104.6
2026-03-25 09:52:47.011691,09:52,25,3,2026,2,5,23285.05,23285.05,23285.05,23285.05,0.0,23285.05,0.0,0.0,23285.05,1.0,0.0,0.0,0.0,pre,1,0,0,0,0,0,1,ZERO_VOL,91.2
2026-03-25 09:52:47.070195,09:52,25,3,2026,2,5,23283.0,23283.0,23283.0,23283.0,0.0,23283.0,0.0,0.0,23283.0,1.0,0.0,0.0,0.0,pre,1,0,0,0,0,0,1,ZERO_VOL,58.0
2026-03-25 09:52:47.195941,09:52,25,3,2026,2,5,23283.65,23283.65,23283.65,23283.65,0.0,23283.65,0.0,0.0,23283.65,1.0,0.0,0.0,0.0,pre,1,0,0,0,0,0,1,ZERO_VOL,125.2
2026-03-25 09:52:47.253920,09:52,25,3,2026,2,5,23285.05,23285.05,23285.05,23285.05,0.0,23285.05,0.0,0.0,23285.05,1.0,0.0,0.0,0.0,pre,1,0,0,0,0,0,1,ZERO_VOL,57.5
2026-03-25 09:52:48.989098,09:52,25,3,2026,2,5,23284.0,23284.0,23284.0,23284.0,0.0,23284.0,0.0,0.0,23284.0,1.0,0.0,0.0,0.0,pre,1,0,0,0,0,0,1,ZERO_VOL,102.8
2026-03-25 09:52:49.082445,09:52,25,3,2026,2,5,23282.75,23282.75,23282.75,23282.75,0.0,23282.75,0.0,0.0,23282.75,1.0,0.0,0.0,0.0,pre,1,0,0,0,0,0,1,ZERO_VOL,92.8
2026-03-25 09:52:49.249221,09:52,25,3,2026,2,5,23282.2,23282.2,23282.2,23282.2,0.0,23282.2,0.0,0.0,23282.2,1.0,0.0,0.0,0.0,pre,1,0,0,0,0,0,1,ZERO_VOL,166.3
2026-03-25 09:52:49.301886,09:52,25,3,2026,2,5,23284.0,23284.0,23284.0,23284.0,0.0,23284.0,0.0,0.0,23284.0,1.0,0.0,0.0,0.0,pre,1,0,0,0,0,0,1,ZERO_VOL,52.1
2026-03-25 09:52:49.366180,09:52,25,3,2026,2,5,23283.95,23283.95,23283.95,23283.95,0.0,23283.95,0.0,0.0,23283.95,1.0,0.0,0.0,0.0,pre,1,0,0,0,0,0,1,ZERO_VOL,63.8
2026-03-25 09:52:51.392049,09:52,25,3,2026,2,5,23284.15,23284.15,23284.15,23284.15,0.0,23284.15,0.0,0.0,23284.15,1.0,0.0,0.0,0.0,pre,1,0,0,0,0,0,1,ZERO_VOL,99.3
2026-03-25 09:52:51.446292,09:52,25,3,2026,2,5,23284.15,23284.15,23284.15,23284.15,0.0,23284.15,0.0,0.0,23284.15,1.0,0.0,0.0,0.0,pre,1,0,0,0,0,0,1,ZERO_VOL,53.7
2026-03-25 09:52:51.500025,09:52,25,3,2026,2,5,23283.65,23283.65,23283.65,23283.65,0.0,23283.65,0.0,0.0,23283.65,1.0,0.0,0.0,0.0,pre,1,0,0,0,0,0,1,ZERO_VOL,53.3
2026-03-25 09:52:51.583249,09:52,25,3,2026,2,5,23284.85,23284.85,23284.85,23284.85,0.0,23284.85,0.0,0.0,23284.85,1.0,0.0,0.0,0.0,pre,1,0,0,0,0,0,1,ZERO_VOL,82.7
2026-03-25 09:52:51.640128,09:52,25,3,2026,2,5,23285.95,23285.95,23285.95,23285.95,0.0,23285.95,0.0,0.0,23285.95,1.0,0.0,0.0,0.0,pre,1,0,0,0,0,0,1,ZERO_VOL,56.3
2026-03-25 09:52:53.959267,09:52,25,3,2026,2,5,23283.65,23283.65,23283.65,23283.65,0.0,23283.65,0.0,0.0,23283.65,1.0,0.0,0.0,0.0,pre,1,0,0,0,0,0,1,ZERO_VOL,107.1
2026-03-25 09:52:54.058044,09:52,25,3,2026,2,5,23283.65,23283.65,23283.65,23283.65,0.0,23283.65,0.0,0.0,23283.65,1.0,0.0,0.0,0.0,pre,1,0,0,0,0,0,1,ZERO_VOL,98.3
2026-03-25 09:52:54.199926,09:52,25,3,2026,2,5,23283.85,23283.85,23283.85,23283.85,0.0,23283.85,0.0,0.0,23283.85,1.0,0.0,0.0,0.0,pre,1,0,0,0,0,0,1,ZERO_VOL,141.3
2026-03-25 09:52:54.282753,09:52,25,3,2026,2,5,23284.3,23284.3,23284.3,23284.3,0.0,23284.3,0.0,0.0,23284.3,1.0,0.0,0.0,0.0,pre,1,0,0,0,0,0,1,ZERO_VOL,82.3
2026-03-25 09:52:54.345728,09:52,25,3,2026,2,5,23284.3,23284.3,23284.3,23284.3,0.0,23284.3,0.0,0.0,23284.3,1.0,0.0,0.0,0.0,pre,1,0,0,0,0,0,1,ZERO_VOL,62.3
2026-03-25 09:52:56.218096,09:52,25,3,2026,2,5,23279.1,23279.1,23279.1,23279.1,0.0,23279.1,0.0,0.0,23279.1,1.0,0.0,0.0,0.0,pre,1,0,0,0,0,0,1,ZERO_VOL,133.3
2026-03-25 09:52:56.394858,09:52,25,3,2026,2,5,23280.4,23280.4,23280.4,23280.4,0.0,23280.4,0.0,0.0,23280.4,1.0,0.0,0.0,0.0,pre,1,0,0,0,0,0,1,ZERO_VOL,176.3
2026-03-25 09:52:56.545951,09:52,25,3,2026,2,5,23280.4,23280.4,23280.4,23280.4,0.0,23280.4,0.0,0.0,23280.4,1.0,0.0,0.0,0.0,pre,1,0,0,0,0,0,1,ZERO_VOL,150.6
2026-03-25 09:52:56.691624,09:52,25,3,2026,2,5,23279.4,23279.4,23279.4,23279.4,0.0,23279.4,0.0,0.0,23279.4,1.0,0.0,0.0,0.0,pre,1,0,0,0,0,0,1,ZERO_VOL,145.2
2026-03-25 09:52:56.842324,09:52,25,3,2026,2,5,23279.4,23279.4,23279.4,23279.4,0.0,23279.4,0.0,0.0,23279.4,1.0,0.0,0.0,0.0,pre,1,0,0,0,0,0,1,ZERO_VOL,150.2
2026-03-25 09:52:58.899040,09:52,25,3,2026,2,5,23282.95,23282.95,23282.95,23282.95,0.0,23282.95,0.0,0.0,23282.95,1.0,0.0,0.0,0.0,pre,1,0,0,0,0,0,1,ZERO_VOL,113.9
2026-03-25 09:52:59.064671,09:52,25,3,2026,2,5,23283.7,23283.7,23283.7,23283.7,0.0,23283.7,0.0,0.0,23283.7,1.0,0.0,0.0,0.0,pre,1,0,0,0,0,0,1,ZERO_VOL,165.2
2026-03-25 09:52:59.118842,09:52,25,3,2026,2,5,23284.3,23284.3,23284.3,23284.3,0.0,23284.3,0.0,0.0,23284.3,1.0,0.0,0.0,0.0,pre,1,0,0,0,0,0,1,ZERO_VOL,53.7
2026-03-25 09:52:59.216496,09:52,25,3,2026,2,5,23281.8,23281.8,23281.8,23281.8,0.0,23281.8,0.0,0.0,23281.8,1.0,0.0,0.0,0.0,pre,1,0,0,0,0,0,1,ZERO_VOL,97.1
2026-03-25 09:52:59.306227,09:52,25,3,2026,2,5,23283.7,23283.7,23283.7,23283.7,0.0,23283.7,0.0,0.0,23283.7,1.0,0.0,0.0,0.0,pre,1,0,0,0,0,0,1,ZERO_VOL,89.3
2026-03-25 09:53:01.286302,09:53,25,3,2026,2,5,23273.95,23286.05,23272.65,23278.15,0.0,23278.95,13.4,0.0181,23278.95,1.0006,31.35,7.9,1.3,pre,1,0,0,0,0,0,1,ZERO_VOL,92.3
2026-03-25 09:53:01.344623,09:53,25,3,2026,2,5,23284.85,23284.85,23284.85,23284.85,0.0,23284.85,0.0,0.0,23284.85,1.0,0.0,0.0,0.0,pre,1,0,0,0,0,0,1,ZERO_VOL,57.8
2026-03-25 09:53:01.465260,09:53,25,3,2026,2,5,23273.95,23286.05,23272.65,23278.15,0.0,23278.95,13.4,0.0181,23278.95,1.0006,31.35,7.9,1.3,pre,1,0,0,0,0,0,1,ZERO_VOL,120.2
2026-03-25 09:53:01.551230,09:53,25,3,2026,2,5,23273.95,23286.05,23272.65,23278.15,0.0,23278.95,13.4,0.0181,23278.95,1.0006,31.35,7.9,1.3,pre,1,0,0,0,0,0,1,ZERO_VOL,85.4
2026-03-25 09:53:01.636385,09:53,25,3,2026,2,5,23273.95,23286.05,23272.65,23278.15,0.0,23278.95,13.4,0.0181,23278.95,1.0006,31.35,7.9,1.3,pre,1,0,0,0,0,0,1,ZERO_VOL,84.7
2026-03-25 09:53:04.006493,09:53,25,3,2026,2,5,23278.6,23278.6,23278.6,23278.6,0.0,23278.6,0.0,0.0,23278.6,1.0,0.0,0.0,0.0,pre,1,0,0,0,0,0,1,ZERO_VOL,85.8
2026-03-25 09:53:04.095262,09:53,25,3,2026,2,5,23276.6,23276.6,23276.6,23276.6,0.0,23276.6,0.0,0.0,23276.6,1.0,0.0,0.0,0.0,pre,1,0,0,0,0,0,1,ZERO_VOL,88.3
2026-03-25 09:53:04.272460,09:53,25,3,2026,2,5,23277.1,23277.1,23277.1,23277.1,0.0,23277.1,0.0,0.0,23277.1,1.0,0.0,0.0,0.0,pre,1,0,0,0,0,0,1,ZERO_VOL,176.7
2026-03-25 09:53:04.331628,09:53,25,3,2026,2,5,23273.95,23286.05,23272.65,23278.15,0.0,23278.95,13.4,0.0181,23278.95,1.0006,31.35,7.9,1.3,pre,1,0,0,0,0,0,1,ZERO_VOL,58.6
2026-03-25 09:53:04.416336,09:53,25,3,2026,2,5,23278.6,23278.6,23278.6,23278.6,0.0,23278.6,0.0,0.0,23278.6,1.0,0.0,0.0,0.0,pre,1,0,0,0,0,0,1,ZERO_VOL,84.2
2026-03-25 09:53:06.388069,09:53,25,3,2026,2,5,23273.95,23286.05,23272.65,23278.15,0.0,23278.95,13.4,0.0181,23278.95,1.0006,31.35,7.9,1.3,pre,1,0,0,0,0,0,1,ZERO_VOL,56.7
2026-03-25 09:53:06.504496,09:53,25,3,2026,2,5,23274.2,23274.2,23274.2,23274.2,0.0,23274.2,0.0,0.0,23274.2,1.0,0.0,0.0,0.0,pre,1,0,0,0,0,0,1,ZERO_VOL,115.9
2026-03-25 09:53:06.593547,09:53,25,3,2026,2,5,23277.65,23277.65,23277.65,23277.65,0.0,23277.65,0.0,0.0,23277.65,1.0,0.0,0.0,0.0,pre,1,0,0,0,0,0,1,ZERO_VOL,88.6
2026-03-25 09:53:06.660183,09:53,25,3,2026,2,5,23274.2,23274.2,23274.2,23274.2,0.0,23274.2,0.0,0.0,23274.2,1.0,0.0,0.0,0.0,pre,1,0,0,0,0,0,1,ZERO_VOL,66.0
2026-03-25 09:53:06.755969,09:53,25,3,2026,2,5,23277.65,23277.65,23277.65,23277.65,0.0,23277.65,0.0,0.0,23277.65,1.0,0.0,0.0,0.0,pre,1,0,0,0,0,0,1,ZERO_VOL,95.2
2026-03-25 09:53:08.862524,09:53,25,3,2026,2,5,23277.45,23277.45,23277.45,23277.45,0.0,23277.45,0.0,0.0,23277.45,1.0,0.0,0.0,0.0,pre,1,0,0,0,0,0,1,ZERO_VOL,114.1
2026-03-25 09:53:08.921387,09:53,25,3,2026,2,5,23281.8,23281.8,23281.8,23281.8,0.0,23281.8,0.0,0.0,23281.8,1.0,0.0,0.0,0.0,pre,1,0,0,0,0,0,1,ZERO_VOL,58.4
2026-03-25 09:53:09.067788,09:53,25,3,2026,2,5,23277.45,23277.45,23277.45,23277.45,0.0,23277.45,0.0,0.0,23277.45,1.0,0.0,0.0,0.0,pre,1,0,0,0,0,0,1,ZERO_VOL,145.9
2026-03-25 09:53:09.205524,09:53,25,3,2026,2,5,23277.05,23277.05,23277.05,23277.05,0.0,23277.05,0.0,0.0,23277.05,1.0,0.0,0.0,0.0,pre,1,0,0,0,0,0,1,ZERO_VOL,137.2
2026-03-25 09:53:09.290453,09:53,25,3,2026,2,5,23276.65,23276.65,23276.65,23276.65,0.0,23276.65,0.0,0.0,23276.65,1.0,0.0,0.0,0.0,pre,1,0,0,0,0,0,1,ZERO_VOL,84.4
2026-03-25 09:53:11.223516,09:53,25,3,2026,2,5,23278.95,23278.95,23278.95,23278.95,0.0,23278.95,0.0,0.0,23278.95,1.0,0.0,0.0,0.0,pre,1,0,0,0,0,0,1,ZERO_VOL,105.3
2026-03-25 09:53:11.373463,09:53,25,3,2026,2,5,23277.95,23277.95,23277.95,23277.95,0.0,23277.95,0.0,0.0,23277.95,1.0,0.0,0.0,0.0,pre,1,0,0,0,0,0,1,ZERO_VOL,149.4
2026-03-25 09:53:11.426770,09:53,25,3,2026,2,5,23277.1,23277.1,23277.1,23277.1,0.0,23277.1,0.0,0.0,23277.1,1.0,0.0,0.0,0.0,pre,1,0,0,0,0,0,1,ZERO_VOL,52.8
2026-03-25 09:53:11.554546,09:53,25,3,2026,2,5,23278.95,23278.95,23278.95,23278.95,0.0,23278.95,0.0,0.0,23278.95,1.0,0.0,0.0,0.0,pre,1,0,0,0,0,0,1,ZERO_VOL,127.2
2026-03-25 09:53:11.637822,09:53,25,3,2026,2,5,23278.95,23278.95,23278.95,23278.95,0.0,23278.95,0.0,0.0,23278.95,1.0,0.0,0.0,0.0,pre,1,0,0,0,0,0,1,ZERO_VOL,82.8
2026-03-25 09:53:13.430120,09:53,25,3,2026,2,5,23276.8,23276.8,23276.8,23276.8,0.0,23276.8,0.0,0.0,23276.8,1.0,0.0,0.0,0.0,pre,1,0,0,0,0,0,1,ZERO_VOL,175.6
2026-03-25 09:53:13.515876,09:53,25,3,2026,2,5,23276.2,23276.2,23276.2,23276.2,0.0,23276.2,0.0,0.0,23276.2,1.0,0.0,0.0,0.0,pre,1,0,0,0,0,0,1,ZERO_VOL,85.2
2026-03-25 09:53:13.636191,09:53,25,3,2026,2,5,23274.8,23274.8,23274.8,23274.8,0.0,23274.8,0.0,0.0,23274.8,1.0,0.0,0.0,0.0,pre,1,0,0,0,0,0,1,ZERO_VOL,119.6
2026-03-25 09:53:13.731927,09:53,25,3,2026,2,5,23276.2,23276.2,23276.2,23276.2,0.0,23276.2,0.0,0.0,23276.2,1.0,0.0,0.0,0.0,pre,1,0,0,0,0,0,1,ZERO_VOL,95.1
2026-03-25 09:53:13.833277,09:53,25,3,2026,2,5,23276.2,23276.2,23276.2,23276.2,0.0,23276.2,0.0,0.0,23276.2,1.0,0.0,0.0,0.0,pre,1,0,0,0,0,0,1,ZERO_VOL,100.8
2026-03-25 09:53:15.775604,09:53,25,3,2026,2,5,23275.35,23275.35,23275.35,23275.35,0.0,23275.35,0.0,0.0,23275.35,1.0,0.0,0.0,0.0,pre,1,0,0,0,0,0,1,ZERO_VOL,185.3
2026-03-25 09:53:15.837090,09:53,25,3,2026,2,5,23277.45,23277.45,23277.45,23277.45,0.0,23277.45,0.0,0.0,23277.45,1.0,0.0,0.0,0.0,pre,1,0,0,0,0,0,1,ZERO_VOL,61.0
2026-03-25 09:53:15.922302,09:53,25,3,2026,2,5,23275.2,23275.2,23275.2,23275.2,0.0,23275.2,0.0,0.0,23275.2,1.0,0.0,0.0,0.0,pre,1,0,0,0,0,0,1,ZERO_VOL,84.7
2026-03-25 09:53:15.979619,09:53,25,3,2026,2,5,23275.35,23275.35,23275.35,23275.35,0.0,23275.35,0.0,0.0,23275.35,1.0,0.0,0.0,0.0,pre,1,0,0,0,0,0,1,ZERO_VOL,56.8
2026-03-25 09:53:16.033051,09:53,25,3,2026,2,5,23276.8,23276.8,23276.8,23276.8,0.0,23276.8,0.0,0.0,23276.8,1.0,0.0,0.0,0.0,pre,1,0,0,0,0,0,1,ZERO_VOL,52.9
2026-03-25 09:53:18.070314,09:53,25,3,2026,2,5,23271.75,23271.75,23271.75,23271.75,0.0,23271.75,0.0,0.0,23271.75,1.0,0.0,0.0,0.0,pre,1,0,0,0,0,0,1,ZERO_VOL,112.5
2026-03-25 09:53:18.250023,09:53,25,3,2026,2,5,23273.25,23273.25,23273.25,23273.25,0.0,23273.25,0.0,0.0,23273.25,1.0,0.0,0.0,0.0,pre,1,0,0,0,0,0,1,ZERO_VOL,179.2
2026-03-25 09:53:18.392866,09:53,25,3,2026,2,5,23273.25,23273.25,23273.25,23273.25,0.0,23273.25,0.0,0.0,23273.25,1.0,0.0,0.0,0.0,pre,1,0,0,0,0,0,1,ZERO_VOL,142.3
2026-03-25 09:53:18.446353,09:53,25,3,2026,2,5,23276.65,23276.65,23276.65,23276.65,0.0,23276.65,0.0,0.0,23276.65,1.0,0.0,0.0,0.0,pre,1,0,0,0,0,0,1,ZERO_VOL,53.0
2026-03-25 09:53:18.601970,09:53,25,3,2026,2,5,23272.8,23272.8,23272.8,23272.8,0.0,23272.8,0.0,0.0,23272.8,1.0,0.0,0.0,0.0,pre,1,0,0,0,0,0,1,ZERO_VOL,154.9
2026-03-25 09:53:20.539953,09:53,25,3,2026,2,5,23278.95,23278.95,23278.95,23278.95,0.0,23278.95,0.0,0.0,23278.95,1.0,0.0,0.0,0.0,pre,1,0,0,0,0,0,1,ZERO_VOL,128.1
2026-03-25 09:53:20.706444,09:53,25,3,2026,2,5,23275.25,23275.25,23275.25,23275.25,0.0,23275.25,0.0,0.0,23275.25,1.0,0.0,0.0,0.0,pre,1,0,0,0,0,0,1,ZERO_VOL,165.0
2026-03-25 09:53:20.771006,09:53,25,3,2026,2,5,23275.2,23275.2,23275.2,23275.2,0.0,23275.2,0.0,0.0,23275.2,1.0,0.0,0.0,0.0,pre,1,0,0,0,0,0,1,ZERO_VOL,63.9
2026-03-25 09:53:20.871013,09:53,25,3,2026,2,5,23275.25,23275.25,23275.25,23275.25,0.0,23275.25,0.0,0.0,23275.25,1.0,0.0,0.0,0.0,pre,1,0,0,0,0,0,1,ZERO_VOL,99.5
2026-03-25 09:53:20.972188,09:53,25,3,2026,2,5,23275.25,23275.25,23275.25,23275.25,0.0,23275.25,0.0,0.0,23275.25,1.0,0.0,0.0,0.0,pre,1,0,0,0,0,0,1,ZERO_VOL,100.7
2026-03-25 09:53:22.749856,09:53,25,3,2026,2,5,23272.7,23272.7,23272.7,23272.7,0.0,23272.7,0.0,0.0,23272.7,1.0,0.0,0.0,0.0,pre,1,0,0,0,0,0,1,ZERO_VOL,152.9
2026-03-25 09:53:22.870491,09:53,25,3,2026,2,5,23272.7,23272.7,23272.7,23272.7,0.0,23272.7,0.0,0.0,23272.7,1.0,0.0,0.0,0.0,pre,1,0,0,0,0,0,1,ZERO_VOL,120.1
2026-03-25 09:53:22.928248,09:53,25,3,2026,2,5,23276.8,23276.8,23276.8,23276.8,0.0,23276.8,0.0,0.0,23276.8,1.0,0.0,0.0,0.0,pre,1,0,0,0,0,0,1,ZERO_VOL,56.5
2026-03-25 09:53:23.053476,09:53,25,3,2026,2,5,23272.7,23272.7,23272.7,23272.7,0.0,23272.7,0.0,0.0,23272.7,1.0,0.0,0.0,0.0,pre,1,0,0,0,0,0,1,ZERO_VOL,124.8
2026-03-25 09:53:23.228395,09:53,25,3,2026,2,5,23272.7,23272.7,23272.7,23272.7,0.0,23272.7,0.0,0.0,23272.7,1.0,0.0,0.0,0.0,pre,1,0,0,0,0,0,1,ZERO_VOL,174.4
2026-03-25 09:53:25.296080,09:53,25,3,2026,2,5,23272.7,23272.7,23272.7,23272.7,0.0,23272.7,0.0,0.0,23272.7,1.0,0.0,0.0,0.0,pre,1,0,0,0,0,0,1,ZERO_VOL,57.6
2026-03-25 09:53:25.385153,09:53,25,3,2026,2,5,23273.2,23273.2,23273.2,23273.2,0.0,23273.2,0.0,0.0,23273.2,1.0,0.0,0.0,0.0,pre,1,0,0,0,0,0,1,ZERO_VOL,88.6
2026-03-25 09:53:25.486566,09:53,25,3,2026,2,5,23273.2,23273.2,23273.2,23273.2,0.0,23273.2,0.0,0.0,23273.2,1.0,0.0,0.0,0.0,pre,1,0,0,0,0,0,1,ZERO_VOL,100.9
2026-03-25 09:53:25.569800,09:53,25,3,2026,2,5,23273.25,23273.25,23273.25,23273.25,0.0,23273.25,0.0,0.0,23273.25,1.0,0.0,0.0,0.0,pre,1,0,0,0,0,0,1,ZERO_VOL,82.7
2026-03-25 09:53:25.648926,09:53,25,3,2026,2,5,23273.2,23273.2,23273.2,23273.2,0.0,23273.2,0.0,0.0,23273.2,1.0,0.0,0.0,0.0,pre,1,0,0,0,0,0,1,ZERO_VOL,78.7
2026-03-25 09:53:28.053593,09:53,25,3,2026,2,5,23273.15,23273.15,23273.15,23273.15,0.0,23273.15,0.0,0.0,23273.15,1.0,0.0,0.0,0.0,pre,1,0,0,0,0,0,1,ZERO_VOL,134.1
2026-03-25 09:53:28.181111,09:53,25,3,2026,2,5,23272.75,23272.75,23272.75,23272.75,0.0,23272.75,0.0,0.0,23272.75,1.0,0.0,0.0,0.0,pre,1,0,0,0,0,0,1,ZERO_VOL,127.0
2026-03-25 09:53:28.272898,09:53,25,3,2026,2,5,23272.75,23272.75,23272.75,23272.75,0.0,23272.75,0.0,0.0,23272.75,1.0,0.0,0.0,0.0,pre,1,0,0,0,0,0,1,ZERO_VOL,91.2
2026-03-25 09:53:28.333703,09:53,25,3,2026,2,5,23273.2,23273.2,23273.2,23273.2,0.0,23273.2,0.0,0.0,23273.2,1.0,0.0,0.0,0.0,pre,1,0,0,0,0,0,1,ZERO_VOL,60.3
2026-03-25 09:53:28.510687,09:53,25,3,2026,2,5,23273.15,23273.15,23273.15,23273.15,0.0,23273.15,0.0,0.0,23273.15,1.0,0.0,0.0,0.0,pre,1,0,0,0,0,0,1,ZERO_VOL,176.4
2026-03-25 09:53:30.287262,09:53,25,3,2026,2,5,23273.15,23273.15,23273.15,23273.15,0.0,23273.15,0.0,0.0,23273.15,1.0,0.0,0.0,0.0,pre,1,0,0,0,0,0,1,ZERO_VOL,56.5
2026-03-25 09:53:30.416329,09:53,25,3,2026,2,5,23274.2,23274.2,23274.2,23274.2,0.0,23274.2,0.0,0.0,23274.2,1.0,0.0,0.0,0.0,pre,1,0,0,0,0,0,1,ZERO_VOL,128.6
2026-03-25 09:53:30.469396,09:53,25,3,2026,2,5,23274.2,23274.2,23274.2,23274.2,0.0,23274.2,0.0,0.0,23274.2,1.0,0.0,0.0,0.0,pre,1,0,0,0,0,0,1,ZERO_VOL,52.6
2026-03-25 09:53:30.557312,09:53,25,3,2026,2,5,23274.2,23274.2,23274.2,23274.2,0.0,23274.2,0.0,0.0,23274.2,1.0,0.0,0.0,0.0,pre,1,0,0,0,0,0,1,ZERO_VOL,87.4
2026-03-25 09:53:30.616569,09:53,25,3,2026,2,5,23275.25,23275.25,23275.25,23275.25,0.0,23275.25,0.0,0.0,23275.25,1.0,0.0,0.0,0.0,pre,1,0,0,0,0,0,1,ZERO_VOL,58.8
2026-03-25 09:53:32.617437,09:53,25,3,2026,2,5,23271.7,23271.7,23271.7,23271.7,0.0,23271.7,0.0,0.0,23271.7,1.0,0.0,0.0,0.0,pre,1,0,0,0,0,0,1,ZERO_VOL,154.2
2026-03-25 09:53:32.718686,09:53,25,3,2026,2,5,23271.4,23271.4,23271.4,23271.4,0.0,23271.4,0.0,0.0,23271.4,1.0,0.0,0.0,0.0,pre,1,0,0,0,0,0,1,ZERO_VOL,100.7
2026-03-25 09:53:32.807511,09:53,25,3,2026,2,5,23271.4,23271.4,23271.4,23271.4,0.0,23271.4,0.0,0.0,23271.4,1.0,0.0,0.0,0.0,pre,1,0,0,0,0,0,1,ZERO_VOL,88.3
2026-03-25 09:53:32.962291,09:53,25,3,2026,2,5,23271.4,23271.4,23271.4,23271.4,0.0,23271.4,0.0,0.0,23271.4,1.0,0.0,0.0,0.0,pre,1,0,0,0,0,0,1,ZERO_VOL,154.2
2026-03-25 09:53:33.023132,09:53,25,3,2026,2,5,23272.7,23272.7,23272.7,23272.7,0.0,23272.7,0.0,0.0,23272.7,1.0,0.0,0.0,0.0,pre,1,0,0,0,0,0,1,ZERO_VOL,60.3
2026-03-25 09:53:34.840075,09:53,25,3,2026,2,5,23271.6,23271.6,23271.6,23271.6,0.0,23271.6,0.0,0.0,23271.6,1.0,0.0,0.0,0.0,pre,1,0,0,0,0,0,1,ZERO_VOL,148.7
2026-03-25 09:53:34.995301,09:53,25,3,2026,2,5,23271.6,23271.6,23271.6,23271.6,0.0,23271.6,0.0,0.0,23271.6,1.0,0.0,0.0,0.0,pre,1,0,0,0,0,0,1,ZERO_VOL,154.7
2026-03-25 09:53:35.105200,09:53,25,3,2026,2,5,23269.75,23269.75,23269.75,23269.75,0.0,23269.75,0.0,0.0,23269.75,1.0,0.0,0.0,0.0,pre,1,0,0,0,0,0,1,ZERO_VOL,109.3
2026-03-25 09:53:35.169964,09:53,25,3,2026,2,5,23272.75,23272.75,23272.75,23272.75,0.0,23272.75,0.0,0.0,23272.75,1.0,0.0,0.0,0.0,pre,1,0,0,0,0,0,1,ZERO_VOL,64.3
2026-03-25 09:53:35.283854,09:53,25,3,2026,2,5,23271.6,23271.6,23271.6,23271.6,0.0,23271.6,0.0,0.0,23271.6,1.0,0.0,0.0,0.0,pre,1,0,0,0,0,0,1,ZERO_VOL,113.4
2026-03-25 09:53:37.101341,09:53,25,3,2026,2,5,23269.5,23269.5,23269.5,23269.5,0.0,23269.5,0.0,0.0,23269.5,1.0,0.0,0.0,0.0,pre,1,0,0,0,0,0,1,ZERO_VOL,124.5
2026-03-25 09:53:37.160270,09:53,25,3,2026,2,5,23274.2,23274.2,23274.2,23274.2,0.0,23274.2,0.0,0.0,23274.2,1.0,0.0,0.0,0.0,pre,1,0,0,0,0,0,1,ZERO_VOL,58.5
2026-03-25 09:53:37.243824,09:53,25,3,2026,2,5,23269.4,23269.4,23269.4,23269.4,0.0,23269.4,0.0,0.0,23269.4,1.0,0.0,0.0,0.0,pre,1,0,0,0,0,0,1,ZERO_VOL,83.0
2026-03-25 09:53:37.299608,09:53,25,3,2026,2,5,23272.75,23272.75,23272.75,23272.75,0.0,23272.75,0.0,0.0,23272.75,1.0,0.0,0.0,0.0,pre,1,0,0,0,0,0,1,ZERO_VOL,55.2
2026-03-25 09:53:37.387553,09:53,25,3,2026,2,5,23269.4,23269.4,23269.4,23269.4,0.0,23269.4,0.0,0.0,23269.4,1.0,0.0,0.0,0.0,pre,1,0,0,0,0,0,1,ZERO_VOL,87.4
2026-03-25 09:53:39.296149,09:53,25,3,2026,2,5,23262.75,23262.75,23262.75,23262.75,0.0,23262.75,0.0,0.0,23262.75,1.0,0.0,0.0,0.0,pre,1,0,0,0,0,0,1,ZERO_VOL,89.0
2026-03-25 09:53:39.455796,09:53,25,3,2026,2,5,23263.7,23263.7,23263.7,23263.7,0.0,23263.7,0.0,0.0,23263.7,1.0,0.0,0.0,0.0,pre,1,0,0,0,0,0,1,ZERO_VOL,158.9
2026-03-25 09:53:39.554067,09:53,25,3,2026,2,5,23262.75,23262.75,23262.75,23262.75,0.0,23262.75,0.0,0.0,23262.75,1.0,0.0,0.0,0.0,pre,1,0,0,0,0,0,1,ZERO_VOL,97.6
2026-03-25 09:53:39.701209,09:53,25,3,2026,2,5,23262.75,23262.75,23262.75,23262.75,0.0,23262.75,0.0,0.0,23262.75,1.0,0.0,0.0,0.0,pre,1,0,0,0,0,0,1,ZERO_VOL,146.7
2026-03-25 09:53:39.799909,09:53,25,3,2026,2,5,23262.75,23262.75,23262.75,23262.75,0.0,23262.75,0.0,0.0,23262.75,1.0,0.0,0.0,0.0,pre,1,0,0,0,0,0,1,ZERO_VOL,98.1
2026-03-25 09:53:42.037738,09:53,25,3,2026,2,5,23267.85,23267.85,23267.85,23267.85,0.0,23267.85,0.0,0.0,23267.85,1.0,0.0,0.0,0.0,pre,1,0,0,0,0,0,1,ZERO_VOL,115.8
2026-03-25 09:53:42.112265,09:53,25,3,2026,2,5,23262.75,23262.75,23262.75,23262.75,0.0,23262.75,0.0,0.0,23262.75,1.0,0.0,0.0,0.0,pre,1,0,0,0,0,0,1,ZERO_VOL,74.0
2026-03-25 09:53:42.197251,09:53,25,3,2026,2,5,23266.9,23266.9,23266.9,23266.9,0.0,23266.9,0.0,0.0,23266.9,1.0,0.0,0.0,0.0,pre,1,0,0,0,0,0,1,ZERO_VOL,84.5
2026-03-25 09:53:42.346775,09:53,25,3,2026,2,5,23268.6,23268.6,23268.6,23268.6,0.0,23268.6,0.0,0.0,23268.6,1.0,0.0,0.0,0.0,pre,1,0,0,0,0,0,1,ZERO_VOL,149.0
2026-03-25 09:53:42.405839,09:53,25,3,2026,2,5,23262.75,23262.75,23262.75,23262.75,0.0,23262.75,0.0,0.0,23262.75,1.0,0.0,0.0,0.0,pre,1,0,0,0,0,0,1,ZERO_VOL,58.5
2026-03-25 09:53:44.154489,09:53,25,3,2026,2,5,23267.65,23267.65,23267.65,23267.65,0.0,23267.65,0.0,0.0,23267.65,1.0,0.0,0.0,0.0,pre,1,0,0,0,0,0,1,ZERO_VOL,104.7
2026-03-25 09:53:44.284546,09:53,25,3,2026,2,5,23267.65,23267.65,23267.65,23267.65,0.0,23267.65,0.0,0.0,23267.65,1.0,0.0,0.0,0.0,pre,1,0,0,0,0,0,1,ZERO_VOL,129.6
2026-03-25 09:53:44.374633,09:53,25,3,2026,2,5,23267.65,23267.65,23267.65,23267.65,0.0,23267.65,0.0,0.0,23267.65,1.0,0.0,0.0,0.0,pre,1,0,0,0,0,0,1,ZERO_VOL,89.6
2026-03-25 09:53:44.450064,09:53,25,3,2026,2,5,23267.65,23267.65,23267.65,23267.65,0.0,23267.65,0.0,0.0,23267.65,1.0,0.0,0.0,0.0,pre,1,0,0,0,0,0,1,ZERO_VOL,74.9
2026-03-25 09:53:44.503376,09:53,25,3,2026,2,5,23266.9,23266.9,23266.9,23266.9,0.0,23266.9,0.0,0.0,23266.9,1.0,0.0,0.0,0.0,pre,1,0,0,0,0,0,1,ZERO_VOL,52.8
2026-03-25 09:53:46.300628,09:53,25,3,2026,2,5,23271.9,23271.9,23271.9,23271.9,0.0,23271.9,0.0,0.0,23271.9,1.0,0.0,0.0,0.0,pre,1,0,0,0,0,0,1,ZERO_VOL,88.9
2026-03-25 09:53:46.417438,09:53,25,3,2026,2,5,23269.45,23269.45,23269.45,23269.45,0.0,23269.45,0.0,0.0,23269.45,1.0,0.0,0.0,0.0,pre,1,0,0,0,0,0,1,ZERO_VOL,116.3
2026-03-25 09:53:46.506560,09:53,25,3,2026,2,5,23271.9,23271.9,23271.9,23271.9,0.0,23271.9,0.0,0.0,23271.9,1.0,0.0,0.0,0.0,pre,1,0,0,0,0,0,1,ZERO_VOL,88.6
2026-03-25 09:53:46.569812,09:53,25,3,2026,2,5,23263.7,23263.7,23263.7,23263.7,0.0,23263.7,0.0,0.0,23263.7,1.0,0.0,0.0,0.0,pre,1,0,0,0,0,0,1,ZERO_VOL,62.8
2026-03-25 09:53:46.626205,09:53,25,3,2026,2,5,23263.7,23263.7,23263.7,23263.7,0.0,23263.7,0.0,0.0,23263.7,1.0,0.0,0.0,0.0,pre,1,0,0,0,0,0,1,ZERO_VOL,55.8
2026-03-25 09:53:49.216407,09:53,25,3,2026,2,5,23273.25,23273.25,23273.25,23273.25,0.0,23273.25,0.0,0.0,23273.25,1.0,0.0,0.0,0.0,pre,1,0,0,0,0,0,1,ZERO_VOL,88.2
2026-03-25 09:53:49.332328,09:53,25,3,2026,2,5,23273.25,23273.25,23273.25,23273.25,0.0,23273.25,0.0,0.0,23273.25,1.0,0.0,0.0,0.0,pre,1,0,0,0,0,0,1,ZERO_VOL,115.5
2026-03-25 09:53:49.389720,09:53,25,3,2026,2,5,23262.75,23262.75,23262.75,23262.75,0.0,23262.75,0.0,0.0,23262.75,1.0,0.0,0.0,0.0,pre,1,0,0,0,0,0,1,ZERO_VOL,56.9
2026-03-25 09:53:49.535638,09:53,25,3,2026,2,5,23274.7,23274.7,23274.7,23274.7,0.0,23274.7,0.0,0.0,23274.7,1.0,0.0,0.0,0.0,pre,1,0,0,0,0,0,1,ZERO_VOL,145.4
2026-03-25 09:53:49.628430,09:53,25,3,2026,2,5,23273.25,23273.25,23273.25,23273.25,0.0,23273.25,0.0,0.0,23273.25,1.0,0.0,0.0,0.0,pre,1,0,0,0,0,0,1,ZERO_VOL,92.0
2026-03-25 09:53:51.944251,09:53,25,3,2026,2,5,23267.65,23267.65,23267.65,23267.65,0.0,23267.65,0.0,0.0,23267.65,1.0,0.0,0.0,0.0,pre,1,0,0,0,0,0,1,ZERO_VOL,65.2
2026-03-25 09:53:52.039851,09:53,25,3,2026,2,5,23276.6,23276.6,23276.6,23276.6,0.0,23276.6,0.0,0.0,23276.6,1.0,0.0,0.0,0.0,pre,1,0,0,0,0,0,1,ZERO_VOL,95.1
2026-03-25 09:53:52.096077,09:53,25,3,2026,2,5,23267.65,23267.65,23267.65,23267.65,0.0,23267.65,0.0,0.0,23267.65,1.0,0.0,0.0,0.0,pre,1,0,0,0,0,0,1,ZERO_VOL,55.8
2026-03-25 09:53:52.277145,09:53,25,3,2026,2,5,23275.5,23275.5,23275.5,23275.5,0.0,23275.5,0.0,0.0,23275.5,1.0,0.0,0.0,0.0,pre,1,0,0,0,0,0,1,ZERO_VOL,180.5
2026-03-25 09:53:52.394909,09:53,25,3,2026,2,5,23274.9,23274.9,23274.9,23274.9,0.0,23274.9,0.0,0.0,23274.9,1.0,0.0,0.0,0.0,pre,1,0,0,0,0,0,1,ZERO_VOL,117.3
2026-03-25 09:53:54.805692,09:53,25,3,2026,2,5,23271.9,23271.9,23271.9,23271.9,0.0,23271.9,0.0,0.0,23271.9,1.0,0.0,0.0,0.0,pre,1,0,0,0,0,0,1,ZERO_VOL,66.5
2026-03-25 09:53:54.859833,09:53,25,3,2026,2,5,23269.45,23269.45,23269.45,23269.45,0.0,23269.45,0.0,0.0,23269.45,1.0,0.0,0.0,0.0,pre,1,0,0,0,0,0,1,ZERO_VOL,53.6
2026-03-25 09:53:55.037334,09:53,25,3,2026,2,5,23280.6,23280.6,23280.6,23280.6,0.0,23280.6,0.0,0.0,23280.6,1.0,0.0,0.0,0.0,pre,1,0,0,0,0,0,1,ZERO_VOL,177.0
2026-03-25 09:53:55.217613,09:53,25,3,2026,2,5,23280.6,23280.6,23280.6,23280.6,0.0,23280.6,0.0,0.0,23280.6,1.0,0.0,0.0,0.0,pre,1,0,0,0,0,0,1,ZERO_VOL,179.8
2026-03-25 09:53:55.298780,09:53,25,3,2026,2,5,23275.45,23275.45,23275.45,23275.45,0.0,23275.45,0.0,0.0,23275.45,1.0,0.0,0.0,0.0,pre,1,0,0,0,0,0,1,ZERO_VOL,80.7
2026-03-25 09:53:57.581885,09:53,25,3,2026,2,5,23278.1,23278.1,23278.1,23278.1,0.0,23278.1,0.0,0.0,23278.1,1.0,0.0,0.0,0.0,pre,1,0,0,0,0,0,1,ZERO_VOL,150.1
2026-03-25 09:53:57.668517,09:53,25,3,2026,2,5,23273.95,23273.95,23273.95,23273.95,0.0,23273.95,0.0,0.0,23273.95,1.0,0.0,0.0,0.0,pre,1,0,0,0,0,0,1,ZERO_VOL,86.2
2026-03-25 09:53:57.847812,09:53,25,3,2026,2,5,23272.8,23272.8,23272.8,23272.8,0.0,23272.8,0.0,0.0,23272.8,1.0,0.0,0.0,0.0,pre,1,0,0,0,0,0,1,ZERO_VOL,178.8
2026-03-25 09:53:58.025897,09:53,25,3,2026,2,5,23272.8,23272.8,23272.8,23272.8,0.0,23272.8,0.0,0.0,23272.8,1.0,0.0,0.0,0.0,pre,1,0,0,0,0,0,1,ZERO_VOL,177.6
2026-03-25 09:53:58.150913,09:53,25,3,2026,2,5,23272.8,23272.8,23272.8,23272.8,0.0,23272.8,0.0,0.0,23272.8,1.0,0.0,0.0,0.0,pre,1,0,0,0,0,0,1,ZERO_VOL,124.5
2026-03-25 09:53:59.891242,09:53,25,3,2026,2,5,23272.3,23272.3,23272.3,23272.3,0.0,23272.3,0.0,0.0,23272.3,1.0,0.0,0.0,0.0,pre,1,0,0,0,0,0,1,ZERO_VOL,102.0
2026-03-25 09:54:00.008075,09:54,25,3,2026,2,5,23275.05,23275.05,23275.05,23275.05,0.0,23275.05,0.0,0.0,23275.05,1.0,0.0,0.0,0.0,pre,1,0,0,0,0,0,1,ZERO_VOL,116.3
2026-03-25 09:54:00.088143,09:54,25,3,2026,2,5,23274.85,23274.85,23274.85,23274.85,0.0,23274.85,0.0,0.0,23274.85,1.0,0.0,0.0,0.0,pre,1,0,0,0,0,0,1,ZERO_VOL,79.5
2026-03-25 09:54:00.176155,09:54,25,3,2026,2,5,23274.85,23274.85,23274.85,23274.85,0.0,23274.85,0.0,0.0,23274.85,1.0,0.0,0.0,0.0,pre,1,0,0,0,0,0,1,ZERO_VOL,87.5
2026-03-25 09:54:00.262766,09:54,25,3,2026,2,5,23274.85,23274.85,23274.85,23274.85,0.0,23274.85,0.0,0.0,23274.85,1.0,0.0,0.0,0.0,pre,1,0,0,0,0,0,1,ZERO_VOL,86.1
2026-03-25 09:54:02.639868,09:54,25,3,2026,2,5,23273.15,23273.15,23273.15,23273.15,0.0,23273.15,0.0,0.0,23273.15,1.0,0.0,0.0,0.0,pre,1,0,0,0,0,0,1,ZERO_VOL,148.1
2026-03-25 09:54:02.706284,09:54,25,3,2026,2,5,23274.85,23274.85,23274.85,23274.85,0.0,23274.85,0.0,0.0,23274.85,1.0,0.0,0.0,0.0,pre,1,0,0,0,0,0,1,ZERO_VOL,65.9
2026-03-25 09:54:02.770766,09:54,25,3,2026,2,5,23274.85,23274.85,23274.85,23274.85,0.0,23274.85,0.0,0.0,23274.85,1.0,0.0,0.0,0.0,pre,1,0,0,0,0,0,1,ZERO_VOL,63.9
2026-03-25 09:54:02.911262,09:54,25,3,2026,2,5,23271.7,23271.7,23271.7,23271.7,0.0,23271.7,0.0,0.0,23271.7,1.0,0.0,0.0,0.0,pre,1,0,0,0,0,0,1,ZERO_VOL,140.0
2026-03-25 09:54:03.006794,09:54,25,3,2026,2,5,23273.15,23273.15,23273.15,23273.15,0.0,23273.15,0.0,0.0,23273.15,1.0,0.0,0.0,0.0,pre,1,0,0,0,0,0,1,ZERO_VOL,95.1
2026-03-25 09:54:05.243649,09:54,25,3,2026,2,5,23270.45,23270.45,23270.45,23270.45,0.0,23270.45,0.0,0.0,23270.45,1.0,0.0,0.0,0.0,pre,1,0,0,0,0,0,1,ZERO_VOL,91.6
2026-03-25 09:54:05.330461,09:54,25,3,2026,2,5,23270.45,23270.45,23270.45,23270.45,0.0,23270.45,0.0,0.0,23270.45,1.0,0.0,0.0,0.0,pre,1,0,0,0,0,0,1,ZERO_VOL,86.3
2026-03-25 09:54:05.479900,09:54,25,3,2026,2,5,23272.0,23272.0,23272.0,23272.0,0.0,23272.0,0.0,0.0,23272.0,1.0,0.0,0.0,0.0,pre,1,0,0,0,0,0,1,ZERO_VOL,148.9
2026-03-25 09:54:05.647422,09:54,25,3,2026,2,5,23271.35,23271.35,23271.35,23271.35,0.0,23271.35,0.0,0.0,23271.35,1.0,0.0,0.0,0.0,pre,1,0,0,0,0,0,1,ZERO_VOL,167.0
2026-03-25 09:54:05.798847,09:54,25,3,2026,2,5,23271.35,23271.35,23271.35,23271.35,0.0,23271.35,0.0,0.0,23271.35,1.0,0.0,0.0,0.0,pre,1,0,0,0,0,0,1,ZERO_VOL,151.0
2026-03-25 09:54:08.369042,09:54,25,3,2026,2,5,23272.8,23272.8,23272.8,23272.8,0.0,23272.8,0.0,0.0,23272.8,1.0,0.0,0.0,0.0,pre,1,0,0,0,0,0,1,ZERO_VOL,177.7
2026-03-25 09:54:08.475807,09:54,25,3,2026,2,5,23272.8,23272.8,23272.8,23272.8,0.0,23272.8,0.0,0.0,23272.8,1.0,0.0,0.0,0.0,pre,1,0,0,0,0,0,1,ZERO_VOL,106.2
2026-03-25 09:54:08.653314,09:54,25,3,2026,2,5,23271.35,23271.35,23271.35,23271.35,0.0,23271.35,0.0,0.0,23271.35,1.0,0.0,0.0,0.0,pre,1,0,0,0,0,0,1,ZERO_VOL,176.9
2026-03-25 09:54:08.739155,09:54,25,3,2026,2,5,23272.8,23272.8,23272.8,23272.8,0.0,23272.8,0.0,0.0,23272.8,1.0,0.0,0.0,0.0,pre,1,0,0,0,0,0,1,ZERO_VOL,85.3
2026-03-25 09:54:08.855709,09:54,25,3,2026,2,5,23271.35,23271.35,23271.35,23271.35,0.0,23271.35,0.0,0.0,23271.35,1.0,0.0,0.0,0.0,pre,1,0,0,0,0,0,1,ZERO_VOL,116.0
2026-03-25 09:54:11.202920,09:54,25,3,2026,2,5,23274.75,23274.75,23274.75,23274.75,0.0,23274.75,0.0,0.0,23274.75,1.0,0.0,0.0,0.0,pre,1,0,0,0,0,0,1,ZERO_VOL,95.3
2026-03-25 09:54:11.296311,09:54,25,3,2026,2,5,23274.75,23274.75,23274.75,23274.75,0.0,23274.75,0.0,0.0,23274.75,1.0,0.0,0.0,0.0,pre,1,0,0,0,0,0,1,ZERO_VOL,92.9
2026-03-25 09:54:11.354046,09:54,25,3,2026,2,5,23274.75,23274.75,23274.75,23274.75,0.0,23274.75,0.0,0.0,23274.75,1.0,0.0,0.0,0.0,pre,1,0,0,0,0,0,1,ZERO_VOL,57.3
2026-03-25 09:54:11.409229,09:54,25,3,2026,2,5,23271.35,23271.35,23271.35,23271.35,0.0,23271.35,0.0,0.0,23271.35,1.0,0.0,0.0,0.0,pre,1,0,0,0,0,0,1,ZERO_VOL,54.7
2026-03-25 09:54:11.486495,09:54,25,3,2026,2,5,23274.75,23274.75,23274.75,23274.75,0.0,23274.75,0.0,0.0,23274.75,1.0,0.0,0.0,0.0,pre,1,0,0,0,0,0,1,ZERO_VOL,76.8
2026-03-25 09:54:13.940302,09:54,25,3,2026,2,5,23270.45,23270.45,23270.45,23270.45,0.0,23270.45,0.0,0.0,23270.45,1.0,0.0,0.0,0.0,pre,1,0,0,0,0,0,1,ZERO_VOL,68.9
2026-03-25 09:54:14.036998,09:54,25,3,2026,2,5,23275.85,23275.85,23275.85,23275.85,0.0,23275.85,0.0,0.0,23275.85,1.0,0.0,0.0,0.0,pre,1,0,0,0,0,0,1,ZERO_VOL,96.2
2026-03-25 09:54:14.135823,09:54,25,3,2026,2,5,23274.4,23274.4,23274.4,23274.4,0.0,23274.4,0.0,0.0,23274.4,1.0,0.0,0.0,0.0,pre,1,0,0,0,0,0,1,ZERO_VOL,98.3
2026-03-25 09:54:14.196408,09:54,25,3,2026,2,5,23270.45,23270.45,23270.45,23270.45,0.0,23270.45,0.0,0.0,23270.45,1.0,0.0,0.0,0.0,pre,1,0,0,0,0,0,1,ZERO_VOL,60.1
2026-03-25 09:54:14.280652,09:54,25,3,2026,2,5,23274.4,23274.4,23274.4,23274.4,0.0,23274.4,0.0,0.0,23274.4,1.0,0.0,0.0,0.0,pre,1,0,0,0,0,0,1,ZERO_VOL,83.8
2026-03-25 09:54:21.055510,09:54,25,3,2026,2,5,23275.85,23275.85,23275.85,23275.85,0.0,23275.85,0.0,0.0,23275.85,1.0,0.0,0.0,0.0,pre,1,0,0,0,0,0,1,ZERO_VOL,59.7
2026-03-25 09:54:21.142245,09:54,25,3,2026,2,5,23275.45,23275.45,23275.45,23275.45,0.0,23275.45,0.0,0.0,23275.45,1.0,0.0,0.0,0.0,pre,1,0,0,0,0,0,1,ZERO_VOL,86.2
2026-03-25 09:54:21.288502,09:54,25,3,2026,2,5,23273.15,23273.15,23273.15,23273.15,0.0,23273.15,0.0,0.0,23273.15,1.0,0.0,0.0,0.0,pre,1,0,0,0,0,0,1,ZERO_VOL,145.8
2026-03-25 09:54:21.378473,09:54,25,3,2026,2,5,23275.45,23275.45,23275.45,23275.45,0.0,23275.45,0.0,0.0,23275.45,1.0,0.0,0.0,0.0,pre,1,0,0,0,0,0,1,ZERO_VOL,89.5
2026-03-25 09:54:21.462380,09:54,25,3,2026,2,5,23275.45,23275.45,23275.45,23275.45,0.0,23275.45,0.0,0.0,23275.45,1.0,0.0,0.0,0.0,pre,1,0,0,0,0,0,1,ZERO_VOL,83.4
2026-03-25 09:54:23.361951,09:54,25,3,2026,2,5,23275.25,23275.25,23275.25,23275.25,0.0,23275.25,0.0,0.0,23275.25,1.0,0.0,0.0,0.0,pre,1,0,0,0,0,0,1,ZERO_VOL,83.6
2026-03-25 09:54:23.417020,09:54,25,3,2026,2,5,23273.15,23273.15,23273.15,23273.15,0.0,23273.15,0.0,0.0,23273.15,1.0,0.0,0.0,0.0,pre,1,0,0,0,0,0,1,ZERO_VOL,54.6
2026-03-25 09:54:23.509348,09:54,25,3,2026,2,5,23274.35,23274.35,23274.35,23274.35,0.0,23274.35,0.0,0.0,23274.35,1.0,0.0,0.0,0.0,pre,1,0,0,0,0,0,1,ZERO_VOL,91.8
2026-03-25 09:54:23.671514,09:54,25,3,2026,2,5,23275.25,23275.25,23275.25,23275.25,0.0,23275.25,0.0,0.0,23275.25,1.0,0.0,0.0,0.0,pre,1,0,0,0,0,0,1,ZERO_VOL,161.6
2026-03-25 09:54:23.833516,09:54,25,3,2026,2,5,23275.25,23275.25,23275.25,23275.25,0.0,23275.25,0.0,0.0,23275.25,1.0,0.0,0.0,0.0,pre,1,0,0,0,0,0,1,ZERO_VOL,161.0
2026-03-25 09:54:25.735092,09:54,25,3,2026,2,5,23272.1,23272.1,23272.1,23272.1,0.0,23272.1,0.0,0.0,23272.1,1.0,0.0,0.0,0.0,pre,1,0,0,0,0,0,1,ZERO_VOL,176.4
2026-03-25 09:54:25.832608,09:54,25,3,2026,2,5,23275.65,23275.65,23275.65,23275.65,0.0,23275.65,0.0,0.0,23275.65,1.0,0.0,0.0,0.0,pre,1,0,0,0,0,0,1,ZERO_VOL,97.0
2026-03-25 09:54:25.941568,09:54,25,3,2026,2,5,23272.1,23272.1,23272.1,23272.1,0.0,23272.1,0.0,0.0,23272.1,1.0,0.0,0.0,0.0,pre,1,0,0,0,0,0,1,ZERO_VOL,108.4
2026-03-25 09:54:26.000592,09:54,25,3,2026,2,5,23273.15,23273.15,23273.15,23273.15,0.0,23273.15,0.0,0.0,23273.15,1.0,0.0,0.0,0.0,pre,1,0,0,0,0,0,1,ZERO_VOL,58.6
2026-03-25 09:54:26.087705,09:54,25,3,2026,2,5,23274.05,23274.05,23274.05,23274.05,0.0,23274.05,0.0,0.0,23274.05,1.0,0.0,0.0,0.0,pre,1,0,0,0,0,0,1,ZERO_VOL,86.6
2026-03-25 09:54:27.910918,09:54,25,3,2026,2,5,23273.85,23273.85,23273.85,23273.85,0.0,23273.85,0.0,0.0,23273.85,1.0,0.0,0.0,0.0,pre,1,0,0,0,0,0,1,ZERO_VOL,97.3
2026-03-25 09:54:28.066554,09:54,25,3,2026,2,5,23273.5,23273.5,23273.5,23273.5,0.0,23273.5,0.0,0.0,23273.5,1.0,0.0,0.0,0.0,pre,1,0,0,0,0,0,1,ZERO_VOL,155.1
2026-03-25 09:54:28.148801,09:54,25,3,2026,2,5,23273.85,23273.85,23273.85,23273.85,0.0,23273.85,0.0,0.0,23273.85,1.0,0.0,0.0,0.0,pre,1,0,0,0,0,0,1,ZERO_VOL,81.7
2026-03-25 09:54:28.297662,09:54,25,3,2026,2,5,23273.5,23273.5,23273.5,23273.5,0.0,23273.5,0.0,0.0,23273.5,1.0,0.0,0.0,0.0,pre,1,0,0,0,0,0,1,ZERO_VOL,148.4
2026-03-25 09:54:28.374947,09:54,25,3,2026,2,5,23275.25,23275.25,23275.25,23275.25,0.0,23275.25,0.0,0.0,23275.25,1.0,0.0,0.0,0.0,pre,1,0,0,0,0,0,1,ZERO_VOL,76.8
2026-03-25 09:54:30.187254,09:54,25,3,2026,2,5,23275.25,23275.25,23275.25,23275.25,0.0,23275.25,0.0,0.0,23275.25,1.0,0.0,0.0,0.0,pre,1,0,0,0,0,0,1,ZERO_VOL,54.2
2026-03-25 09:54:30.293789,09:54,25,3,2026,2,5,23275.25,23275.25,23275.25,23275.25,0.0,23275.25,0.0,0.0,23275.25,1.0,0.0,0.0,0.0,pre,1,0,0,0,0,0,1,ZERO_VOL,106.0
2026-03-25 09:54:30.408457,09:54,25,3,2026,2,5,23274.45,23274.45,23274.45,23274.45,0.0,23274.45,0.0,0.0,23274.45,1.0,0.0,0.0,0.0,pre,1,0,0,0,0,0,1,ZERO_VOL,114.2
2026-03-25 09:54:30.507563,09:54,25,3,2026,2,5,23275.25,23275.25,23275.25,23275.25,0.0,23275.25,0.0,0.0,23275.25,1.0,0.0,0.0,0.0,pre,1,0,0,0,0,0,1,ZERO_VOL,98.5
2026-03-25 09:54:30.581829,09:54,25,3,2026,2,5,23274.45,23274.45,23274.45,23274.45,0.0,23274.45,0.0,0.0,23274.45,1.0,0.0,0.0,0.0,pre,1,0,0,0,0,0,1,ZERO_VOL,73.7
2026-03-25 09:54:32.606738,09:54,25,3,2026,2,5,23274.2,23274.2,23274.2,23274.2,0.0,23274.2,0.0,0.0,23274.2,1.0,0.0,0.0,0.0,pre,1,0,0,0,0,0,1,ZERO_VOL,143.7
2026-03-25 09:54:32.765310,09:54,25,3,2026,2,5,23274.2,23274.2,23274.2,23274.2,0.0,23274.2,0.0,0.0,23274.2,1.0,0.0,0.0,0.0,pre,1,0,0,0,0,0,1,ZERO_VOL,158.1
2026-03-25 09:54:32.825243,09:54,25,3,2026,2,5,23274.35,23274.35,23274.35,23274.35,0.0,23274.35,0.0,0.0,23274.35,1.0,0.0,0.0,0.0,pre,1,0,0,0,0,0,1,ZERO_VOL,59.4
2026-03-25 09:54:32.924411,09:54,25,3,2026,2,5,23275.65,23275.65,23275.65,23275.65,0.0,23275.65,0.0,0.0,23275.65,1.0,0.0,0.0,0.0,pre,1,0,0,0,0,0,1,ZERO_VOL,98.7
2026-03-25 09:54:33.070540,09:54,25,3,2026,2,5,23274.2,23274.2,23274.2,23274.2,0.0,23274.2,0.0,0.0,23274.2,1.0,0.0,0.0,0.0,pre,1,0,0,0,0,0,1,ZERO_VOL,145.7
2026-03-25 09:54:34.861268,09:54,25,3,2026,2,5,23275.0,23275.0,23275.0,23275.0,0.0,23275.0,0.0,0.0,23275.0,1.0,0.0,0.0,0.0,pre,1,0,0,0,0,0,1,ZERO_VOL,95.0
2026-03-25 09:54:34.916164,09:54,25,3,2026,2,5,23275.65,23275.65,23275.65,23275.65,0.0,23275.65,0.0,0.0,23275.65,1.0,0.0,0.0,0.0,pre,1,0,0,0,0,0,1,ZERO_VOL,54.3
2026-03-25 09:54:35.038372,09:54,25,3,2026,2,5,23273.55,23273.55,23273.55,23273.55,0.0,23273.55,0.0,0.0,23273.55,1.0,0.0,0.0,0.0,pre,1,0,0,0,0,0,1,ZERO_VOL,121.7
2026-03-25 09:54:35.094060,09:54,25,3,2026,2,5,23273.55,23273.55,23273.55,23273.55,0.0,23273.55,0.0,0.0,23273.55,1.0,0.0,0.0,0.0,pre,1,0,0,0,0,0,1,ZERO_VOL,55.2
2026-03-25 09:54:35.152873,09:54,25,3,2026,2,5,23272.1,23272.1,23272.1,23272.1,0.0,23272.1,0.0,0.0,23272.1,1.0,0.0,0.0,0.0,pre,1,0,0,0,0,0,1,ZERO_VOL,58.3
2026-03-25 09:54:36.887216,09:54,25,3,2026,2,5,23277.0,23277.0,23277.0,23277.0,0.0,23277.0,0.0,0.0,23277.0,1.0,0.0,0.0,0.0,pre,1,0,0,0,0,0,1,ZERO_VOL,144.6
2026-03-25 09:54:36.945866,09:54,25,3,2026,2,5,23273.85,23273.85,23273.85,23273.85,0.0,23273.85,0.0,0.0,23273.85,1.0,0.0,0.0,0.0,pre,1,0,0,0,0,0,1,ZERO_VOL,58.2
2026-03-25 09:54:37.052841,09:54,25,3,2026,2,5,23276.45,23276.45,23276.45,23276.45,0.0,23276.45,0.0,0.0,23276.45,1.0,0.0,0.0,0.0,pre,1,0,0,0,0,0,1,ZERO_VOL,106.4
2026-03-25 09:54:37.142412,09:54,25,3,2026,2,5,23278.55,23278.55,23278.55,23278.55,0.0,23278.55,0.0,0.0,23278.55,1.0,0.0,0.0,0.0,pre,1,0,0,0,0,0,1,ZERO_VOL,89.1
2026-03-25 09:54:37.258643,09:54,25,3,2026,2,5,23277.0,23277.0,23277.0,23277.0,0.0,23277.0,0.0,0.0,23277.0,1.0,0.0,0.0,0.0,pre,1,0,0,0,0,0,1,ZERO_VOL,115.8
2026-03-25 09:54:39.275209,09:54,25,3,2026,2,5,23278.95,23278.95,23278.95,23278.95,0.0,23278.95,0.0,0.0,23278.95,1.0,0.0,0.0,0.0,pre,1,0,0,0,0,0,1,ZERO_VOL,123.0
2026-03-25 09:54:39.331306,09:54,25,3,2026,2,5,23274.45,23274.45,23274.45,23274.45,0.0,23274.45,0.0,0.0,23274.45,1.0,0.0,0.0,0.0,pre,1,0,0,0,0,0,1,ZERO_VOL,55.6
2026-03-25 09:54:39.489139,09:54,25,3,2026,2,5,23279.35,23279.35,23279.35,23279.35,0.0,23279.35,0.0,0.0,23279.35,1.0,0.0,0.0,0.0,pre,1,0,0,0,0,0,1,ZERO_VOL,157.4
2026-03-25 09:54:39.643746,09:54,25,3,2026,2,5,23278.2,23278.2,23278.2,23278.2,0.0,23278.2,0.0,0.0,23278.2,1.0,0.0,0.0,0.0,pre,1,0,0,0,0,0,1,ZERO_VOL,154.1
2026-03-25 09:54:39.738981,09:54,25,3,2026,2,5,23279.35,23279.35,23279.35,23279.35,0.0,23279.35,0.0,0.0,23279.35,1.0,0.0,0.0,0.0,pre,1,0,0,0,0,0,1,ZERO_VOL,94.8
2026-03-25 09:54:41.626383,09:54,25,3,2026,2,5,23280.05,23280.05,23280.05,23280.05,0.0,23280.05,0.0,0.0,23280.05,1.0,0.0,0.0,0.0,pre,1,0,0,0,0,0,1,ZERO_VOL,156.0
2026-03-25 09:54:41.691702,09:54,25,3,2026,2,5,23280.05,23280.05,23280.05,23280.05,0.0,23280.05,0.0,0.0,23280.05,1.0,0.0,0.0,0.0,pre,1,0,0,0,0,0,1,ZERO_VOL,64.8
2026-03-25 09:54:41.838282,09:54,25,3,2026,2,5,23280.05,23280.05,23280.05,23280.05,0.0,23280.05,0.0,0.0,23280.05,1.0,0.0,0.0,0.0,pre,1,0,0,0,0,0,1,ZERO_VOL,146.0
2026-03-25 09:54:42.023868,09:54,25,3,2026,2,5,23278.05,23278.05,23278.05,23278.05,0.0,23278.05,0.0,0.0,23278.05,1.0,0.0,0.0,0.0,pre,1,0,0,0,0,0,1,ZERO_VOL,185.1
2026-03-25 09:54:42.122239,09:54,25,3,2026,2,5,23278.55,23278.55,23278.55,23278.55,0.0,23278.55,0.0,0.0,23278.55,1.0,0.0,0.0,0.0,pre,1,0,0,0,0,0,1,ZERO_VOL,97.9
2026-03-25 09:54:43.810757,09:54,25,3,2026,2,5,23277.0,23277.0,23277.0,23277.0,0.0,23277.0,0.0,0.0,23277.0,1.0,0.0,0.0,0.0,pre,1,0,0,0,0,0,1,ZERO_VOL,53.5
2026-03-25 09:54:43.985116,09:54,25,3,2026,2,5,23280.2,23280.2,23280.2,23280.2,0.0,23280.2,0.0,0.0,23280.2,1.0,0.0,0.0,0.0,pre,1,0,0,0,0,0,1,ZERO_VOL,173.9
2026-03-25 09:54:44.127064,09:54,25,3,2026,2,5,23280.2,23280.2,23280.2,23280.2,0.0,23280.2,0.0,0.0,23280.2,1.0,0.0,0.0,0.0,pre,1,0,0,0,0,0,1,ZERO_VOL,141.4
2026-03-25 09:54:44.275481,09:54,25,3,2026,2,5,23280.2,23280.2,23280.2,23280.2,0.0,23280.2,0.0,0.0,23280.2,1.0,0.0,0.0,0.0,pre,1,0,0,0,0,0,1,ZERO_VOL,147.9
2026-03-25 09:54:44.376443,09:54,25,3,2026,2,5,23280.35,23280.35,23280.35,23280.35,0.0,23280.35,0.0,0.0,23280.35,1.0,0.0,0.0,0.0,pre,1,0,0,0,0,0,1,ZERO_VOL,100.4
2026-03-25 09:54:46.045298,09:54,25,3,2026,2,5,23279.3,23279.3,23279.3,23279.3,0.0,23279.3,0.0,0.0,23279.3,1.0,0.0,0.0,0.0,pre,1,0,0,0,0,0,1,ZERO_VOL,146.4
2026-03-25 09:54:46.234139,09:54,25,3,2026,2,5,23279.3,23279.3,23279.3,23279.3,0.0,23279.3,0.0,0.0,23279.3,1.0,0.0,0.0,0.0,pre,1,0,0,0,0,0,1,ZERO_VOL,188.4
2026-03-25 09:54:46.291026,09:54,25,3,2026,2,5,23278.95,23278.95,23278.95,23278.95,0.0,23278.95,0.0,0.0,23278.95,1.0,0.0,0.0,0.0,pre,1,0,0,0,0,0,1,ZERO_VOL,56.4
2026-03-25 09:54:46.436050,09:54,25,3,2026,2,5,23279.3,23279.3,23279.3,23279.3,0.0,23279.3,0.0,0.0,23279.3,1.0,0.0,0.0,0.0,pre,1,0,0,0,0,0,1,ZERO_VOL,144.5
2026-03-25 09:54:46.587308,09:54,25,3,2026,2,5,23279.3,23279.3,23279.3,23279.3,0.0,23279.3,0.0,0.0,23279.3,1.0,0.0,0.0,0.0,pre,1,0,0,0,0,0,1,ZERO_VOL,150.5
2026-03-25 09:54:48.390104,09:54,25,3,2026,2,5,23280.05,23280.05,23280.05,23280.05,0.0,23280.05,0.0,0.0,23280.05,1.0,0.0,0.0,0.0,pre,1,0,0,0,0,0,1,ZERO_VOL,53.8
2026-03-25 09:54:48.476602,09:54,25,3,2026,2,5,23279.8,23279.8,23279.8,23279.8,0.0,23279.8,0.0,0.0,23279.8,1.0,0.0,0.0,0.0,pre,1,0,0,0,0,0,1,ZERO_VOL,86.0
2026-03-25 09:54:48.566027,09:54,25,3,2026,2,5,23279.8,23279.8,23279.8,23279.8,0.0,23279.8,0.0,0.0,23279.8,1.0,0.0,0.0,0.0,pre,1,0,0,0,0,0,1,ZERO_VOL,89.0
2026-03-25 09:54:48.656034,09:54,25,3,2026,2,5,23279.3,23279.3,23279.3,23279.3,0.0,23279.3,0.0,0.0,23279.3,1.0,0.0,0.0,0.0,pre,1,0,0,0,0,0,1,ZERO_VOL,89.4
2026-03-25 09:54:48.737612,09:54,25,3,2026,2,5,23279.8,23279.8,23279.8,23279.8,0.0,23279.8,0.0,0.0,23279.8,1.0,0.0,0.0,0.0,pre,1,0,0,0,0,0,1,ZERO_VOL,81.1
2026-03-25 09:54:50.501861,09:54,25,3,2026,2,5,23280.15,23280.15,23280.15,23280.15,0.0,23280.15,0.0,0.0,23280.15,1.0,0.0,0.0,0.0,pre,1,0,0,0,0,0,1,ZERO_VOL,101.1
2026-03-25 09:54:50.603691,09:54,25,3,2026,2,5,23279.05,23279.05,23279.05,23279.05,0.0,23279.05,0.0,0.0,23279.05,1.0,0.0,0.0,0.0,pre,1,0,0,0,0,0,1,ZERO_VOL,101.3
2026-03-25 09:54:50.694969,09:54,25,3,2026,2,5,23280.15,23280.15,23280.15,23280.15,0.0,23280.15,0.0,0.0,23280.15,1.0,0.0,0.0,0.0,pre,1,0,0,0,0,0,1,ZERO_VOL,90.8
2026-03-25 09:54:50.799178,09:54,25,3,2026,2,5,23280.15,23280.15,23280.15,23280.15,0.0,23280.15,0.0,0.0,23280.15,1.0,0.0,0.0,0.0,pre,1,0,0,0,0,0,1,ZERO_VOL,103.7
2026-03-25 09:54:50.939365,09:54,25,3,2026,2,5,23279.05,23279.05,23279.05,23279.05,0.0,23279.05,0.0,0.0,23279.05,1.0,0.0,0.0,0.0,pre,1,0,0,0,0,0,1,ZERO_VOL,139.7
2026-03-25 09:54:52.816522,09:54,25,3,2026,2,5,23279.8,23279.8,23279.8,23279.8,0.0,23279.8,0.0,0.0,23279.8,1.0,0.0,0.0,0.0,pre,1,0,0,0,0,0,1,ZERO_VOL,60.6
2026-03-25 09:54:52.893996,09:54,25,3,2026,2,5,23280.25,23280.25,23280.25,23280.25,0.0,23280.25,0.0,0.0,23280.25,1.0,0.0,0.0,0.0,pre,1,0,0,0,0,0,1,ZERO_VOL,77.0
2026-03-25 09:54:52.989731,09:54,25,3,2026,2,5,23280.25,23280.25,23280.25,23280.25,0.0,23280.25,0.0,0.0,23280.25,1.0,0.0,0.0,0.0,pre,1,0,0,0,0,0,1,ZERO_VOL,95.3
2026-03-25 09:54:53.084263,09:54,25,3,2026,2,5,23280.5,23280.5,23280.5,23280.5,0.0,23280.5,0.0,0.0,23280.5,1.0,0.0,0.0,0.0,pre,1,0,0,0,0,0,1,ZERO_VOL,93.8
2026-03-25 09:54:53.140506,09:54,25,3,2026,2,5,23280.35,23280.35,23280.35,23280.35,0.0,23280.35,0.0,0.0,23280.35,1.0,0.0,0.0,0.0,pre,1,0,0,0,0,0,1,ZERO_VOL,55.8
2026-03-25 09:54:55.286039,09:54,25,3,2026,2,5,23280.95,23280.95,23280.95,23280.95,0.0,23280.95,0.0,0.0,23280.95,1.0,0.0,0.0,0.0,pre,1,0,0,0,0,0,1,ZERO_VOL,148.9
2026-03-25 09:54:55.340129,09:54,25,3,2026,2,5,23280.5,23280.5,23280.5,23280.5,0.0,23280.5,0.0,0.0,23280.5,1.0,0.0,0.0,0.0,pre,1,0,0,0,0,0,1,ZERO_VOL,53.6
2026-03-25 09:54:55.436354,09:54,25,3,2026,2,5,23282.25,23282.25,23282.25,23282.25,0.0,23282.25,0.0,0.0,23282.25,1.0,0.0,0.0,0.0,pre,1,0,0,0,0,0,1,ZERO_VOL,95.7
2026-03-25 09:54:55.582874,09:54,25,3,2026,2,5,23280.95,23280.95,23280.95,23280.95,0.0,23280.95,0.0,0.0,23280.95,1.0,0.0,0.0,0.0,pre,1,0,0,0,0,0,1,ZERO_VOL,146.0
2026-03-25 09:54:55.685695,09:54,25,3,2026,2,5,23282.25,23282.25,23282.25,23282.25,0.0,23282.25,0.0,0.0,23282.25,1.0,0.0,0.0,0.0,pre,1,0,0,0,0,0,1,ZERO_VOL,102.3
2026-03-25 09:54:57.561410,09:54,25,3,2026,2,5,23286.7,23286.7,23286.7,23286.7,0.0,23286.7,0.0,0.0,23286.7,1.0,0.0,0.0,0.0,pre,1,0,0,0,0,0,1,ZERO_VOL,177.8
2026-03-25 09:54:57.615030,09:54,25,3,2026,2,5,23279.05,23279.05,23279.05,23279.05,0.0,23279.05,0.0,0.0,23279.05,1.0,0.0,0.0,0.0,pre,1,0,0,0,0,0,1,ZERO_VOL,53.1
2026-03-25 09:54:57.762455,09:54,25,3,2026,2,5,23287.9,23287.9,23287.9,23287.9,0.0,23287.9,0.0,0.0,23287.9,1.0,0.0,0.0,0.0,pre,1,0,0,0,0,0,1,ZERO_VOL,146.9
2026-03-25 09:54:57.916198,09:54,25,3,2026,2,5,23287.9,23287.9,23287.9,23287.9,0.0,23287.9,0.0,0.0,23287.9,1.0,0.0,0.0,0.0,pre,1,0,0,0,0,0,1,ZERO_VOL,153.2
2026-03-25 09:54:58.065411,09:54,25,3,2026,2,5,23287.9,23287.9,23287.9,23287.9,0.0,23287.9,0.0,0.0,23287.9,1.0,0.0,0.0,0.0,pre,1,0,0,0,0,0,1,ZERO_VOL,148.7
2026-03-25 09:54:59.957200,09:54,25,3,2026,2,5,23289.05,23289.05,23289.05,23289.05,0.0,23289.05,0.0,0.0,23289.05,1.0,0.0,0.0,0.0,pre,1,0,0,0,0,0,1,ZERO_VOL,110.1
2026-03-25 09:55:00.052475,09:55,25,3,2026,2,5,23289.05,23289.05,23289.05,23289.05,0.0,23289.05,0.0,0.0,23289.05,1.0,0.0,0.0,0.0,pre,1,0,0,0,0,0,1,ZERO_VOL,94.8
2026-03-25 09:55:00.122379,09:55,25,3,2026,2,5,23280.15,23280.15,23280.15,23280.15,0.0,23280.15,0.0,0.0,23280.15,1.0,0.0,0.0,0.0,pre,1,0,0,0,0,0,1,ZERO_VOL,69.0
2026-03-25 09:55:00.271677,09:55,25,3,2026,2,5,23287.35,23287.35,23287.35,23287.35,0.0,23287.35,0.0,0.0,23287.35,1.0,0.0,0.0,0.0,pre,1,0,0,0,0,0,1,ZERO_VOL,148.7
2026-03-25 09:55:00.326779,09:55,25,3,2026,2,5,23279.05,23279.05,23279.05,23279.05,0.0,23279.05,0.0,0.0,23279.05,1.0,0.0,0.0,0.0,pre,1,0,0,0,0,0,1,ZERO_VOL,54.0
2026-03-25 09:55:02.136781,09:55,25,3,2026,2,5,23282.25,23282.25,23282.25,23282.25,0.0,23282.25,0.0,0.0,23282.25,1.0,0.0,0.0,0.0,pre,1,0,0,0,0,0,1,ZERO_VOL,54.6
2026-03-25 09:55:02.284847,09:55,25,3,2026,2,5,23287.3,23287.3,23287.3,23287.3,0.0,23287.3,0.0,0.0,23287.3,1.0,0.0,0.0,0.0,pre,1,0,0,0,0,0,1,ZERO_VOL,147.4
2026-03-25 09:55:02.340580,09:55,25,3,2026,2,5,23287.35,23287.35,23287.35,23287.35,0.0,23287.35,0.0,0.0,23287.35,1.0,0.0,0.0,0.0,pre,1,0,0,0,0,0,1,ZERO_VOL,55.2
2026-03-25 09:55:02.394361,09:55,25,3,2026,2,5,23287.9,23287.9,23287.9,23287.9,0.0,23287.9,0.0,0.0,23287.9,1.0,0.0,0.0,0.0,pre,1,0,0,0,0,0,1,ZERO_VOL,53.3
2026-03-25 09:55:02.469482,09:55,25,3,2026,2,5,23280.95,23280.95,23280.95,23280.95,0.0,23280.95,0.0,0.0,23280.95,1.0,0.0,0.0,0.0,pre,1,0,0,0,0,0,1,ZERO_VOL,74.6
2026-03-25 09:55:04.587106,09:55,25,3,2026,2,5,23288.4,23288.4,23288.4,23288.4,0.0,23288.4,0.0,0.0,23288.4,1.0,0.0,0.0,0.0,pre,1,0,0,0,0,0,1,ZERO_VOL,147.1
2026-03-25 09:55:04.696857,09:55,25,3,2026,2,5,23286.55,23286.55,23286.55,23286.55,0.0,23286.55,0.0,0.0,23286.55,1.0,0.0,0.0,0.0,pre,1,0,0,0,0,0,1,ZERO_VOL,109.2
2026-03-25 09:55:04.809835,09:55,25,3,2026,2,5,23286.55,23286.55,23286.55,23286.55,0.0,23286.55,0.0,0.0,23286.55,1.0,0.0,0.0,0.0,pre,1,0,0,0,0,0,1,ZERO_VOL,112.4
2026-03-25 09:55:04.987820,09:55,25,3,2026,2,5,23286.1,23286.1,23286.1,23286.1,0.0,23286.1,0.0,0.0,23286.1,1.0,0.0,0.0,0.0,pre,1,0,0,0,0,0,1,ZERO_VOL,177.4
2026-03-25 09:55:05.045234,09:55,25,3,2026,2,5,23287.3,23287.3,23287.3,23287.3,0.0,23287.3,0.0,0.0,23287.3,1.0,0.0,0.0,0.0,pre,1,0,0,0,0,0,1,ZERO_VOL,56.4
2026-03-25 09:55:06.848105,09:55,25,3,2026,2,5,23286.55,23286.55,23286.55,23286.55,0.0,23286.55,0.0,0.0,23286.55,1.0,0.0,0.0,0.0,pre,1,0,0,0,0,0,1,ZERO_VOL,54.7
2026-03-25 09:55:06.936221,09:55,25,3,2026,2,5,23288.2,23288.2,23288.2,23288.2,0.0,23288.2,0.0,0.0,23288.2,1.0,0.0,0.0,0.0,pre,1,0,0,0,0,0,1,ZERO_VOL,87.6
2026-03-25 09:55:07.028148,09:55,25,3,2026,2,5,23288.2,23288.2,23288.2,23288.2,0.0,23288.2,0.0,0.0,23288.2,1.0,0.0,0.0,0.0,pre,1,0,0,0,0,0,1,ZERO_VOL,91.4
2026-03-25 09:55:07.176238,09:55,25,3,2026,2,5,23288.2,23288.2,23288.2,23288.2,0.0,23288.2,0.0,0.0,23288.2,1.0,0.0,0.0,0.0,pre,1,0,0,0,0,0,1,ZERO_VOL,147.4
2026-03-25 09:55:07.244203,09:55,25,3,2026,2,5,23289.05,23289.05,23289.05,23289.05,0.0,23289.05,0.0,0.0,23289.05,1.0,0.0,0.0,0.0,pre,1,0,0,0,0,0,1,ZERO_VOL,67.4
2026-03-25 09:55:09.241933,09:55,25,3,2026,2,5,23285.05,23285.05,23285.05,23285.05,0.0,23285.05,0.0,0.0,23285.05,1.0,0.0,0.0,0.0,pre,1,0,0,0,0,0,1,ZERO_VOL,77.1
2026-03-25 09:55:09.398059,09:55,25,3,2026,2,5,23285.05,23285.05,23285.05,23285.05,0.0,23285.05,0.0,0.0,23285.05,1.0,0.0,0.0,0.0,pre,1,0,0,0,0,0,1,ZERO_VOL,155.6
2026-03-25 09:55:09.517516,09:55,25,3,2026,2,5,23286.35,23286.35,23286.35,23286.35,0.0,23286.35,0.0,0.0,23286.35,1.0,0.0,0.0,0.0,pre,1,0,0,0,0,0,1,ZERO_VOL,118.9
2026-03-25 09:55:09.603314,09:55,25,3,2026,2,5,23285.05,23285.05,23285.05,23285.05,0.0,23285.05,0.0,0.0,23285.05,1.0,0.0,0.0,0.0,pre,1,0,0,0,0,0,1,ZERO_VOL,85.3
2026-03-25 09:55:09.755015,09:55,25,3,2026,2,5,23285.5,23285.5,23285.5,23285.5,0.0,23285.5,0.0,0.0,23285.5,1.0,0.0,0.0,0.0,pre,1,0,0,0,0,0,1,ZERO_VOL,151.2
2026-03-25 09:55:11.471029,09:55,25,3,2026,2,5,23286.55,23286.55,23286.55,23286.55,0.0,23286.55,0.0,0.0,23286.55,1.0,0.0,0.0,0.0,pre,1,0,0,0,0,0,1,ZERO_VOL,55.2
2026-03-25 09:55:11.523030,09:55,25,3,2026,2,5,23287.3,23287.3,23287.3,23287.3,0.0,23287.3,0.0,0.0,23287.3,1.0,0.0,0.0,0.0,pre,1,0,0,0,0,0,1,ZERO_VOL,51.5
2026-03-25 09:55:11.625951,09:55,25,3,2026,2,5,23287.05,23287.05,23287.05,23287.05,0.0,23287.05,0.0,0.0,23287.05,1.0,0.0,0.0,0.0,pre,1,0,0,0,0,0,1,ZERO_VOL,102.4
2026-03-25 09:55:11.788117,09:55,25,3,2026,2,5,23285.45,23285.45,23285.45,23285.45,0.0,23285.45,0.0,0.0,23285.45,1.0,0.0,0.0,0.0,pre,1,0,0,0,0,0,1,ZERO_VOL,161.6
2026-03-25 09:55:11.867288,09:55,25,3,2026,2,5,23285.45,23285.45,23285.45,23285.45,0.0,23285.45,0.0,0.0,23285.45,1.0,0.0,0.0,0.0,pre,1,0,0,0,0,0,1,ZERO_VOL,78.7
2026-03-25 09:55:13.841258,09:55,25,3,2026,2,5,23286.35,23286.35,23286.35,23286.35,0.0,23286.35,0.0,0.0,23286.35,1.0,0.0,0.0,0.0,pre,1,0,0,0,0,0,1,ZERO_VOL,55.9
2026-03-25 09:55:13.986132,09:55,25,3,2026,2,5,23286.2,23286.2,23286.2,23286.2,0.0,23286.2,0.0,0.0,23286.2,1.0,0.0,0.0,0.0,pre,1,0,0,0,0,0,1,ZERO_VOL,144.4
2026-03-25 09:55:14.067699,09:55,25,3,2026,2,5,23286.75,23286.75,23286.75,23286.75,0.0,23286.75,0.0,0.0,23286.75,1.0,0.0,0.0,0.0,pre,1,0,0,0,0,0,1,ZERO_VOL,80.7
2026-03-25 09:55:14.243361,09:55,25,3,2026,2,5,23286.2,23286.2,23286.2,23286.2,0.0,23286.2,0.0,0.0,23286.2,1.0,0.0,0.0,0.0,pre,1,0,0,0,0,0,1,ZERO_VOL,175.2
2026-03-25 09:55:14.299442,09:55,25,3,2026,2,5,23286.1,23286.1,23286.1,23286.1,0.0,23286.1,0.0,0.0,23286.1,1.0,0.0,0.0,0.0,pre,1,0,0,0,0,0,1,ZERO_VOL,55.6
2026-03-25 09:55:16.209713,09:55,25,3,2026,2,5,23286.0,23286.0,23286.0,23286.0,0.0,23286.0,0.0,0.0,23286.0,1.0,0.0,0.0,0.0,pre,1,0,0,0,0,0,1,ZERO_VOL,126.6
2026-03-25 09:55:16.325332,09:55,25,3,2026,2,5,23286.0,23286.0,23286.0,23286.0,0.0,23286.0,0.0,0.0,23286.0,1.0,0.0,0.0,0.0,pre,1,0,0,0,0,0,1,ZERO_VOL,115.1
2026-03-25 09:55:16.414061,09:55,25,3,2026,2,5,23286.45,23286.45,23286.45,23286.45,0.0,23286.45,0.0,0.0,23286.45,1.0,0.0,0.0,0.0,pre,1,0,0,0,0,0,1,ZERO_VOL,88.2
2026-03-25 09:55:16.516253,09:55,25,3,2026,2,5,23286.45,23286.45,23286.45,23286.45,0.0,23286.45,0.0,0.0,23286.45,1.0,0.0,0.0,0.0,pre,1,0,0,0,0,0,1,ZERO_VOL,101.7
2026-03-25 09:55:16.584086,09:55,25,3,2026,2,5,23286.0,23286.0,23286.0,23286.0,0.0,23286.0,0.0,0.0,23286.0,1.0,0.0,0.0,0.0,pre,1,0,0,0,0,0,1,ZERO_VOL,67.3
2026-03-25 09:55:18.914339,09:55,25,3,2026,2,5,23285.05,23285.05,23285.05,23285.05,0.0,23285.05,0.0,0.0,23285.05,1.0,0.0,0.0,0.0,pre,1,0,0,0,0,0,1,ZERO_VOL,61.3
2026-03-25 09:55:19.074752,09:55,25,3,2026,2,5,23286.45,23286.45,23286.45,23286.45,0.0,23286.45,0.0,0.0,23286.45,1.0,0.0,0.0,0.0,pre,1,0,0,0,0,0,1,ZERO_VOL,159.9
2026-03-25 09:55:19.129216,09:55,25,3,2026,2,5,23286.35,23286.35,23286.35,23286.35,0.0,23286.35,0.0,0.0,23286.35,1.0,0.0,0.0,0.0,pre,1,0,0,0,0,0,1,ZERO_VOL,54.0
2026-03-25 09:55:19.296905,09:55,25,3,2026,2,5,23286.45,23286.45,23286.45,23286.45,0.0,23286.45,0.0,0.0,23286.45,1.0,0.0,0.0,0.0,pre,1,0,0,0,0,0,1,ZERO_VOL,167.2
2026-03-25 09:55:19.396109,09:55,25,3,2026,2,5,23286.55,23286.55,23286.55,23286.55,0.0,23286.55,0.0,0.0,23286.55,1.0,0.0,0.0,0.0,pre,1,0,0,0,0,0,1,ZERO_VOL,98.7
2026-03-25 09:55:21.304079,09:55,25,3,2026,2,5,23286.2,23286.2,23286.2,23286.2,0.0,23286.2,0.0,0.0,23286.2,1.0,0.0,0.0,0.0,pre,1,0,0,0,0,0,1,ZERO_VOL,64.7
2026-03-25 09:55:21.386060,09:55,25,3,2026,2,5,23287.35,23287.35,23287.35,23287.35,0.0,23287.35,0.0,0.0,23287.35,1.0,0.0,0.0,0.0,pre,1,0,0,0,0,0,1,ZERO_VOL,81.5
2026-03-25 09:55:21.489632,09:55,25,3,2026,2,5,23287.35,23287.35,23287.35,23287.35,0.0,23287.35,0.0,0.0,23287.35,1.0,0.0,0.0,0.0,pre,1,0,0,0,0,0,1,ZERO_VOL,103.1
2026-03-25 09:55:21.577354,09:55,25,3,2026,2,5,23287.35,23287.35,23287.35,23287.35,0.0,23287.35,0.0,0.0,23287.35,1.0,0.0,0.0,0.0,pre,1,0,0,0,0,0,1,ZERO_VOL,87.2
2026-03-25 09:55:21.664691,09:55,25,3,2026,2,5,23287.35,23287.35,23287.35,23287.35,0.0,23287.35,0.0,0.0,23287.35,1.0,0.0,0.0,0.0,pre,1,0,0,0,0,0,1,ZERO_VOL,86.9
2026-03-25 09:55:24.192146,09:55,25,3,2026,2,5,23286.45,23286.45,23286.45,23286.45,0.0,23286.45,0.0,0.0,23286.45,1.0,0.0,0.0,0.0,pre,1,0,0,0,0,0,1,ZERO_VOL,59.1
2026-03-25 09:55:24.329965,09:55,25,3,2026,2,5,23287.15,23287.15,23287.15,23287.15,0.0,23287.15,0.0,0.0,23287.15,1.0,0.0,0.0,0.0,pre,1,0,0,0,0,0,1,ZERO_VOL,137.3
2026-03-25 09:55:24.407172,09:55,25,3,2026,2,5,23287.3,23287.3,23287.3,23287.3,0.0,23287.3,0.0,0.0,23287.3,1.0,0.0,0.0,0.0,pre,1,0,0,0,0,0,1,ZERO_VOL,76.7
2026-03-25 09:55:24.553635,09:55,25,3,2026,2,5,23287.15,23287.15,23287.15,23287.15,0.0,23287.15,0.0,0.0,23287.15,1.0,0.0,0.0,0.0,pre,1,0,0,0,0,0,1,ZERO_VOL,145.9
2026-03-25 09:55:24.606841,09:55,25,3,2026,2,5,23287.15,23287.15,23287.15,23287.15,0.0,23287.15,0.0,0.0,23287.15,1.0,0.0,0.0,0.0,pre,1,0,0,0,0,0,1,ZERO_VOL,52.8
2026-03-25 09:55:26.299780,09:55,25,3,2026,2,5,23287.6,23287.6,23287.6,23287.6,0.0,23287.6,0.0,0.0,23287.6,1.0,0.0,0.0,0.0,pre,1,0,0,0,0,0,1,ZERO_VOL,175.5
2026-03-25 09:55:26.444444,09:55,25,3,2026,2,5,23288.6,23288.6,23288.6,23288.6,0.0,23288.6,0.0,0.0,23288.6,1.0,0.0,0.0,0.0,pre,1,0,0,0,0,0,1,ZERO_VOL,144.2
2026-03-25 09:55:26.592735,09:55,25,3,2026,2,5,23287.25,23287.25,23287.25,23287.25,0.0,23287.25,0.0,0.0,23287.25,1.0,0.0,0.0,0.0,pre,1,0,0,0,0,0,1,ZERO_VOL,147.8
2026-03-25 09:55:26.767776,09:55,25,3,2026,2,5,23287.25,23287.25,23287.25,23287.25,0.0,23287.25,0.0,0.0,23287.25,1.0,0.0,0.0,0.0,pre,1,0,0,0,0,0,1,ZERO_VOL,174.5
2026-03-25 09:55:26.864919,09:55,25,3,2026,2,5,23288.6,23288.6,23288.6,23288.6,0.0,23288.6,0.0,0.0,23288.6,1.0,0.0,0.0,0.0,pre,1,0,0,0,0,0,1,ZERO_VOL,96.6
2026-03-25 09:55:28.652117,09:55,25,3,2026,2,5,23287.15,23287.15,23287.15,23287.15,0.0,23287.15,0.0,0.0,23287.15,1.0,0.0,0.0,0.0,pre,1,0,0,0,0,0,1,ZERO_VOL,59.5
2026-03-25 09:55:28.710020,09:55,25,3,2026,2,5,23287.15,23287.15,23287.15,23287.15,0.0,23287.15,0.0,0.0,23287.15,1.0,0.0,0.0,0.0,pre,1,0,0,0,0,0,1,ZERO_VOL,57.4
2026-03-25 09:55:28.905800,09:55,25,3,2026,2,5,23286.85,23286.85,23286.85,23286.85,0.0,23286.85,0.0,0.0,23286.85,1.0,0.0,0.0,0.0,pre,1,0,0,0,0,0,1,ZERO_VOL,195.3
2026-03-25 09:55:28.968532,09:55,25,3,2026,2,5,23287.25,23287.25,23287.25,23287.25,0.0,23287.25,0.0,0.0,23287.25,1.0,0.0,0.0,0.0,pre,1,0,0,0,0,0,1,ZERO_VOL,62.2
2026-03-25 09:55:29.067530,09:55,25,3,2026,2,5,23287.45,23287.45,23287.45,23287.45,0.0,23287.45,0.0,0.0,23287.45,1.0,0.0,0.0,0.0,pre,1,0,0,0,0,0,1,ZERO_VOL,98.5
2026-03-25 09:55:30.894579,09:55,25,3,2026,2,5,23288.6,23288.6,23288.6,23288.6,0.0,23288.6,0.0,0.0,23288.6,1.0,0.0,0.0,0.0,pre,1,0,0,0,0,0,1,ZERO_VOL,53.6
2026-03-25 09:55:30.974076,09:55,25,3,2026,2,5,23290.95,23290.95,23290.95,23290.95,0.0,23290.95,0.0,0.0,23290.95,1.0,0.0,0.0,0.0,pre,1,0,0,0,0,0,1,ZERO_VOL,79.0
2026-03-25 09:55:31.074664,09:55,25,3,2026,2,5,23291.15,23291.15,23291.15,23291.15,0.0,23291.15,0.0,0.0,23291.15,1.0,0.0,0.0,0.0,pre,1,0,0,0,0,0,1,ZERO_VOL,100.1
2026-03-25 09:55:31.139653,09:55,25,3,2026,2,5,23287.3,23287.3,23287.3,23287.3,0.0,23287.3,0.0,0.0,23287.3,1.0,0.0,0.0,0.0,pre,1,0,0,0,0,0,1,ZERO_VOL,64.4
2026-03-25 09:55:31.194901,09:55,25,3,2026,2,5,23287.25,23287.25,23287.25,23287.25,0.0,23287.25,0.0,0.0,23287.25,1.0,0.0,0.0,0.0,pre,1,0,0,0,0,0,1,ZERO_VOL,54.8
2026-03-25 09:55:33.265921,09:55,25,3,2026,2,5,23289.25,23289.25,23289.25,23289.25,0.0,23289.25,0.0,0.0,23289.25,1.0,0.0,0.0,0.0,pre,1,0,0,0,0,0,1,ZERO_VOL,152.2
2026-03-25 09:55:33.359680,09:55,25,3,2026,2,5,23287.25,23287.25,23287.25,23287.25,0.0,23287.25,0.0,0.0,23287.25,1.0,0.0,0.0,0.0,pre,1,0,0,0,0,0,1,ZERO_VOL,93.2
2026-03-25 09:55:33.457682,09:55,25,3,2026,2,5,23287.25,23287.25,23287.25,23287.25,0.0,23287.25,0.0,0.0,23287.25,1.0,0.0,0.0,0.0,pre,1,0,0,0,0,0,1,ZERO_VOL,97.5
2026-03-25 09:55:33.613430,09:55,25,3,2026,2,5,23288.95,23288.95,23288.95,23288.95,0.0,23288.95,0.0,0.0,23288.95,1.0,0.0,0.0,0.0,pre,1,0,0,0,0,0,1,ZERO_VOL,155.2
2026-03-25 09:55:33.688843,09:55,25,3,2026,2,5,23287.25,23287.25,23287.25,23287.25,0.0,23287.25,0.0,0.0,23287.25,1.0,0.0,0.0,0.0,pre,1,0,0,0,0,0,1,ZERO_VOL,74.9
2026-03-25 09:55:35.601684,09:55,25,3,2026,2,5,23287.25,23287.25,23287.25,23287.25,0.0,23287.25,0.0,0.0,23287.25,1.0,0.0,0.0,0.0,pre,1,0,0,0,0,0,1,ZERO_VOL,54.6
2026-03-25 09:55:35.664008,09:55,25,3,2026,2,5,23288.6,23288.6,23288.6,23288.6,0.0,23288.6,0.0,0.0,23288.6,1.0,0.0,0.0,0.0,pre,1,0,0,0,0,0,1,ZERO_VOL,61.7
2026-03-25 09:55:35.773174,09:55,25,3,2026,2,5,23290.85,23290.85,23290.85,23290.85,0.0,23290.85,0.0,0.0,23290.85,1.0,0.0,0.0,0.0,pre,1,0,0,0,0,0,1,ZERO_VOL,108.7
2026-03-25 09:55:35.925858,09:55,25,3,2026,2,5,23291.0,23291.0,23291.0,23291.0,0.0,23291.0,0.0,0.0,23291.0,1.0,0.0,0.0,0.0,pre,1,0,0,0,0,0,1,ZERO_VOL,152.2
2026-03-25 09:55:35.977550,09:55,25,3,2026,2,5,23286.85,23286.85,23286.85,23286.85,0.0,23286.85,0.0,0.0,23286.85,1.0,0.0,0.0,0.0,pre,1,0,0,0,0,0,1,ZERO_VOL,51.2
2026-03-25 09:55:37.844062,09:55,25,3,2026,2,5,23297.45,23297.45,23297.45,23297.45,0.0,23297.45,0.0,0.0,23297.45,1.0,0.0,0.0,0.0,pre,1,0,0,0,0,0,1,ZERO_VOL,114.9
2026-03-25 09:55:37.935099,09:55,25,3,2026,2,5,23295.3,23295.3,23295.3,23295.3,0.0,23295.3,0.0,0.0,23295.3,1.0,0.0,0.0,0.0,pre,1,0,0,0,0,0,1,ZERO_VOL,90.5
2026-03-25 09:55:38.010640,09:55,25,3,2026,2,5,23288.95,23288.95,23288.95,23288.95,0.0,23288.95,0.0,0.0,23288.95,1.0,0.0,0.0,0.0,pre,1,0,0,0,0,0,1,ZERO_VOL,75.0
2026-03-25 09:55:38.105859,09:55,25,3,2026,2,5,23295.7,23295.7,23295.7,23295.7,0.0,23295.7,0.0,0.0,23295.7,1.0,0.0,0.0,0.0,pre,1,0,0,0,0,0,1,ZERO_VOL,94.8
2026-03-25 09:55:38.162246,09:55,25,3,2026,2,5,23290.85,23290.85,23290.85,23290.85,0.0,23290.85,0.0,0.0,23290.85,1.0,0.0,0.0,0.0,pre,1,0,0,0,0,0,1,ZERO_VOL,55.9
2026-03-25 09:55:40.010141,09:55,25,3,2026,2,5,23295.7,23295.7,23295.7,23295.7,0.0,23295.7,0.0,0.0,23295.7,1.0,0.0,0.0,0.0,pre,1,0,0,0,0,0,1,ZERO_VOL,53.2
2026-03-25 09:55:40.094165,09:55,25,3,2026,2,5,23290.85,23290.85,23290.85,23290.85,0.0,23290.85,0.0,0.0,23290.85,1.0,0.0,0.0,0.0,pre,1,0,0,0,0,0,1,ZERO_VOL,83.6
2026-03-25 09:55:40.190871,09:55,25,3,2026,2,5,23293.35,23293.35,23293.35,23293.35,0.0,23293.35,0.0,0.0,23293.35,1.0,0.0,0.0,0.0,pre,1,0,0,0,0,0,1,ZERO_VOL,96.2
2026-03-25 09:55:40.254218,09:55,25,3,2026,2,5,23290.95,23290.95,23290.95,23290.95,0.0,23290.95,0.0,0.0,23290.95,1.0,0.0,0.0,0.0,pre,1,0,0,0,0,0,1,ZERO_VOL,62.9
2026-03-25 09:55:40.373669,09:55,25,3,2026,2,5,23294.65,23294.65,23294.65,23294.65,0.0,23294.65,0.0,0.0,23294.65,1.0,0.0,0.0,0.0,pre,1,0,0,0,0,0,1,ZERO_VOL,119.0
2026-03-25 09:55:42.428971,09:55,25,3,2026,2,5,23295.9,23295.9,23295.9,23295.9,0.0,23295.9,0.0,0.0,23295.9,1.0,0.0,0.0,0.0,pre,1,0,0,0,0,0,1,ZERO_VOL,143.9
2026-03-25 09:55:42.516528,09:55,25,3,2026,2,5,23293.5,23293.5,23293.5,23293.5,0.0,23293.5,0.0,0.0,23293.5,1.0,0.0,0.0,0.0,pre,1,0,0,0,0,0,1,ZERO_VOL,87.1
2026-03-25 09:55:42.701286,09:55,25,3,2026,2,5,23292.55,23292.55,23292.55,23292.55,0.0,23292.55,0.0,0.0,23292.55,1.0,0.0,0.0,0.0,pre,1,0,0,0,0,0,1,ZERO_VOL,184.3
2026-03-25 09:55:42.811425,09:55,25,3,2026,2,5,23293.5,23293.5,23293.5,23293.5,0.0,23293.5,0.0,0.0,23293.5,1.0,0.0,0.0,0.0,pre,1,0,0,0,0,0,1,ZERO_VOL,109.6
2026-03-25 09:55:42.914000,09:55,25,3,2026,2,5,23293.5,23293.5,23293.5,23293.5,0.0,23293.5,0.0,0.0,23293.5,1.0,0.0,0.0,0.0,pre,1,0,0,0,0,0,1,ZERO_VOL,101.9
2026-03-25 09:55:44.828270,09:55,25,3,2026,2,5,23290.85,23290.85,23290.85,23290.85,0.0,23290.85,0.0,0.0,23290.85,1.0,0.0,0.0,0.0,pre,1,0,0,0,0,0,1,ZERO_VOL,89.3
2026-03-25 09:55:44.979780,09:55,25,3,2026,2,5,23290.85,23290.85,23290.85,23290.85,0.0,23290.85,0.0,0.0,23290.85,1.0,0.0,0.0,0.0,pre,1,0,0,0,0,0,1,ZERO_VOL,151.0
2026-03-25 09:55:45.067793,09:55,25,3,2026,2,5,23290.85,23290.85,23290.85,23290.85,0.0,23290.85,0.0,0.0,23290.85,1.0,0.0,0.0,0.0,pre,1,0,0,0,0,0,1,ZERO_VOL,87.4
2026-03-25 09:55:45.122130,09:55,25,3,2026,2,5,23293.35,23293.35,23293.35,23293.35,0.0,23293.35,0.0,0.0,23293.35,1.0,0.0,0.0,0.0,pre,1,0,0,0,0,0,1,ZERO_VOL,53.8
2026-03-25 09:55:45.257242,09:55,25,3,2026,2,5,23290.2,23290.2,23290.2,23290.2,0.0,23290.2,0.0,0.0,23290.2,1.0,0.0,0.0,0.0,pre,1,0,0,0,0,0,1,ZERO_VOL,134.6
2026-03-25 09:55:47.066093,09:55,25,3,2026,2,5,23295.3,23295.3,23295.3,23295.3,0.0,23295.3,0.0,0.0,23295.3,1.0,0.0,0.0,0.0,pre,1,0,0,0,0,0,1,ZERO_VOL,63.0
2026-03-25 09:55:47.152525,09:55,25,3,2026,2,5,23289.95,23289.95,23289.95,23289.95,0.0,23289.95,0.0,0.0,23289.95,1.0,0.0,0.0,0.0,pre,1,0,0,0,0,0,1,ZERO_VOL,85.9
2026-03-25 09:55:47.236054,09:55,25,3,2026,2,5,23291.2,23291.2,23291.2,23291.2,0.0,23291.2,0.0,0.0,23291.2,1.0,0.0,0.0,0.0,pre,1,0,0,0,0,0,1,ZERO_VOL,83.1
2026-03-25 09:55:47.378948,09:55,25,3,2026,2,5,23289.95,23289.95,23289.95,23289.95,0.0,23289.95,0.0,0.0,23289.95,1.0,0.0,0.0,0.0,pre,1,0,0,0,0,0,1,ZERO_VOL,142.4
2026-03-25 09:55:47.437763,09:55,25,3,2026,2,5,23293.5,23293.5,23293.5,23293.5,0.0,23293.5,0.0,0.0,23293.5,1.0,0.0,0.0,0.0,pre,1,0,0,0,0,0,1,ZERO_VOL,58.3
2026-03-25 09:55:49.301025,09:55,25,3,2026,2,5,23289.8,23289.8,23289.8,23289.8,0.0,23289.8,0.0,0.0,23289.8,1.0,0.0,0.0,0.0,pre,1,0,0,0,0,0,1,ZERO_VOL,146.0
2026-03-25 09:55:49.358326,09:55,25,3,2026,2,5,23295.9,23295.9,23295.9,23295.9,0.0,23295.9,0.0,0.0,23295.9,1.0,0.0,0.0,0.0,pre,1,0,0,0,0,0,1,ZERO_VOL,56.8
2026-03-25 09:55:49.513564,09:55,25,3,2026,2,5,23288.4,23288.4,23288.4,23288.4,0.0,23288.4,0.0,0.0,23288.4,1.0,0.0,0.0,0.0,pre,1,0,0,0,0,0,1,ZERO_VOL,154.5
2026-03-25 09:55:49.576762,09:55,25,3,2026,2,5,23295.9,23295.9,23295.9,23295.9,0.0,23295.9,0.0,0.0,23295.9,1.0,0.0,0.0,0.0,pre,1,0,0,0,0,0,1,ZERO_VOL,62.7
2026-03-25 09:55:49.636937,09:55,25,3,2026,2,5,23289.95,23289.95,23289.95,23289.95,0.0,23289.95,0.0,0.0,23289.95,1.0,0.0,0.0,0.0,pre,1,0,0,0,0,0,1,ZERO_VOL,59.6
2026-03-25 09:55:51.429899,09:55,25,3,2026,2,5,23288.4,23288.4,23288.4,23288.4,0.0,23288.4,0.0,0.0,23288.4,1.0,0.0,0.0,0.0,pre,1,0,0,0,0,0,1,ZERO_VOL,59.8
2026-03-25 09:55:51.517846,09:55,25,3,2026,2,5,23292.6,23292.6,23292.6,23292.6,0.0,23292.6,0.0,0.0,23292.6,1.0,0.0,0.0,0.0,pre,1,0,0,0,0,0,1,ZERO_VOL,87.5
2026-03-25 09:55:51.636355,09:55,25,3,2026,2,5,23292.3,23292.3,23292.3,23292.3,0.0,23292.3,0.0,0.0,23292.3,1.0,0.0,0.0,0.0,pre,1,0,0,0,0,0,1,ZERO_VOL,118.0
2026-03-25 09:55:51.696993,09:55,25,3,2026,2,5,23295.9,23295.9,23295.9,23295.9,0.0,23295.9,0.0,0.0,23295.9,1.0,0.0,0.0,0.0,pre,1,0,0,0,0,0,1,ZERO_VOL,60.1
2026-03-25 09:55:51.854362,09:55,25,3,2026,2,5,23292.6,23292.6,23292.6,23292.6,0.0,23292.6,0.0,0.0,23292.6,1.0,0.0,0.0,0.0,pre,1,0,0,0,0,0,1,ZERO_VOL,156.7
2026-03-25 09:55:53.880211,09:55,25,3,2026,2,5,23290.1,23290.1,23290.1,23290.1,0.0,23290.1,0.0,0.0,23290.1,1.0,0.0,0.0,0.0,pre,1,0,0,0,0,0,1,ZERO_VOL,135.9
2026-03-25 09:55:53.966844,09:55,25,3,2026,2,5,23290.1,23290.1,23290.1,23290.1,0.0,23290.1,0.0,0.0,23290.1,1.0,0.0,0.0,0.0,pre,1,0,0,0,0,0,1,ZERO_VOL,86.1
2026-03-25 09:55:54.143951,09:55,25,3,2026,2,5,23291.75,23291.75,23291.75,23291.75,0.0,23291.75,0.0,0.0,23291.75,1.0,0.0,0.0,0.0,pre,1,0,0,0,0,0,1,ZERO_VOL,176.4
2026-03-25 09:55:54.244029,09:55,25,3,2026,2,5,23291.2,23291.2,23291.2,23291.2,0.0,23291.2,0.0,0.0,23291.2,1.0,0.0,0.0,0.0,pre,1,0,0,0,0,0,1,ZERO_VOL,99.6
2026-03-25 09:55:54.349214,09:55,25,3,2026,2,5,23290.05,23290.05,23290.05,23290.05,0.0,23290.05,0.0,0.0,23290.05,1.0,0.0,0.0,0.0,pre,1,0,0,0,0,0,1,ZERO_VOL,104.7
2026-03-25 09:55:56.162883,09:55,25,3,2026,2,5,23290.4,23290.4,23290.4,23290.4,0.0,23290.4,0.0,0.0,23290.4,1.0,0.0,0.0,0.0,pre,1,0,0,0,0,0,1,ZERO_VOL,105.2
2026-03-25 09:55:56.247229,09:55,25,3,2026,2,5,23290.4,23290.4,23290.4,23290.4,0.0,23290.4,0.0,0.0,23290.4,1.0,0.0,0.0,0.0,pre,1,0,0,0,0,0,1,ZERO_VOL,83.9
2026-03-25 09:55:56.304737,09:55,25,3,2026,2,5,23290.1,23290.1,23290.1,23290.1,0.0,23290.1,0.0,0.0,23290.1,1.0,0.0,0.0,0.0,pre,1,0,0,0,0,0,1,ZERO_VOL,57.0
2026-03-25 09:55:56.460072,09:55,25,3,2026,2,5,23292.3,23292.3,23292.3,23292.3,0.0,23292.3,0.0,0.0,23292.3,1.0,0.0,0.0,0.0,pre,1,0,0,0,0,0,1,ZERO_VOL,154.8
2026-03-25 09:55:56.513538,09:55,25,3,2026,2,5,23290.05,23290.05,23290.05,23290.05,0.0,23290.05,0.0,0.0,23290.05,1.0,0.0,0.0,0.0,pre,1,0,0,0,0,0,1,ZERO_VOL,53.0
2026-03-25 09:55:58.692302,09:55,25,3,2026,2,5,23294.1,23294.1,23294.1,23294.1,0.0,23294.1,0.0,0.0,23294.1,1.0,0.0,0.0,0.0,pre,1,0,0,0,0,0,1,ZERO_VOL,145.1
2026-03-25 09:55:58.787620,09:55,25,3,2026,2,5,23291.0,23291.0,23291.0,23291.0,0.0,23291.0,0.0,0.0,23291.0,1.0,0.0,0.0,0.0,pre,1,0,0,0,0,0,1,ZERO_VOL,94.8
2026-03-25 09:55:58.851656,09:55,25,3,2026,2,5,23291.0,23291.0,23291.0,23291.0,0.0,23291.0,0.0,0.0,23291.0,1.0,0.0,0.0,0.0,pre,1,0,0,0,0,0,1,ZERO_VOL,63.4
2026-03-25 09:55:58.983818,09:55,25,3,2026,2,5,23294.1,23294.1,23294.1,23294.1,0.0,23294.1,0.0,0.0,23294.1,1.0,0.0,0.0,0.0,pre,1,0,0,0,0,0,1,ZERO_VOL,131.6
2026-03-25 09:55:59.141596,09:55,25,3,2026,2,5,23291.0,23291.0,23291.0,23291.0,0.0,23291.0,0.0,0.0,23291.0,1.0,0.0,0.0,0.0,pre,1,0,0,0,0,0,1,ZERO_VOL,157.3
2026-03-25 09:56:00.883734,09:56,25,3,2026,2,5,23292.3,23292.3,23292.3,23292.3,0.0,23292.3,0.0,0.0,23292.3,1.0,0.0,0.0,0.0,pre,1,0,0,0,0,0,1,ZERO_VOL,84.1
2026-03-25 09:56:01.029303,09:56,25,3,2026,2,5,23287.55,23298.1,23284.95,23289.55,0.0,23290.87,13.15,0.0086,23290.87,1.0006,15.21,8.55,2.6,pre,1,0,0,0,0,0,1,ZERO_VOL,145.1
2026-03-25 09:56:01.207996,09:56,25,3,2026,2,5,23287.55,23298.1,23284.95,23289.55,0.0,23290.87,13.15,0.0086,23290.87,1.0006,15.21,8.55,2.6,pre,1,0,0,0,0,0,1,ZERO_VOL,178.1
2026-03-25 09:56:01.265606,09:56,25,3,2026,2,5,23291.0,23291.0,23291.0,23291.0,0.0,23291.0,0.0,0.0,23291.0,1.0,0.0,0.0,0.0,pre,1,0,0,0,0,0,1,ZERO_VOL,57.1
2026-03-25 09:56:01.417284,09:56,25,3,2026,2,5,23287.55,23298.1,23284.95,23289.55,0.0,23290.87,13.15,0.0086,23290.87,1.0006,15.21,8.55,2.6,pre,1,0,0,0,0,0,1,ZERO_VOL,150.9
2026-03-25 09:56:03.475530,09:56,25,3,2026,2,5,23290.4,23290.4,23290.4,23290.4,0.0,23290.4,0.0,0.0,23290.4,1.0,0.0,0.0,0.0,pre,1,0,0,0,0,0,1,ZERO_VOL,66.9
2026-03-25 09:56:03.532914,09:56,25,3,2026,2,5,23287.55,23298.1,23284.95,23289.55,0.0,23290.87,13.15,0.0086,23290.87,1.0006,15.21,8.55,2.6,pre,1,0,0,0,0,0,1,ZERO_VOL,56.9
2026-03-25 09:56:03.599536,09:56,25,3,2026,2,5,23290.4,23290.4,23290.4,23290.4,0.0,23290.4,0.0,0.0,23290.4,1.0,0.0,0.0,0.0,pre,1,0,0,0,0,0,1,ZERO_VOL,66.1
2026-03-25 09:56:03.723352,09:56,25,3,2026,2,5,23286.05,23286.05,23286.05,23286.05,0.0,23286.05,0.0,0.0,23286.05,1.0,0.0,0.0,0.0,pre,1,0,0,0,0,0,1,ZERO_VOL,123.2
2026-03-25 09:56:03.817251,09:56,25,3,2026,2,5,23286.05,23286.05,23286.05,23286.05,0.0,23286.05,0.0,0.0,23286.05,1.0,0.0,0.0,0.0,pre,1,0,0,0,0,0,1,ZERO_VOL,93.3
2026-03-25 09:56:05.946262,09:56,25,3,2026,2,5,23286.55,23286.55,23286.55,23286.55,0.0,23286.55,0.0,0.0,23286.55,1.0,0.0,0.0,0.0,pre,1,0,0,0,0,0,1,ZERO_VOL,90.3
2026-03-25 09:56:06.031512,09:56,25,3,2026,2,5,23286.55,23286.55,23286.55,23286.55,0.0,23286.55,0.0,0.0,23286.55,1.0,0.0,0.0,0.0,pre,1,0,0,0,0,0,1,ZERO_VOL,84.7
2026-03-25 09:56:06.116548,09:56,25,3,2026,2,5,23291.0,23291.0,23291.0,23291.0,0.0,23291.0,0.0,0.0,23291.0,1.0,0.0,0.0,0.0,pre,1,0,0,0,0,0,1,ZERO_VOL,84.5
2026-03-25 09:56:06.298148,09:56,25,3,2026,2,5,23289.35,23289.35,23289.35,23289.35,0.0,23289.35,0.0,0.0,23289.35,1.0,0.0,0.0,0.0,pre,1,0,0,0,0,0,1,ZERO_VOL,181.0
2026-03-25 09:56:06.351735,09:56,25,3,2026,2,5,23286.05,23286.05,23286.05,23286.05,0.0,23286.05,0.0,0.0,23286.05,1.0,0.0,0.0,0.0,pre,1,0,0,0,0,0,1,ZERO_VOL,53.1
2026-03-25 09:56:07.988955,09:56,25,3,2026,2,5,23283.5,23283.5,23283.5,23283.5,0.0,23283.5,0.0,0.0,23283.5,1.0,0.0,0.0,0.0,pre,1,0,0,0,0,0,1,ZERO_VOL,105.9
2026-03-25 09:56:08.148961,09:56,25,3,2026,2,5,23284.45,23284.45,23284.45,23284.45,0.0,23284.45,0.0,0.0,23284.45,1.0,0.0,0.0,0.0,pre,1,0,0,0,0,0,1,ZERO_VOL,159.5
2026-03-25 09:56:08.263018,09:56,25,3,2026,2,5,23284.45,23284.45,23284.45,23284.45,0.0,23284.45,0.0,0.0,23284.45,1.0,0.0,0.0,0.0,pre,1,0,0,0,0,0,1,ZERO_VOL,113.5
2026-03-25 09:56:08.404106,09:56,25,3,2026,2,5,23284.45,23284.45,23284.45,23284.45,0.0,23284.45,0.0,0.0,23284.45,1.0,0.0,0.0,0.0,pre,1,0,0,0,0,0,1,ZERO_VOL,140.6
2026-03-25 09:56:08.505073,09:56,25,3,2026,2,5,23281.75,23281.75,23281.75,23281.75,0.0,23281.75,0.0,0.0,23281.75,1.0,0.0,0.0,0.0,pre,1,0,0,0,0,0,1,ZERO_VOL,100.4
2026-03-25 09:56:10.419522,09:56,25,3,2026,2,5,23285.1,23285.1,23285.1,23285.1,0.0,23285.1,0.0,0.0,23285.1,1.0,0.0,0.0,0.0,pre,1,0,0,0,0,0,1,ZERO_VOL,92.9
2026-03-25 09:56:10.566115,09:56,25,3,2026,2,5,23283.4,23283.4,23283.4,23283.4,0.0,23283.4,0.0,0.0,23283.4,1.0,0.0,0.0,0.0,pre,1,0,0,0,0,0,1,ZERO_VOL,146.0
2026-03-25 09:56:10.659201,09:56,25,3,2026,2,5,23285.1,23285.1,23285.1,23285.1,0.0,23285.1,0.0,0.0,23285.1,1.0,0.0,0.0,0.0,pre,1,0,0,0,0,0,1,ZERO_VOL,92.5
2026-03-25 09:56:10.767429,09:56,25,3,2026,2,5,23285.1,23285.1,23285.1,23285.1,0.0,23285.1,0.0,0.0,23285.1,1.0,0.0,0.0,0.0,pre,1,0,0,0,0,0,1,ZERO_VOL,107.7
2026-03-25 09:56:10.851457,09:56,25,3,2026,2,5,23285.1,23285.1,23285.1,23285.1,0.0,23285.1,0.0,0.0,23285.1,1.0,0.0,0.0,0.0,pre,1,0,0,0,0,0,1,ZERO_VOL,83.5
2026-03-25 09:56:12.840018,09:56,25,3,2026,2,5,23284.05,23284.05,23284.05,23284.05,0.0,23284.05,0.0,0.0,23284.05,1.0,0.0,0.0,0.0,pre,1,0,0,0,0,0,1,ZERO_VOL,154.2
2026-03-25 09:56:12.919413,09:56,25,3,2026,2,5,23284.05,23284.05,23284.05,23284.05,0.0,23284.05,0.0,0.0,23284.05,1.0,0.0,0.0,0.0,pre,1,0,0,0,0,0,1,ZERO_VOL,78.9
2026-03-25 09:56:13.084815,09:56,25,3,2026,2,5,23284.05,23284.05,23284.05,23284.05,0.0,23284.05,0.0,0.0,23284.05,1.0,0.0,0.0,0.0,pre,1,0,0,0,0,0,1,ZERO_VOL,164.7
2026-03-25 09:56:13.140015,09:56,25,3,2026,2,5,23281.75,23281.75,23281.75,23281.75,0.0,23281.75,0.0,0.0,23281.75,1.0,0.0,0.0,0.0,pre,1,0,0,0,0,0,1,ZERO_VOL,54.7
2026-03-25 09:56:13.247542,09:56,25,3,2026,2,5,23284.1,23284.1,23284.1,23284.1,0.0,23284.1,0.0,0.0,23284.1,1.0,0.0,0.0,0.0,pre,1,0,0,0,0,0,1,ZERO_VOL,107.0
2026-03-25 09:56:24.749881,09:56,25,3,2026,2,5,23288.5,23288.5,23288.5,23288.5,0.0,23288.5,0.0,0.0,23288.5,1.0,0.0,0.0,0.0,pre,1,0,0,0,0,0,1,ZERO_VOL,102.8
2026-03-25 09:56:24.858157,09:56,25,3,2026,2,5,23288.5,23288.5,23288.5,23288.5,0.0,23288.5,0.0,0.0,23288.5,1.0,0.0,0.0,0.0,pre,1,0,0,0,0,0,1,ZERO_VOL,107.8
2026-03-25 09:56:24.939942,09:56,25,3,2026,2,5,23288.5,23288.5,23288.5,23288.5,0.0,23288.5,0.0,0.0,23288.5,1.0,0.0,0.0,0.0,pre,1,0,0,0,0,0,1,ZERO_VOL,81.0
2026-03-25 09:56:25.126914,09:56,25,3,2026,2,5,23288.25,23288.25,23288.25,23288.25,0.0,23288.25,0.0,0.0,23288.25,1.0,0.0,0.0,0.0,pre,1,0,0,0,0,0,1,ZERO_VOL,186.4
2026-03-25 09:56:25.215159,09:56,25,3,2026,2,5,23288.5,23288.5,23288.5,23288.5,0.0,23288.5,0.0,0.0,23288.5,1.0,0.0,0.0,0.0,pre,1,0,0,0,0,0,1,ZERO_VOL,87.7
2026-03-25 09:56:26.984691,09:56,25,3,2026,2,5,23290.65,23290.65,23290.65,23290.65,0.0,23290.65,0.0,0.0,23290.65,1.0,0.0,0.0,0.0,pre,1,0,0,0,0,0,1,ZERO_VOL,99.2
2026-03-25 09:56:27.043839,09:56,25,3,2026,2,5,23288.5,23288.5,23288.5,23288.5,0.0,23288.5,0.0,0.0,23288.5,1.0,0.0,0.0,0.0,pre,1,0,0,0,0,0,1,ZERO_VOL,58.6
2026-03-25 09:56:27.152981,09:56,25,3,2026,2,5,23289.85,23289.85,23289.85,23289.85,0.0,23289.85,0.0,0.0,23289.85,1.0,0.0,0.0,0.0,pre,1,0,0,0,0,0,1,ZERO_VOL,108.7
2026-03-25 09:56:27.267225,09:56,25,3,2026,2,5,23289.85,23289.85,23289.85,23289.85,0.0,23289.85,0.0,0.0,23289.85,1.0,0.0,0.0,0.0,pre,1,0,0,0,0,0,1,ZERO_VOL,113.7
2026-03-25 09:56:27.415169,09:56,25,3,2026,2,5,23288.9,23288.9,23288.9,23288.9,0.0,23288.9,0.0,0.0,23288.9,1.0,0.0,0.0,0.0,pre,1,0,0,0,0,0,1,ZERO_VOL,147.5
2026-03-25 09:56:29.050496,09:56,25,3,2026,2,5,23288.2,23288.2,23288.2,23288.2,0.0,23288.2,0.0,0.0,23288.2,1.0,0.0,0.0,0.0,pre,1,0,0,0,0,0,1,ZERO_VOL,118.1
2026-03-25 09:56:29.139315,09:56,25,3,2026,2,5,23289.25,23289.25,23289.25,23289.25,0.0,23289.25,0.0,0.0,23289.25,1.0,0.0,0.0,0.0,pre,1,0,0,0,0,0,1,ZERO_VOL,88.3
2026-03-25 09:56:29.228259,09:56,25,3,2026,2,5,23289.25,23289.25,23289.25,23289.25,0.0,23289.25,0.0,0.0,23289.25,1.0,0.0,0.0,0.0,pre,1,0,0,0,0,0,1,ZERO_VOL,88.4
2026-03-25 09:56:29.283689,09:56,25,3,2026,2,5,23288.9,23288.9,23288.9,23288.9,0.0,23288.9,0.0,0.0,23288.9,1.0,0.0,0.0,0.0,pre,1,0,0,0,0,0,1,ZERO_VOL,54.9
2026-03-25 09:56:29.344682,09:56,25,3,2026,2,5,23289.85,23289.85,23289.85,23289.85,0.0,23289.85,0.0,0.0,23289.85,1.0,0.0,0.0,0.0,pre,1,0,0,0,0,0,1,ZERO_VOL,60.5
2026-03-25 09:56:31.046482,09:56,25,3,2026,2,5,23288.5,23288.5,23288.5,23288.5,0.0,23288.5,0.0,0.0,23288.5,1.0,0.0,0.0,0.0,pre,1,0,0,0,0,0,1,ZERO_VOL,58.8
2026-03-25 09:56:31.201500,09:56,25,3,2026,2,5,23290.55,23290.55,23290.55,23290.55,0.0,23290.55,0.0,0.0,23290.55,1.0,0.0,0.0,0.0,pre,1,0,0,0,0,0,1,ZERO_VOL,154.5
2026-03-25 09:56:31.289517,09:56,25,3,2026,2,5,23290.65,23290.65,23290.65,23290.65,0.0,23290.65,0.0,0.0,23290.65,1.0,0.0,0.0,0.0,pre,1,0,0,0,0,0,1,ZERO_VOL,87.5
2026-03-25 09:56:31.380107,09:56,25,3,2026,2,5,23290.55,23290.55,23290.55,23290.55,0.0,23290.55,0.0,0.0,23290.55,1.0,0.0,0.0,0.0,pre,1,0,0,0,0,0,1,ZERO_VOL,90.1
2026-03-25 09:56:31.440129,09:56,25,3,2026,2,5,23289.85,23289.85,23289.85,23289.85,0.0,23289.85,0.0,0.0,23289.85,1.0,0.0,0.0,0.0,pre,1,0,0,0,0,0,1,ZERO_VOL,59.5
2026-03-25 09:56:33.203805,09:56,25,3,2026,2,5,23288.95,23288.95,23288.95,23288.95,0.0,23288.95,0.0,0.0,23288.95,1.0,0.0,0.0,0.0,pre,1,0,0,0,0,0,1,ZERO_VOL,143.8
2026-03-25 09:56:33.283957,09:56,25,3,2026,2,5,23288.1,23288.1,23288.1,23288.1,0.0,23288.1,0.0,0.0,23288.1,1.0,0.0,0.0,0.0,pre,1,0,0,0,0,0,1,ZERO_VOL,79.7
2026-03-25 09:56:33.392062,09:56,25,3,2026,2,5,23289.35,23289.35,23289.35,23289.35,0.0,23289.35,0.0,0.0,23289.35,1.0,0.0,0.0,0.0,pre,1,0,0,0,0,0,1,ZERO_VOL,107.6
2026-03-25 09:56:33.556715,09:56,25,3,2026,2,5,23288.95,23288.95,23288.95,23288.95,0.0,23288.95,0.0,0.0,23288.95,1.0,0.0,0.0,0.0,pre,1,0,0,0,0,0,1,ZERO_VOL,164.2
2026-03-25 09:56:33.650890,09:56,25,3,2026,2,5,23289.35,23289.35,23289.35,23289.35,0.0,23289.35,0.0,0.0,23289.35,1.0,0.0,0.0,0.0,pre,1,0,0,0,0,0,1,ZERO_VOL,93.7
2026-03-25 09:56:35.317718,09:56,25,3,2026,2,5,23290.65,23290.65,23290.65,23290.65,0.0,23290.65,0.0,0.0,23290.65,1.0,0.0,0.0,0.0,pre,1,0,0,0,0,0,1,ZERO_VOL,55.6
2026-03-25 09:56:35.405799,09:56,25,3,2026,2,5,23290.65,23290.65,23290.65,23290.65,0.0,23290.65,0.0,0.0,23290.65,1.0,0.0,0.0,0.0,pre,1,0,0,0,0,0,1,ZERO_VOL,87.6
2026-03-25 09:56:35.491286,09:56,25,3,2026,2,5,23290.75,23290.75,23290.75,23290.75,0.0,23290.75,0.0,0.0,23290.75,1.0,0.0,0.0,0.0,pre,1,0,0,0,0,0,1,ZERO_VOL,85.0
2026-03-25 09:56:35.577618,09:56,25,3,2026,2,5,23290.75,23290.75,23290.75,23290.75,0.0,23290.75,0.0,0.0,23290.75,1.0,0.0,0.0,0.0,pre,1,0,0,0,0,0,1,ZERO_VOL,85.8
2026-03-25 09:56:35.693853,09:56,25,3,2026,2,5,23290.1,23290.1,23290.1,23290.1,0.0,23290.1,0.0,0.0,23290.1,1.0,0.0,0.0,0.0,pre,1,0,0,0,0,0,1,ZERO_VOL,115.7
2026-03-25 09:56:37.848972,09:56,25,3,2026,2,5,23291.1,23291.1,23291.1,23291.1,0.0,23291.1,0.0,0.0,23291.1,1.0,0.0,0.0,0.0,pre,1,0,0,0,0,0,1,ZERO_VOL,153.1
2026-03-25 09:56:37.911746,09:56,25,3,2026,2,5,23290.75,23290.75,23290.75,23290.75,0.0,23290.75,0.0,0.0,23290.75,1.0,0.0,0.0,0.0,pre,1,0,0,0,0,0,1,ZERO_VOL,62.3
2026-03-25 09:56:38.001381,09:56,25,3,2026,2,5,23291.6,23291.6,23291.6,23291.6,0.0,23291.6,0.0,0.0,23291.6,1.0,0.0,0.0,0.0,pre,1,0,0,0,0,0,1,ZERO_VOL,89.1
2026-03-25 09:56:38.078133,09:56,25,3,2026,2,5,23293.0,23293.0,23293.0,23293.0,0.0,23293.0,0.0,0.0,23293.0,1.0,0.0,0.0,0.0,pre,1,0,0,0,0,0,1,ZERO_VOL,76.3
2026-03-25 09:56:38.252335,09:56,25,3,2026,2,5,23293.0,23293.0,23293.0,23293.0,0.0,23293.0,0.0,0.0,23293.0,1.0,0.0,0.0,0.0,pre,1,0,0,0,0,0,1,ZERO_VOL,173.7
2026-03-25 09:56:39.880699,09:56,25,3,2026,2,5,23291.45,23291.45,23291.45,23291.45,0.0,23291.45,0.0,0.0,23291.45,1.0,0.0,0.0,0.0,pre,1,0,0,0,0,0,1,ZERO_VOL,144.4
2026-03-25 09:56:39.954554,09:56,25,3,2026,2,5,23291.45,23291.45,23291.45,23291.45,0.0,23291.45,0.0,0.0,23291.45,1.0,0.0,0.0,0.0,pre,1,0,0,0,0,0,1,ZERO_VOL,73.4
2026-03-25 09:56:40.013038,09:56,25,3,2026,2,5,23290.1,23290.1,23290.1,23290.1,0.0,23290.1,0.0,0.0,23290.1,1.0,0.0,0.0,0.0,pre,1,0,0,0,0,0,1,ZERO_VOL,57.9
2026-03-25 09:56:40.129805,09:56,25,3,2026,2,5,23289.85,23289.85,23289.85,23289.85,0.0,23289.85,0.0,0.0,23289.85,1.0,0.0,0.0,0.0,pre,1,0,0,0,0,0,1,ZERO_VOL,116.3
2026-03-25 09:56:40.228392,09:56,25,3,2026,2,5,23291.3,23291.3,23291.3,23291.3,0.0,23291.3,0.0,0.0,23291.3,1.0,0.0,0.0,0.0,pre,1,0,0,0,0,0,1,ZERO_VOL,98.1
2026-03-25 09:56:42.113461,09:56,25,3,2026,2,5,23291.75,23291.75,23291.75,23291.75,0.0,23291.75,0.0,0.0,23291.75,1.0,0.0,0.0,0.0,pre,1,0,0,0,0,0,1,ZERO_VOL,113.3
2026-03-25 09:56:42.169977,09:56,25,3,2026,2,5,23291.45,23291.45,23291.45,23291.45,0.0,23291.45,0.0,0.0,23291.45,1.0,0.0,0.0,0.0,pre,1,0,0,0,0,0,1,ZERO_VOL,56.0
2026-03-25 09:56:42.264587,09:56,25,3,2026,2,5,23291.5,23291.5,23291.5,23291.5,0.0,23291.5,0.0,0.0,23291.5,1.0,0.0,0.0,0.0,pre,1,0,0,0,0,0,1,ZERO_VOL,94.1
2026-03-25 09:56:42.413515,09:56,25,3,2026,2,5,23291.75,23291.75,23291.75,23291.75,0.0,23291.75,0.0,0.0,23291.75,1.0,0.0,0.0,0.0,pre,1,0,0,0,0,0,1,ZERO_VOL,148.4
2026-03-25 09:56:42.500108,09:56,25,3,2026,2,5,23291.5,23291.5,23291.5,23291.5,0.0,23291.5,0.0,0.0,23291.5,1.0,0.0,0.0,0.0,pre,1,0,0,0,0,0,1,ZERO_VOL,86.1
2026-03-25 09:56:44.135674,09:56,25,3,2026,2,5,23291.5,23291.5,23291.5,23291.5,0.0,23291.5,0.0,0.0,23291.5,1.0,0.0,0.0,0.0,pre,1,0,0,0,0,0,1,ZERO_VOL,55.9
2026-03-25 09:56:44.194916,09:56,25,3,2026,2,5,23291.5,23291.5,23291.5,23291.5,0.0,23291.5,0.0,0.0,23291.5,1.0,0.0,0.0,0.0,pre,1,0,0,0,0,0,1,ZERO_VOL,58.7
2026-03-25 09:56:44.272762,09:56,25,3,2026,2,5,23291.65,23291.65,23291.65,23291.65,0.0,23291.65,0.0,0.0,23291.65,1.0,0.0,0.0,0.0,pre,1,0,0,0,0,0,1,ZERO_VOL,77.4
2026-03-25 09:56:44.447304,09:56,25,3,2026,2,5,23290.1,23290.1,23290.1,23290.1,0.0,23290.1,0.0,0.0,23290.1,1.0,0.0,0.0,0.0,pre,1,0,0,0,0,0,1,ZERO_VOL,174.0
2026-03-25 09:56:44.536943,09:56,25,3,2026,2,5,23291.5,23291.5,23291.5,23291.5,0.0,23291.5,0.0,0.0,23291.5,1.0,0.0,0.0,0.0,pre,1,0,0,0,0,0,1,ZERO_VOL,89.1
2026-03-25 09:56:46.387389,09:56,25,3,2026,2,5,23290.95,23290.95,23290.95,23290.95,0.0,23290.95,0.0,0.0,23290.95,1.0,0.0,0.0,0.0,pre,1,0,0,0,0,0,1,ZERO_VOL,145.7
2026-03-25 09:56:46.441204,09:56,25,3,2026,2,5,23291.45,23291.45,23291.45,23291.45,0.0,23291.45,0.0,0.0,23291.45,1.0,0.0,0.0,0.0,pre,1,0,0,0,0,0,1,ZERO_VOL,53.3
2026-03-25 09:56:46.527878,09:56,25,3,2026,2,5,23294.15,23294.15,23294.15,23294.15,0.0,23294.15,0.0,0.0,23294.15,1.0,0.0,0.0,0.0,pre,1,0,0,0,0,0,1,ZERO_VOL,85.9
2026-03-25 09:56:46.676792,09:56,25,3,2026,2,5,23291.4,23291.4,23291.4,23291.4,0.0,23291.4,0.0,0.0,23291.4,1.0,0.0,0.0,0.0,pre,1,0,0,0,0,0,1,ZERO_VOL,148.4
2026-03-25 09:56:46.874716,09:56,25,3,2026,2,5,23294.15,23294.15,23294.15,23294.15,0.0,23294.15,0.0,0.0,23294.15,1.0,0.0,0.0,0.0,pre,1,0,0,0,0,0,1,ZERO_VOL,197.4
2026-03-25 09:56:48.620209,09:56,25,3,2026,2,5,23290.3,23290.3,23290.3,23290.3,0.0,23290.3,0.0,0.0,23290.3,1.0,0.0,0.0,0.0,pre,1,0,0,0,0,0,1,ZERO_VOL,167.0
2026-03-25 09:56:48.678539,09:56,25,3,2026,2,5,23291.5,23291.5,23291.5,23291.5,0.0,23291.5,0.0,0.0,23291.5,1.0,0.0,0.0,0.0,pre,1,0,0,0,0,0,1,ZERO_VOL,57.8
2026-03-25 09:56:48.767015,09:56,25,3,2026,2,5,23290.3,23290.3,23290.3,23290.3,0.0,23290.3,0.0,0.0,23290.3,1.0,0.0,0.0,0.0,pre,1,0,0,0,0,0,1,ZERO_VOL,87.9
2026-03-25 09:56:48.910318,09:56,25,3,2026,2,5,23289.05,23289.05,23289.05,23289.05,0.0,23289.05,0.0,0.0,23289.05,1.0,0.0,0.0,0.0,pre,1,0,0,0,0,0,1,ZERO_VOL,142.8
2026-03-25 09:56:49.060369,09:56,25,3,2026,2,5,23289.05,23289.05,23289.05,23289.05,0.0,23289.05,0.0,0.0,23289.05,1.0,0.0,0.0,0.0,pre,1,0,0,0,0,0,1,ZERO_VOL,149.5
2026-03-25 09:56:50.807300,09:56,25,3,2026,2,5,23287.9,23287.9,23287.9,23287.9,0.0,23287.9,0.0,0.0,23287.9,1.0,0.0,0.0,0.0,pre,1,0,0,0,0,0,1,ZERO_VOL,119.0
2026-03-25 09:56:50.863006,09:56,25,3,2026,2,5,23291.3,23291.3,23291.3,23291.3,0.0,23291.3,0.0,0.0,23291.3,1.0,0.0,0.0,0.0,pre,1,0,0,0,0,0,1,ZERO_VOL,55.2
2026-03-25 09:56:50.949473,09:56,25,3,2026,2,5,23290.0,23290.0,23290.0,23290.0,0.0,23290.0,0.0,0.0,23290.0,1.0,0.0,0.0,0.0,pre,1,0,0,0,0,0,1,ZERO_VOL,86.0
2026-03-25 09:56:51.001362,09:56,25,3,2026,2,5,23290.95,23290.95,23290.95,23290.95,0.0,23290.95,0.0,0.0,23290.95,1.0,0.0,0.0,0.0,pre,1,0,0,0,0,0,1,ZERO_VOL,51.4
2026-03-25 09:56:51.105908,09:56,25,3,2026,2,5,23288.3,23288.3,23288.3,23288.3,0.0,23288.3,0.0,0.0,23288.3,1.0,0.0,0.0,0.0,pre,1,0,0,0,0,0,1,ZERO_VOL,104.1
2026-03-25 09:56:53.261397,09:56,25,3,2026,2,5,23287.9,23287.9,23287.9,23287.9,0.0,23287.9,0.0,0.0,23287.9,1.0,0.0,0.0,0.0,pre,1,0,0,0,0,0,1,ZERO_VOL,93.1
2026-03-25 09:56:53.405647,09:56,25,3,2026,2,5,23288.15,23288.15,23288.15,23288.15,0.0,23288.15,0.0,0.0,23288.15,1.0,0.0,0.0,0.0,pre,1,0,0,0,0,0,1,ZERO_VOL,143.8
2026-03-25 09:56:53.460775,09:56,25,3,2026,2,5,23287.9,23287.9,23287.9,23287.9,0.0,23287.9,0.0,0.0,23287.9,1.0,0.0,0.0,0.0,pre,1,0,0,0,0,0,1,ZERO_VOL,54.6
2026-03-25 09:56:53.640184,09:56,25,3,2026,2,5,23287.45,23287.45,23287.45,23287.45,0.0,23287.45,0.0,0.0,23287.45,1.0,0.0,0.0,0.0,pre,1,0,0,0,0,0,1,ZERO_VOL,178.9
2026-03-25 09:56:53.760116,09:56,25,3,2026,2,5,23287.45,23287.45,23287.45,23287.45,0.0,23287.45,0.0,0.0,23287.45,1.0,0.0,0.0,0.0,pre,1,0,0,0,0,0,1,ZERO_VOL,119.3
2026-03-25 09:56:55.338518,09:56,25,3,2026,2,5,23289.35,23289.35,23289.35,23289.35,0.0,23289.35,0.0,0.0,23289.35,1.0,0.0,0.0,0.0,pre,1,0,0,0,0,0,1,ZERO_VOL,145.0
2026-03-25 09:56:55.517275,09:56,25,3,2026,2,5,23289.35,23289.35,23289.35,23289.35,0.0,23289.35,0.0,0.0,23289.35,1.0,0.0,0.0,0.0,pre,1,0,0,0,0,0,1,ZERO_VOL,178.3
2026-03-25 09:56:55.693591,09:56,25,3,2026,2,5,23288.35,23288.35,23288.35,23288.35,0.0,23288.35,0.0,0.0,23288.35,1.0,0.0,0.0,0.0,pre,1,0,0,0,0,0,1,ZERO_VOL,175.8
2026-03-25 09:56:55.760635,09:56,25,3,2026,2,5,23294.15,23294.15,23294.15,23294.15,0.0,23294.15,0.0,0.0,23294.15,1.0,0.0,0.0,0.0,pre,1,0,0,0,0,0,1,ZERO_VOL,66.6
2026-03-25 09:56:55.905323,09:56,25,3,2026,2,5,23288.35,23288.35,23288.35,23288.35,0.0,23288.35,0.0,0.0,23288.35,1.0,0.0,0.0,0.0,pre,1,0,0,0,0,0,1,ZERO_VOL,144.2
2026-03-25 09:56:57.612772,09:56,25,3,2026,2,5,23285.2,23285.2,23285.2,23285.2,0.0,23285.2,0.0,0.0,23285.2,1.0,0.0,0.0,0.0,pre,1,0,0,0,0,0,1,ZERO_VOL,104.4
2026-03-25 09:56:57.697346,09:56,25,3,2026,2,5,23285.2,23285.2,23285.2,23285.2,0.0,23285.2,0.0,0.0,23285.2,1.0,0.0,0.0,0.0,pre,1,0,0,0,0,0,1,ZERO_VOL,84.1
2026-03-25 09:56:57.860461,09:56,25,3,2026,2,5,23285.2,23285.2,23285.2,23285.2,0.0,23285.2,0.0,0.0,23285.2,1.0,0.0,0.0,0.0,pre,1,0,0,0,0,0,1,ZERO_VOL,162.5
2026-03-25 09:56:58.012466,09:56,25,3,2026,2,5,23284.8,23284.8,23284.8,23284.8,0.0,23284.8,0.0,0.0,23284.8,1.0,0.0,0.0,0.0,pre,1,0,0,0,0,0,1,ZERO_VOL,151.5
2026-03-25 09:56:58.067084,09:56,25,3,2026,2,5,23284.8,23284.8,23284.8,23284.8,0.0,23284.8,0.0,0.0,23284.8,1.0,0.0,0.0,0.0,pre,1,0,0,0,0,0,1,ZERO_VOL,54.1
2026-03-25 09:56:59.765802,09:56,25,3,2026,2,5,23285.15,23285.15,23285.15,23285.15,0.0,23285.15,0.0,0.0,23285.15,1.0,0.0,0.0,0.0,pre,1,0,0,0,0,0,1,ZERO_VOL,175.9
2026-03-25 09:56:59.850365,09:56,25,3,2026,2,5,23286.25,23286.25,23286.25,23286.25,0.0,23286.25,0.0,0.0,23286.25,1.0,0.0,0.0,0.0,pre,1,0,0,0,0,0,1,ZERO_VOL,84.1
2026-03-25 09:57:00.019400,09:57,25,3,2026,2,5,23286.25,23286.25,23286.25,23286.25,0.0,23286.25,0.0,0.0,23286.25,1.0,0.0,0.0,0.0,pre,1,0,0,0,0,0,1,ZERO_VOL,168.5
2026-03-25 09:57:00.119604,09:57,25,3,2026,2,5,23285.15,23285.15,23285.15,23285.15,0.0,23285.15,0.0,0.0,23285.15,1.0,0.0,0.0,0.0,pre,1,0,0,0,0,0,1,ZERO_VOL,99.1
2026-03-25 09:57:00.188463,09:57,25,3,2026,2,5,23288.15,23288.15,23288.15,23288.15,0.0,23288.15,0.0,0.0,23288.15,1.0,0.0,0.0,0.0,pre,1,0,0,0,0,0,1,ZERO_VOL,68.2
2026-03-25 09:57:02.196432,09:57,25,3,2026,2,5,23283.65,23283.65,23283.65,23283.65,0.0,23283.65,0.0,0.0,23283.65,1.0,0.0,0.0,0.0,pre,1,0,0,0,0,0,1,ZERO_VOL,149.9
2026-03-25 09:57:02.290277,09:57,25,3,2026,2,5,23286.9,23286.9,23286.9,23286.9,0.0,23286.9,0.0,0.0,23286.9,1.0,0.0,0.0,0.0,pre,1,0,0,0,0,0,1,ZERO_VOL,93.3
2026-03-25 09:57:02.349551,09:57,25,3,2026,2,5,23285.2,23285.2,23285.2,23285.2,0.0,23285.2,0.0,0.0,23285.2,1.0,0.0,0.0,0.0,pre,1,0,0,0,0,0,1,ZERO_VOL,58.7
2026-03-25 09:57:02.410903,09:57,25,3,2026,2,5,23287.45,23287.45,23287.45,23287.45,0.0,23287.45,0.0,0.0,23287.45,1.0,0.0,0.0,0.0,pre,1,0,0,0,0,0,1,ZERO_VOL,60.8
2026-03-25 09:57:02.593451,09:57,25,3,2026,2,5,23283.65,23283.65,23283.65,23283.65,0.0,23283.65,0.0,0.0,23283.65,1.0,0.0,0.0,0.0,pre,1,0,0,0,0,0,1,ZERO_VOL,182.0
2026-03-25 09:57:04.884770,09:57,25,3,2026,2,5,23281.5,23281.5,23281.5,23281.5,0.0,23281.5,0.0,0.0,23281.5,1.0,0.0,0.0,0.0,pre,1,0,0,0,0,0,1,ZERO_VOL,95.5
2026-03-25 09:57:04.969063,09:57,25,3,2026,2,5,23281.5,23281.5,23281.5,23281.5,0.0,23281.5,0.0,0.0,23281.5,1.0,0.0,0.0,0.0,pre,1,0,0,0,0,0,1,ZERO_VOL,83.8
2026-03-25 09:57:05.024706,09:57,25,3,2026,2,5,23289.35,23289.35,23289.35,23289.35,0.0,23289.35,0.0,0.0,23289.35,1.0,0.0,0.0,0.0,pre,1,0,0,0,0,0,1,ZERO_VOL,55.1
2026-03-25 09:57:05.181360,09:57,25,3,2026,2,5,23279.6,23279.6,23279.6,23279.6,0.0,23279.6,0.0,0.0,23279.6,1.0,0.0,0.0,0.0,pre,1,0,0,0,0,0,1,ZERO_VOL,156.1
2026-03-25 09:57:05.320439,09:57,25,3,2026,2,5,23279.6,23279.6,23279.6,23279.6,0.0,23279.6,0.0,0.0,23279.6,1.0,0.0,0.0,0.0,pre,1,0,0,0,0,0,1,ZERO_VOL,138.6
2026-03-25 09:57:07.008374,09:57,25,3,2026,2,5,23280.2,23280.2,23280.2,23280.2,0.0,23280.2,0.0,0.0,23280.2,1.0,0.0,0.0,0.0,pre,1,0,0,0,0,0,1,ZERO_VOL,177.0
2026-03-25 09:57:07.110611,09:57,25,3,2026,2,5,23280.85,23280.85,23280.85,23280.85,0.0,23280.85,0.0,0.0,23280.85,1.0,0.0,0.0,0.0,pre,1,0,0,0,0,0,1,ZERO_VOL,101.7
2026-03-25 09:57:07.209401,09:57,25,3,2026,2,5,23280.85,23280.85,23280.85,23280.85,0.0,23280.85,0.0,0.0,23280.85,1.0,0.0,0.0,0.0,pre,1,0,0,0,0,0,1,ZERO_VOL,98.3
2026-03-25 09:57:07.268839,09:57,25,3,2026,2,5,23280.85,23280.85,23280.85,23280.85,0.0,23280.85,0.0,0.0,23280.85,1.0,0.0,0.0,0.0,pre,1,0,0,0,0,0,1,ZERO_VOL,59.0
2026-03-25 09:57:07.325009,09:57,25,3,2026,2,5,23281.5,23281.5,23281.5,23281.5,0.0,23281.5,0.0,0.0,23281.5,1.0,0.0,0.0,0.0,pre,1,0,0,0,0,0,1,ZERO_VOL,55.7
2026-03-25 09:57:09.173280,09:57,25,3,2026,2,5,23286.25,23286.25,23286.25,23286.25,0.0,23286.25,0.0,0.0,23286.25,1.0,0.0,0.0,0.0,pre,1,0,0,0,0,0,1,ZERO_VOL,56.1
2026-03-25 09:57:09.249255,09:57,25,3,2026,2,5,23279.45,23279.45,23279.45,23279.45,0.0,23279.45,0.0,0.0,23279.45,1.0,0.0,0.0,0.0,pre,1,0,0,0,0,0,1,ZERO_VOL,75.5
2026-03-25 09:57:09.397474,09:57,25,3,2026,2,5,23280.1,23280.1,23280.1,23280.1,0.0,23280.1,0.0,0.0,23280.1,1.0,0.0,0.0,0.0,pre,1,0,0,0,0,0,1,ZERO_VOL,147.8
2026-03-25 09:57:09.454235,09:57,25,3,2026,2,5,23280.85,23280.85,23280.85,23280.85,0.0,23280.85,0.0,0.0,23280.85,1.0,0.0,0.0,0.0,pre,1,0,0,0,0,0,1,ZERO_VOL,56.2
2026-03-25 09:57:09.552440,09:57,25,3,2026,2,5,23279.45,23279.45,23279.45,23279.45,0.0,23279.45,0.0,0.0,23279.45,1.0,0.0,0.0,0.0,pre,1,0,0,0,0,0,1,ZERO_VOL,97.7
2026-03-25 09:57:11.419403,09:57,25,3,2026,2,5,23279.4,23279.4,23279.4,23279.4,0.0,23279.4,0.0,0.0,23279.4,1.0,0.0,0.0,0.0,pre,1,0,0,0,0,0,1,ZERO_VOL,88.0
2026-03-25 09:57:11.476083,09:57,25,3,2026,2,5,23280.85,23280.85,23280.85,23280.85,0.0,23280.85,0.0,0.0,23280.85,1.0,0.0,0.0,0.0,pre,1,0,0,0,0,0,1,ZERO_VOL,56.2
2026-03-25 09:57:11.536869,09:57,25,3,2026,2,5,23280.85,23280.85,23280.85,23280.85,0.0,23280.85,0.0,0.0,23280.85,1.0,0.0,0.0,0.0,pre,1,0,0,0,0,0,1,ZERO_VOL,60.3
2026-03-25 09:57:11.648639,09:57,25,3,2026,2,5,23279.4,23279.4,23279.4,23279.4,0.0,23279.4,0.0,0.0,23279.4,1.0,0.0,0.0,0.0,pre,1,0,0,0,0,0,1,ZERO_VOL,111.2
2026-03-25 09:57:11.757312,09:57,25,3,2026,2,5,23279.4,23279.4,23279.4,23279.4,0.0,23279.4,0.0,0.0,23279.4,1.0,0.0,0.0,0.0,pre,1,0,0,0,0,0,1,ZERO_VOL,108.2
2026-03-25 09:57:13.425336,09:57,25,3,2026,2,5,23279.45,23279.45,23279.45,23279.45,0.0,23279.45,0.0,0.0,23279.45,1.0,0.0,0.0,0.0,pre,1,0,0,0,0,0,1,ZERO_VOL,97.3
2026-03-25 09:57:13.515492,09:57,25,3,2026,2,5,23279.45,23279.45,23279.45,23279.45,0.0,23279.45,0.0,0.0,23279.45,1.0,0.0,0.0,0.0,pre,1,0,0,0,0,0,1,ZERO_VOL,89.7
2026-03-25 09:57:13.665196,09:57,25,3,2026,2,5,23278.85,23278.85,23278.85,23278.85,0.0,23278.85,0.0,0.0,23278.85,1.0,0.0,0.0,0.0,pre,1,0,0,0,0,0,1,ZERO_VOL,148.3
2026-03-25 09:57:13.737789,09:57,25,3,2026,2,5,23279.4,23279.4,23279.4,23279.4,0.0,23279.4,0.0,0.0,23279.4,1.0,0.0,0.0,0.0,pre,1,0,0,0,0,0,1,ZERO_VOL,72.0
2026-03-25 09:57:13.835823,09:57,25,3,2026,2,5,23279.45,23279.45,23279.45,23279.45,0.0,23279.45,0.0,0.0,23279.45,1.0,0.0,0.0,0.0,pre,1,0,0,0,0,0,1,ZERO_VOL,97.3
2026-03-25 09:57:15.532220,09:57,25,3,2026,2,5,23277.7,23277.7,23277.7,23277.7,0.0,23277.7,0.0,0.0,23277.7,1.0,0.0,0.0,0.0,pre,1,0,0,0,0,0,1,ZERO_VOL,116.8
2026-03-25 09:57:15.626344,09:57,25,3,2026,2,5,23278.9,23278.9,23278.9,23278.9,0.0,23278.9,0.0,0.0,23278.9,1.0,0.0,0.0,0.0,pre,1,0,0,0,0,0,1,ZERO_VOL,93.6
2026-03-25 09:57:15.687415,09:57,25,3,2026,2,5,23280.85,23280.85,23280.85,23280.85,0.0,23280.85,0.0,0.0,23280.85,1.0,0.0,0.0,0.0,pre,1,0,0,0,0,0,1,ZERO_VOL,60.5
2026-03-25 09:57:15.832752,09:57,25,3,2026,2,5,23278.9,23278.9,23278.9,23278.9,0.0,23278.9,0.0,0.0,23278.9,1.0,0.0,0.0,0.0,pre,1,0,0,0,0,0,1,ZERO_VOL,144.8
2026-03-25 09:57:15.889408,09:57,25,3,2026,2,5,23279.45,23279.45,23279.45,23279.45,0.0,23279.45,0.0,0.0,23279.45,1.0,0.0,0.0,0.0,pre,1,0,0,0,0,0,1,ZERO_VOL,56.1
2026-03-25 09:57:17.421978,09:57,25,3,2026,2,5,23274.65,23274.65,23274.65,23274.65,0.0,23274.65,0.0,0.0,23274.65,1.0,0.0,0.0,0.0,pre,1,0,0,0,0,0,1,ZERO_VOL,77.7
2026-03-25 09:57:17.475653,09:57,25,3,2026,2,5,23278.9,23278.9,23278.9,23278.9,0.0,23278.9,0.0,0.0,23278.9,1.0,0.0,0.0,0.0,pre,1,0,0,0,0,0,1,ZERO_VOL,53.1
2026-03-25 09:57:17.628125,09:57,25,3,2026,2,5,23274.5,23274.5,23274.5,23274.5,0.0,23274.5,0.0,0.0,23274.5,1.0,0.0,0.0,0.0,pre,1,0,0,0,0,0,1,ZERO_VOL,151.3
2026-03-25 09:57:17.767449,09:57,25,3,2026,2,5,23274.65,23274.65,23274.65,23274.65,0.0,23274.65,0.0,0.0,23274.65,1.0,0.0,0.0,0.0,pre,1,0,0,0,0,0,1,ZERO_VOL,137.4
2026-03-25 09:57:17.899124,09:57,25,3,2026,2,5,23276.45,23276.45,23276.45,23276.45,0.0,23276.45,0.0,0.0,23276.45,1.0,0.0,0.0,0.0,pre,1,0,0,0,0,0,1,ZERO_VOL,131.2
2026-03-25 09:57:19.684455,09:57,25,3,2026,2,5,23276.2,23276.2,23276.2,23276.2,0.0,23276.2,0.0,0.0,23276.2,1.0,0.0,0.0,0.0,pre,1,0,0,0,0,0,1,ZERO_VOL,173.2
2026-03-25 09:57:19.834073,09:57,25,3,2026,2,5,23279.35,23279.35,23279.35,23279.35,0.0,23279.35,0.0,0.0,23279.35,1.0,0.0,0.0,0.0,pre,1,0,0,0,0,0,1,ZERO_VOL,149.1
2026-03-25 09:57:19.889245,09:57,25,3,2026,2,5,23276.2,23276.2,23276.2,23276.2,0.0,23276.2,0.0,0.0,23276.2,1.0,0.0,0.0,0.0,pre,1,0,0,0,0,0,1,ZERO_VOL,54.6
2026-03-25 09:57:19.989929,09:57,25,3,2026,2,5,23276.2,23276.2,23276.2,23276.2,0.0,23276.2,0.0,0.0,23276.2,1.0,0.0,0.0,0.0,pre,1,0,0,0,0,0,1,ZERO_VOL,100.1
2026-03-25 09:57:20.105931,09:57,25,3,2026,2,5,23279.35,23279.35,23279.35,23279.35,0.0,23279.35,0.0,0.0,23279.35,1.0,0.0,0.0,0.0,pre,1,0,0,0,0,0,1,ZERO_VOL,115.5
2026-03-25 09:57:21.928577,09:57,25,3,2026,2,5,23279.7,23279.7,23279.7,23279.7,0.0,23279.7,0.0,0.0,23279.7,1.0,0.0,0.0,0.0,pre,1,0,0,0,0,0,1,ZERO_VOL,84.8
2026-03-25 09:57:22.034259,09:57,25,3,2026,2,5,23279.7,23279.7,23279.7,23279.7,0.0,23279.7,0.0,0.0,23279.7,1.0,0.0,0.0,0.0,pre,1,0,0,0,0,0,1,ZERO_VOL,105.2
2026-03-25 09:57:22.181982,09:57,25,3,2026,2,5,23279.7,23279.7,23279.7,23279.7,0.0,23279.7,0.0,0.0,23279.7,1.0,0.0,0.0,0.0,pre,1,0,0,0,0,0,1,ZERO_VOL,147.2
2026-03-25 09:57:22.278300,09:57,25,3,2026,2,5,23276.35,23276.35,23276.35,23276.35,0.0,23276.35,0.0,0.0,23276.35,1.0,0.0,0.0,0.0,pre,1,0,0,0,0,0,1,ZERO_VOL,95.8
2026-03-25 09:57:22.424212,09:57,25,3,2026,2,5,23279.7,23279.7,23279.7,23279.7,0.0,23279.7,0.0,0.0,23279.7,1.0,0.0,0.0,0.0,pre,1,0,0,0,0,0,1,ZERO_VOL,145.4
2026-03-25 09:57:23.985756,09:57,25,3,2026,2,5,23279.45,23279.45,23279.45,23279.45,0.0,23279.45,0.0,0.0,23279.45,1.0,0.0,0.0,0.0,pre,1,0,0,0,0,0,1,ZERO_VOL,59.6
2026-03-25 09:57:24.141613,09:57,25,3,2026,2,5,23278.55,23278.55,23278.55,23278.55,0.0,23278.55,0.0,0.0,23278.55,1.0,0.0,0.0,0.0,pre,1,0,0,0,0,0,1,ZERO_VOL,155.4
2026-03-25 09:57:24.194846,09:57,25,3,2026,2,5,23276.45,23276.45,23276.45,23276.45,0.0,23276.45,0.0,0.0,23276.45,1.0,0.0,0.0,0.0,pre,1,0,0,0,0,0,1,ZERO_VOL,52.7
2026-03-25 09:57:24.260720,09:57,25,3,2026,2,5,23274.65,23274.65,23274.65,23274.65,0.0,23274.65,0.0,0.0,23274.65,1.0,0.0,0.0,0.0,pre,1,0,0,0,0,0,1,ZERO_VOL,65.3
2026-03-25 09:57:24.437286,09:57,25,3,2026,2,5,23278.55,23278.55,23278.55,23278.55,0.0,23278.55,0.0,0.0,23278.55,1.0,0.0,0.0,0.0,pre,1,0,0,0,0,0,1,ZERO_VOL,176.1
2026-03-25 09:57:26.142243,09:57,25,3,2026,2,5,23278.7,23278.7,23278.7,23278.7,0.0,23278.7,0.0,0.0,23278.7,1.0,0.0,0.0,0.0,pre,1,0,0,0,0,0,1,ZERO_VOL,176.8
2026-03-25 09:57:26.255821,09:57,25,3,2026,2,5,23278.7,23278.7,23278.7,23278.7,0.0,23278.7,0.0,0.0,23278.7,1.0,0.0,0.0,0.0,pre,1,0,0,0,0,0,1,ZERO_VOL,113.1
2026-03-25 09:57:26.412389,09:57,25,3,2026,2,5,23279.55,23279.55,23279.55,23279.55,0.0,23279.55,0.0,0.0,23279.55,1.0,0.0,0.0,0.0,pre,1,0,0,0,0,0,1,ZERO_VOL,156.1
2026-03-25 09:57:26.507615,09:57,25,3,2026,2,5,23279.55,23279.55,23279.55,23279.55,0.0,23279.55,0.0,0.0,23279.55,1.0,0.0,0.0,0.0,pre,1,0,0,0,0,0,1,ZERO_VOL,94.7
2026-03-25 09:57:26.612773,09:57,25,3,2026,2,5,23279.55,23279.55,23279.55,23279.55,0.0,23279.55,0.0,0.0,23279.55,1.0,0.0,0.0,0.0,pre,1,0,0,0,0,0,1,ZERO_VOL,104.6
2026-03-25 09:57:28.542202,09:57,25,3,2026,2,5,23276.95,23276.95,23276.95,23276.95,0.0,23276.95,0.0,0.0,23276.95,1.0,0.0,0.0,0.0,pre,1,0,0,0,0,0,1,ZERO_VOL,96.1
2026-03-25 09:57:28.625759,09:57,25,3,2026,2,5,23276.95,23276.95,23276.95,23276.95,0.0,23276.95,0.0,0.0,23276.95,1.0,0.0,0.0,0.0,pre,1,0,0,0,0,0,1,ZERO_VOL,83.1
2026-03-25 09:57:28.756584,09:57,25,3,2026,2,5,23276.95,23276.95,23276.95,23276.95,0.0,23276.95,0.0,0.0,23276.95,1.0,0.0,0.0,0.0,pre,1,0,0,0,0,0,1,ZERO_VOL,130.4
2026-03-25 09:57:28.817377,09:57,25,3,2026,2,5,23279.7,23279.7,23279.7,23279.7,0.0,23279.7,0.0,0.0,23279.7,1.0,0.0,0.0,0.0,pre,1,0,0,0,0,0,1,ZERO_VOL,60.3
2026-03-25 09:57:28.909386,09:57,25,3,2026,2,5,23276.95,23276.95,23276.95,23276.95,0.0,23276.95,0.0,0.0,23276.95,1.0,0.0,0.0,0.0,pre,1,0,0,0,0,0,1,ZERO_VOL,91.5
2026-03-25 09:57:30.500590,09:57,25,3,2026,2,5,23279.7,23279.7,23279.7,23279.7,0.0,23279.7,0.0,0.0,23279.7,1.0,0.0,0.0,0.0,pre,1,0,0,0,0,0,1,ZERO_VOL,76.5
2026-03-25 09:57:30.632720,09:57,25,3,2026,2,5,23278.2,23278.2,23278.2,23278.2,0.0,23278.2,0.0,0.0,23278.2,1.0,0.0,0.0,0.0,pre,1,0,0,0,0,0,1,ZERO_VOL,131.6
2026-03-25 09:57:30.780865,09:57,25,3,2026,2,5,23278.35,23278.35,23278.35,23278.35,0.0,23278.35,0.0,0.0,23278.35,1.0,0.0,0.0,0.0,pre,1,0,0,0,0,0,1,ZERO_VOL,147.4
2026-03-25 09:57:30.861001,09:57,25,3,2026,2,5,23278.2,23278.2,23278.2,23278.2,0.0,23278.2,0.0,0.0,23278.2,1.0,0.0,0.0,0.0,pre,1,0,0,0,0,0,1,ZERO_VOL,79.7
2026-03-25 09:57:30.910215,09:57,25,3,2026,2,5,23278.2,23278.2,23278.2,23278.2,0.0,23278.2,0.0,0.0,23278.2,1.0,0.0,0.0,0.0,pre,1,0,0,0,0,0,1,ZERO_VOL,48.7
2026-03-25 09:57:32.617662,09:57,25,3,2026,2,5,23274.8,23274.8,23274.8,23274.8,0.0,23274.8,0.0,0.0,23274.8,1.0,0.0,0.0,0.0,pre,1,0,0,0,0,0,1,ZERO_VOL,91.3
2026-03-25 09:57:32.712713,09:57,25,3,2026,2,5,23274.8,23274.8,23274.8,23274.8,0.0,23274.8,0.0,0.0,23274.8,1.0,0.0,0.0,0.0,pre,1,0,0,0,0,0,1,ZERO_VOL,94.6
2026-03-25 09:57:32.791540,09:57,25,3,2026,2,5,23274.8,23274.8,23274.8,23274.8,0.0,23274.8,0.0,0.0,23274.8,1.0,0.0,0.0,0.0,pre,1,0,0,0,0,0,1,ZERO_VOL,78.2
2026-03-25 09:57:32.896233,09:57,25,3,2026,2,5,23274.8,23274.8,23274.8,23274.8,0.0,23274.8,0.0,0.0,23274.8,1.0,0.0,0.0,0.0,pre,1,0,0,0,0,0,1,ZERO_VOL,104.2
2026-03-25 09:57:33.096710,09:57,25,3,2026,2,5,23274.8,23274.8,23274.8,23274.8,0.0,23274.8,0.0,0.0,23274.8,1.0,0.0,0.0,0.0,pre,1,0,0,0,0,0,1,ZERO_VOL,200.0
2026-03-25 09:57:34.919337,09:57,25,3,2026,2,5,23274.95,23274.95,23274.95,23274.95,0.0,23274.95,0.0,0.0,23274.95,1.0,0.0,0.0,0.0,pre,1,0,0,0,0,0,1,ZERO_VOL,172.0
2026-03-25 09:57:35.009338,09:57,25,3,2026,2,5,23274.95,23274.95,23274.95,23274.95,0.0,23274.95,0.0,0.0,23274.95,1.0,0.0,0.0,0.0,pre,1,0,0,0,0,0,1,ZERO_VOL,89.5
2026-03-25 09:57:35.077842,09:57,25,3,2026,2,5,23274.95,23274.95,23274.95,23274.95,0.0,23274.95,0.0,0.0,23274.95,1.0,0.0,0.0,0.0,pre,1,0,0,0,0,0,1,ZERO_VOL,67.9
2026-03-25 09:57:35.247838,09:57,25,3,2026,2,5,23275.95,23275.95,23275.95,23275.95,0.0,23275.95,0.0,0.0,23275.95,1.0,0.0,0.0,0.0,pre,1,0,0,0,0,0,1,ZERO_VOL,169.4
2026-03-25 09:57:35.396453,09:57,25,3,2026,2,5,23274.95,23274.95,23274.95,23274.95,0.0,23274.95,0.0,0.0,23274.95,1.0,0.0,0.0,0.0,pre,1,0,0,0,0,0,1,ZERO_VOL,148.1
2026-03-25 09:57:37.148245,09:57,25,3,2026,2,5,23277.55,23277.55,23277.55,23277.55,0.0,23277.55,0.0,0.0,23277.55,1.0,0.0,0.0,0.0,pre,1,0,0,0,0,0,1,ZERO_VOL,106.9
2026-03-25 09:57:37.312067,09:57,25,3,2026,2,5,23278.25,23278.25,23278.25,23278.25,0.0,23278.25,0.0,0.0,23278.25,1.0,0.0,0.0,0.0,pre,1,0,0,0,0,0,1,ZERO_VOL,163.4
2026-03-25 09:57:37.457028,09:57,25,3,2026,2,5,23278.0,23278.0,23278.0,23278.0,0.0,23278.0,0.0,0.0,23278.0,1.0,0.0,0.0,0.0,pre,1,0,0,0,0,0,1,ZERO_VOL,144.3
2026-03-25 09:57:37.556498,09:57,25,3,2026,2,5,23278.0,23278.0,23278.0,23278.0,0.0,23278.0,0.0,0.0,23278.0,1.0,0.0,0.0,0.0,pre,1,0,0,0,0,0,1,ZERO_VOL,99.0
2026-03-25 09:57:37.633318,09:57,25,3,2026,2,5,23274.8,23274.8,23274.8,23274.8,0.0,23274.8,0.0,0.0,23274.8,1.0,0.0,0.0,0.0,pre,1,0,0,0,0,0,1,ZERO_VOL,76.3
2026-03-25 09:57:39.323115,09:57,25,3,2026,2,5,23278.5,23278.5,23278.5,23278.5,0.0,23278.5,0.0,0.0,23278.5,1.0,0.0,0.0,0.0,pre,1,0,0,0,0,0,1,ZERO_VOL,87.0
2026-03-25 09:57:39.447255,09:57,25,3,2026,2,5,23278.8,23278.8,23278.8,23278.8,0.0,23278.8,0.0,0.0,23278.8,1.0,0.0,0.0,0.0,pre,1,0,0,0,0,0,1,ZERO_VOL,123.5
2026-03-25 09:57:39.544244,09:57,25,3,2026,2,5,23278.5,23278.5,23278.5,23278.5,0.0,23278.5,0.0,0.0,23278.5,1.0,0.0,0.0,0.0,pre,1,0,0,0,0,0,1,ZERO_VOL,96.4
2026-03-25 09:57:39.638450,09:57,25,3,2026,2,5,23278.5,23278.5,23278.5,23278.5,0.0,23278.5,0.0,0.0,23278.5,1.0,0.0,0.0,0.0,pre,1,0,0,0,0,0,1,ZERO_VOL,93.7
2026-03-25 09:57:39.698762,09:57,25,3,2026,2,5,23274.95,23274.95,23274.95,23274.95,0.0,23274.95,0.0,0.0,23274.95,1.0,0.0,0.0,0.0,pre,1,0,0,0,0,0,1,ZERO_VOL,59.8
2026-03-25 09:57:41.528889,09:57,25,3,2026,2,5,23277.75,23277.75,23277.75,23277.75,0.0,23277.75,0.0,0.0,23277.75,1.0,0.0,0.0,0.0,pre,1,0,0,0,0,0,1,ZERO_VOL,152.8
2026-03-25 09:57:41.619734,09:57,25,3,2026,2,5,23278.6,23278.6,23278.6,23278.6,0.0,23278.6,0.0,0.0,23278.6,1.0,0.0,0.0,0.0,pre,1,0,0,0,0,0,1,ZERO_VOL,90.4
2026-03-25 09:57:41.780004,09:57,25,3,2026,2,5,23278.6,23278.6,23278.6,23278.6,0.0,23278.6,0.0,0.0,23278.6,1.0,0.0,0.0,0.0,pre,1,0,0,0,0,0,1,ZERO_VOL,159.6
2026-03-25 09:57:41.857257,09:57,25,3,2026,2,5,23274.8,23274.8,23274.8,23274.8,0.0,23274.8,0.0,0.0,23274.8,1.0,0.0,0.0,0.0,pre,1,0,0,0,0,0,1,ZERO_VOL,76.7
2026-03-25 09:57:41.916408,09:57,25,3,2026,2,5,23277.75,23277.75,23277.75,23277.75,0.0,23277.75,0.0,0.0,23277.75,1.0,0.0,0.0,0.0,pre,1,0,0,0,0,0,1,ZERO_VOL,58.7
2026-03-25 09:57:43.886782,09:57,25,3,2026,2,5,23279.5,23279.5,23279.5,23279.5,0.0,23279.5,0.0,0.0,23279.5,1.0,0.0,0.0,0.0,pre,1,0,0,0,0,0,1,ZERO_VOL,92.2
2026-03-25 09:57:44.028865,09:57,25,3,2026,2,5,23279.5,23279.5,23279.5,23279.5,0.0,23279.5,0.0,0.0,23279.5,1.0,0.0,0.0,0.0,pre,1,0,0,0,0,0,1,ZERO_VOL,141.6
2026-03-25 09:57:44.189118,09:57,25,3,2026,2,5,23280.8,23280.8,23280.8,23280.8,0.0,23280.8,0.0,0.0,23280.8,1.0,0.0,0.0,0.0,pre,1,0,0,0,0,0,1,ZERO_VOL,159.7
2026-03-25 09:57:44.244086,09:57,25,3,2026,2,5,23275.95,23275.95,23275.95,23275.95,0.0,23275.95,0.0,0.0,23275.95,1.0,0.0,0.0,0.0,pre,1,0,0,0,0,0,1,ZERO_VOL,54.5
2026-03-25 09:57:44.299713,09:57,25,3,2026,2,5,23278.8,23278.8,23278.8,23278.8,0.0,23278.8,0.0,0.0,23278.8,1.0,0.0,0.0,0.0,pre,1,0,0,0,0,0,1,ZERO_VOL,55.1
2026-03-25 09:57:46.031335,09:57,25,3,2026,2,5,23279.5,23279.5,23279.5,23279.5,0.0,23279.5,0.0,0.0,23279.5,1.0,0.0,0.0,0.0,pre,1,0,0,0,0,0,1,ZERO_VOL,54.6
2026-03-25 09:57:46.176553,09:57,25,3,2026,2,5,23279.9,23279.9,23279.9,23279.9,0.0,23279.9,0.0,0.0,23279.9,1.0,0.0,0.0,0.0,pre,1,0,0,0,0,0,1,ZERO_VOL,144.8
2026-03-25 09:57:46.238472,09:57,25,3,2026,2,5,23278.6,23278.6,23278.6,23278.6,0.0,23278.6,0.0,0.0,23278.6,1.0,0.0,0.0,0.0,pre,1,0,0,0,0,0,1,ZERO_VOL,61.5
2026-03-25 09:57:46.385177,09:57,25,3,2026,2,5,23280.5,23280.5,23280.5,23280.5,0.0,23280.5,0.0,0.0,23280.5,1.0,0.0,0.0,0.0,pre,1,0,0,0,0,0,1,ZERO_VOL,146.2
2026-03-25 09:57:46.530132,09:57,25,3,2026,2,5,23280.5,23280.5,23280.5,23280.5,0.0,23280.5,0.0,0.0,23280.5,1.0,0.0,0.0,0.0,pre,1,0,0,0,0,0,1,ZERO_VOL,144.5
2026-03-25 09:57:48.190847,09:57,25,3,2026,2,5,23278.8,23278.8,23278.8,23278.8,0.0,23278.8,0.0,0.0,23278.8,1.0,0.0,0.0,0.0,pre,1,0,0,0,0,0,1,ZERO_VOL,60.1
2026-03-25 09:57:48.275896,09:57,25,3,2026,2,5,23281.55,23281.55,23281.55,23281.55,0.0,23281.55,0.0,0.0,23281.55,1.0,0.0,0.0,0.0,pre,1,0,0,0,0,0,1,ZERO_VOL,84.5
2026-03-25 09:57:48.330712,09:57,25,3,2026,2,5,23278.5,23278.5,23278.5,23278.5,0.0,23278.5,0.0,0.0,23278.5,1.0,0.0,0.0,0.0,pre,1,0,0,0,0,0,1,ZERO_VOL,54.3
2026-03-25 09:57:48.477682,09:57,25,3,2026,2,5,23279.45,23279.45,23279.45,23279.45,0.0,23279.45,0.0,0.0,23279.45,1.0,0.0,0.0,0.0,pre,1,0,0,0,0,0,1,ZERO_VOL,146.5
2026-03-25 09:57:48.538845,09:57,25,3,2026,2,5,23279.5,23279.5,23279.5,23279.5,0.0,23279.5,0.0,0.0,23279.5,1.0,0.0,0.0,0.0,pre,1,0,0,0,0,0,1,ZERO_VOL,60.6
2026-03-25 09:57:50.551390,09:57,25,3,2026,2,5,23281.15,23281.15,23281.15,23281.15,0.0,23281.15,0.0,0.0,23281.15,1.0,0.0,0.0,0.0,pre,1,0,0,0,0,0,1,ZERO_VOL,143.5
2026-03-25 09:57:50.658328,09:57,25,3,2026,2,5,23277.5,23277.5,23277.5,23277.5,0.0,23277.5,0.0,0.0,23277.5,1.0,0.0,0.0,0.0,pre,1,0,0,0,0,0,1,ZERO_VOL,106.3
2026-03-25 09:57:50.773454,09:57,25,3,2026,2,5,23279.6,23279.6,23279.6,23279.6,0.0,23279.6,0.0,0.0,23279.6,1.0,0.0,0.0,0.0,pre,1,0,0,0,0,0,1,ZERO_VOL,114.6
2026-03-25 09:57:50.832870,09:57,25,3,2026,2,5,23279.6,23279.6,23279.6,23279.6,0.0,23279.6,0.0,0.0,23279.6,1.0,0.0,0.0,0.0,pre,1,0,0,0,0,0,1,ZERO_VOL,58.9
2026-03-25 09:57:50.979261,09:57,25,3,2026,2,5,23277.5,23277.5,23277.5,23277.5,0.0,23277.5,0.0,0.0,23277.5,1.0,0.0,0.0,0.0,pre,1,0,0,0,0,0,1,ZERO_VOL,145.9
2026-03-25 09:57:52.944704,09:57,25,3,2026,2,5,23279.6,23279.6,23279.6,23279.6,0.0,23279.6,0.0,0.0,23279.6,1.0,0.0,0.0,0.0,pre,1,0,0,0,0,0,1,ZERO_VOL,210.2
2026-03-25 09:57:53.094105,09:57,25,3,2026,2,5,23276.85,23276.85,23276.85,23276.85,0.0,23276.85,0.0,0.0,23276.85,1.0,0.0,0.0,0.0,pre,1,0,0,0,0,0,1,ZERO_VOL,148.9
2026-03-25 09:57:53.214720,09:57,25,3,2026,2,5,23279.6,23279.6,23279.6,23279.6,0.0,23279.6,0.0,0.0,23279.6,1.0,0.0,0.0,0.0,pre,1,0,0,0,0,0,1,ZERO_VOL,120.1
2026-03-25 09:57:53.433840,09:57,25,3,2026,2,5,23280.5,23280.5,23280.5,23280.5,0.0,23280.5,0.0,0.0,23280.5,1.0,0.0,0.0,0.0,pre,1,0,0,0,0,0,1,ZERO_VOL,218.6
2026-03-25 09:57:53.492586,09:57,25,3,2026,2,5,23276.85,23276.85,23276.85,23276.85,0.0,23276.85,0.0,0.0,23276.85,1.0,0.0,0.0,0.0,pre,1,0,0,0,0,0,1,ZERO_VOL,58.2
2026-03-25 09:57:55.121480,09:57,25,3,2026,2,5,23275.2,23275.2,23275.2,23275.2,0.0,23275.2,0.0,0.0,23275.2,1.0,0.0,0.0,0.0,pre,1,0,0,0,0,0,1,ZERO_VOL,131.3
2026-03-25 09:57:55.216273,09:57,25,3,2026,2,5,23275.2,23275.2,23275.2,23275.2,0.0,23275.2,0.0,0.0,23275.2,1.0,0.0,0.0,0.0,pre,1,0,0,0,0,0,1,ZERO_VOL,94.3
2026-03-25 09:57:55.330127,09:57,25,3,2026,2,5,23275.2,23275.2,23275.2,23275.2,0.0,23275.2,0.0,0.0,23275.2,1.0,0.0,0.0,0.0,pre,1,0,0,0,0,0,1,ZERO_VOL,113.3
2026-03-25 09:57:55.406182,09:57,25,3,2026,2,5,23279.45,23279.45,23279.45,23279.45,0.0,23279.45,0.0,0.0,23279.45,1.0,0.0,0.0,0.0,pre,1,0,0,0,0,0,1,ZERO_VOL,75.6
2026-03-25 09:57:55.489101,09:57,25,3,2026,2,5,23275.2,23275.2,23275.2,23275.2,0.0,23275.2,0.0,0.0,23275.2,1.0,0.0,0.0,0.0,pre,1,0,0,0,0,0,1,ZERO_VOL,82.5
2026-03-25 09:57:57.449935,09:57,25,3,2026,2,5,23275.85,23275.85,23275.85,23275.85,0.0,23275.85,0.0,0.0,23275.85,1.0,0.0,0.0,0.0,pre,1,0,0,0,0,0,1,ZERO_VOL,147.6
2026-03-25 09:57:57.556597,09:57,25,3,2026,2,5,23275.85,23275.85,23275.85,23275.85,0.0,23275.85,0.0,0.0,23275.85,1.0,0.0,0.0,0.0,pre,1,0,0,0,0,0,1,ZERO_VOL,106.2
2026-03-25 09:57:57.736026,09:57,25,3,2026,2,5,23275.85,23275.85,23275.85,23275.85,0.0,23275.85,0.0,0.0,23275.85,1.0,0.0,0.0,0.0,pre,1,0,0,0,0,0,1,ZERO_VOL,178.9
2026-03-25 09:57:57.795077,09:57,25,3,2026,2,5,23279.6,23279.6,23279.6,23279.6,0.0,23279.6,0.0,0.0,23279.6,1.0,0.0,0.0,0.0,pre,1,0,0,0,0,0,1,ZERO_VOL,58.6
2026-03-25 09:57:57.953271,09:57,25,3,2026,2,5,23276.7,23276.7,23276.7,23276.7,0.0,23276.7,0.0,0.0,23276.7,1.0,0.0,0.0,0.0,pre,1,0,0,0,0,0,1,ZERO_VOL,157.7
2026-03-25 09:57:59.517898,09:57,25,3,2026,2,5,23277.6,23277.6,23277.6,23277.6,0.0,23277.6,0.0,0.0,23277.6,1.0,0.0,0.0,0.0,pre,1,0,0,0,0,0,1,ZERO_VOL,89.3
2026-03-25 09:57:59.601725,09:57,25,3,2026,2,5,23277.6,23277.6,23277.6,23277.6,0.0,23277.6,0.0,0.0,23277.6,1.0,0.0,0.0,0.0,pre,1,0,0,0,0,0,1,ZERO_VOL,83.4
2026-03-25 09:57:59.699155,09:57,25,3,2026,2,5,23279.6,23279.6,23279.6,23279.6,0.0,23279.6,0.0,0.0,23279.6,1.0,0.0,0.0,0.0,pre,1,0,0,0,0,0,1,ZERO_VOL,96.9
2026-03-25 09:57:59.845448,09:57,25,3,2026,2,5,23276.55,23276.55,23276.55,23276.55,0.0,23276.55,0.0,0.0,23276.55,1.0,0.0,0.0,0.0,pre,1,0,0,0,0,0,1,ZERO_VOL,145.7
2026-03-25 09:57:59.906914,09:57,25,3,2026,2,5,23275.85,23275.85,23275.85,23275.85,0.0,23275.85,0.0,0.0,23275.85,1.0,0.0,0.0,0.0,pre,1,0,0,0,0,0,1,ZERO_VOL,61.0
2026-03-25 09:58:01.770178,09:58,25,3,2026,2,5,23284.45,23286.9,23274.3,23278.1,0.0,23279.77,12.6,-0.0273,23279.77,1.0005,50.4,2.45,3.8,pre,1,0,0,0,0,0,1,ZERO_VOL,74.0
2026-03-25 09:58:01.874336,09:58,25,3,2026,2,5,23276.55,23276.55,23276.55,23276.55,0.0,23276.55,0.0,0.0,23276.55,1.0,0.0,0.0,0.0,pre,1,0,0,0,0,0,1,ZERO_VOL,103.7
2026-03-25 09:58:01.925729,09:58,25,3,2026,2,5,23275.2,23275.2,23275.2,23275.2,0.0,23275.2,0.0,0.0,23275.2,1.0,0.0,0.0,0.0,pre,1,0,0,0,0,0,1,ZERO_VOL,50.9
2026-03-25 09:58:01.989706,09:58,25,3,2026,2,5,23279.6,23279.6,23279.6,23279.6,0.0,23279.6,0.0,0.0,23279.6,1.0,0.0,0.0,0.0,pre,1,0,0,0,0,0,1,ZERO_VOL,63.4
2026-03-25 09:58:02.082019,09:58,25,3,2026,2,5,23284.45,23286.9,23274.3,23278.1,0.0,23279.77,12.6,-0.0273,23279.77,1.0005,50.4,2.45,3.8,pre,1,0,0,0,0,0,1,ZERO_VOL,91.8
2026-03-25 09:58:03.953452,09:58,25,3,2026,2,5,23277.35,23277.35,23277.35,23277.35,0.0,23277.35,0.0,0.0,23277.35,1.0,0.0,0.0,0.0,pre,1,0,0,0,0,0,1,ZERO_VOL,78.7
2026-03-25 09:58:04.133923,09:58,25,3,2026,2,5,23276.6,23276.6,23276.6,23276.6,0.0,23276.6,0.0,0.0,23276.6,1.0,0.0,0.0,0.0,pre,1,0,0,0,0,0,1,ZERO_VOL,180.0
2026-03-25 09:58:04.310314,09:58,25,3,2026,2,5,23276.6,23276.6,23276.6,23276.6,0.0,23276.6,0.0,0.0,23276.6,1.0,0.0,0.0,0.0,pre,1,0,0,0,0,0,1,ZERO_VOL,175.9
2026-03-25 09:58:04.454993,09:58,25,3,2026,2,5,23276.6,23276.6,23276.6,23276.6,0.0,23276.6,0.0,0.0,23276.6,1.0,0.0,0.0,0.0,pre,1,0,0,0,0,0,1,ZERO_VOL,144.2
2026-03-25 09:58:04.509276,09:58,25,3,2026,2,5,23277.35,23277.35,23277.35,23277.35,0.0,23277.35,0.0,0.0,23277.35,1.0,0.0,0.0,0.0,pre,1,0,0,0,0,0,1,ZERO_VOL,53.6
2026-03-25 09:58:06.394705,09:58,25,3,2026,2,5,23277.65,23277.65,23277.65,23277.65,0.0,23277.65,0.0,0.0,23277.65,1.0,0.0,0.0,0.0,pre,1,0,0,0,0,0,1,ZERO_VOL,175.8
2026-03-25 09:58:06.522100,09:58,25,3,2026,2,5,23277.65,23277.65,23277.65,23277.65,0.0,23277.65,0.0,0.0,23277.65,1.0,0.0,0.0,0.0,pre,1,0,0,0,0,0,1,ZERO_VOL,126.9
2026-03-25 09:58:06.660695,09:58,25,3,2026,2,5,23279.9,23279.9,23279.9,23279.9,0.0,23279.9,0.0,0.0,23279.9,1.0,0.0,0.0,0.0,pre,1,0,0,0,0,0,1,ZERO_VOL,138.1
2026-03-25 09:58:06.808835,09:58,25,3,2026,2,5,23279.9,23279.9,23279.9,23279.9,0.0,23279.9,0.0,0.0,23279.9,1.0,0.0,0.0,0.0,pre,1,0,0,0,0,0,1,ZERO_VOL,147.7
2026-03-25 09:58:06.871209,09:58,25,3,2026,2,5,23277.6,23277.6,23277.6,23277.6,0.0,23277.6,0.0,0.0,23277.6,1.0,0.0,0.0,0.0,pre,1,0,0,0,0,0,1,ZERO_VOL,61.8
2026-03-25 09:58:09.007384,09:58,25,3,2026,2,5,23279.15,23279.15,23279.15,23279.15,0.0,23279.15,0.0,0.0,23279.15,1.0,0.0,0.0,0.0,pre,1,0,0,0,0,0,1,ZERO_VOL,92.0
2026-03-25 09:58:09.094345,09:58,25,3,2026,2,5,23279.15,23279.15,23279.15,23279.15,0.0,23279.15,0.0,0.0,23279.15,1.0,0.0,0.0,0.0,pre,1,0,0,0,0,0,1,ZERO_VOL,86.5
2026-03-25 09:58:09.194651,09:58,25,3,2026,2,5,23279.15,23279.15,23279.15,23279.15,0.0,23279.15,0.0,0.0,23279.15,1.0,0.0,0.0,0.0,pre,1,0,0,0,0,0,1,ZERO_VOL,99.8
2026-03-25 09:58:09.289825,09:58,25,3,2026,2,5,23276.7,23276.7,23276.7,23276.7,0.0,23276.7,0.0,0.0,23276.7,1.0,0.0,0.0,0.0,pre,1,0,0,0,0,0,1,ZERO_VOL,94.7
2026-03-25 09:58:09.385905,09:58,25,3,2026,2,5,23276.7,23276.7,23276.7,23276.7,0.0,23276.7,0.0,0.0,23276.7,1.0,0.0,0.0,0.0,pre,1,0,0,0,0,0,1,ZERO_VOL,95.6
2026-03-25 09:58:11.362895,09:58,25,3,2026,2,5,23278.6,23278.6,23278.6,23278.6,0.0,23278.6,0.0,0.0,23278.6,1.0,0.0,0.0,0.0,pre,1,0,0,0,0,0,1,ZERO_VOL,112.8
2026-03-25 09:58:11.443163,09:58,25,3,2026,2,5,23278.6,23278.6,23278.6,23278.6,0.0,23278.6,0.0,0.0,23278.6,1.0,0.0,0.0,0.0,pre,1,0,0,0,0,0,1,ZERO_VOL,79.8
2026-03-25 09:58:11.527279,09:58,25,3,2026,2,5,23278.6,23278.6,23278.6,23278.6,0.0,23278.6,0.0,0.0,23278.6,1.0,0.0,0.0,0.0,pre,1,0,0,0,0,0,1,ZERO_VOL,83.6
2026-03-25 09:58:11.581565,09:58,25,3,2026,2,5,23277.65,23277.65,23277.65,23277.65,0.0,23277.65,0.0,0.0,23277.65,1.0,0.0,0.0,0.0,pre,1,0,0,0,0,0,1,ZERO_VOL,53.8
2026-03-25 09:58:11.675475,09:58,25,3,2026,2,5,23278.6,23278.6,23278.6,23278.6,0.0,23278.6,0.0,0.0,23278.6,1.0,0.0,0.0,0.0,pre,1,0,0,0,0,0,1,ZERO_VOL,93.5
2026-03-25 09:58:16.533213,09:58,25,3,2026,2,5,23275.2,23275.2,23275.2,23275.2,0.0,23275.2,0.0,0.0,23275.2,1.0,0.0,0.0,0.0,pre,1,0,0,0,0,0,1,ZERO_VOL,90.4
2026-03-25 09:58:16.677586,09:58,25,3,2026,2,5,23271.6,23271.6,23271.6,23271.6,0.0,23271.6,0.0,0.0,23271.6,1.0,0.0,0.0,0.0,pre,1,0,0,0,0,0,1,ZERO_VOL,143.9
2026-03-25 09:58:16.732367,09:58,25,3,2026,2,5,23279.15,23279.15,23279.15,23279.15,0.0,23279.15,0.0,0.0,23279.15,1.0,0.0,0.0,0.0,pre,1,0,0,0,0,0,1,ZERO_VOL,54.2
2026-03-25 09:58:16.793269,09:58,25,3,2026,2,5,23278.6,23278.6,23278.6,23278.6,0.0,23278.6,0.0,0.0,23278.6,1.0,0.0,0.0,0.0,pre,1,0,0,0,0,0,1,ZERO_VOL,60.4
2026-03-25 09:58:16.885425,09:58,25,3,2026,2,5,23275.2,23275.2,23275.2,23275.2,0.0,23275.2,0.0,0.0,23275.2,1.0,0.0,0.0,0.0,pre,1,0,0,0,0,0,1,ZERO_VOL,91.6
2026-03-25 09:58:18.446341,09:58,25,3,2026,2,5,23271.5,23271.5,23271.5,23271.5,0.0,23271.5,0.0,0.0,23271.5,1.0,0.0,0.0,0.0,pre,1,0,0,0,0,0,1,ZERO_VOL,96.0
2026-03-25 09:58:18.537505,09:58,25,3,2026,2,5,23271.5,23271.5,23271.5,23271.5,0.0,23271.5,0.0,0.0,23271.5,1.0,0.0,0.0,0.0,pre,1,0,0,0,0,0,1,ZERO_VOL,90.7
2026-03-25 09:58:18.684192,09:58,25,3,2026,2,5,23271.5,23271.5,23271.5,23271.5,0.0,23271.5,0.0,0.0,23271.5,1.0,0.0,0.0,0.0,pre,1,0,0,0,0,0,1,ZERO_VOL,146.0
2026-03-25 09:58:18.797240,09:58,25,3,2026,2,5,23271.5,23271.5,23271.5,23271.5,0.0,23271.5,0.0,0.0,23271.5,1.0,0.0,0.0,0.0,pre,1,0,0,0,0,0,1,ZERO_VOL,112.3
2026-03-25 09:58:18.881109,09:58,25,3,2026,2,5,23271.5,23271.5,23271.5,23271.5,0.0,23271.5,0.0,0.0,23271.5,1.0,0.0,0.0,0.0,pre,1,0,0,0,0,0,1,ZERO_VOL,83.4
2026-03-25 09:58:20.398163,09:58,25,3,2026,2,5,23271.7,23271.7,23271.7,23271.7,0.0,23271.7,0.0,0.0,23271.7,1.0,0.0,0.0,0.0,pre,1,0,0,0,0,0,1,ZERO_VOL,107.1
2026-03-25 09:58:20.606103,09:58,25,3,2026,2,5,23270.8,23270.8,23270.8,23270.8,0.0,23270.8,0.0,0.0,23270.8,1.0,0.0,0.0,0.0,pre,1,0,0,0,0,0,1,ZERO_VOL,207.4
2026-03-25 09:58:20.672188,09:58,25,3,2026,2,5,23278.6,23278.6,23278.6,23278.6,0.0,23278.6,0.0,0.0,23278.6,1.0,0.0,0.0,0.0,pre,1,0,0,0,0,0,1,ZERO_VOL,65.5
2026-03-25 09:58:20.819065,09:58,25,3,2026,2,5,23270.8,23270.8,23270.8,23270.8,0.0,23270.8,0.0,0.0,23270.8,1.0,0.0,0.0,0.0,pre,1,0,0,0,0,0,1,ZERO_VOL,146.4
2026-03-25 09:58:20.969230,09:58,25,3,2026,2,5,23270.8,23270.8,23270.8,23270.8,0.0,23270.8,0.0,0.0,23270.8,1.0,0.0,0.0,0.0,pre,1,0,0,0,0,0,1,ZERO_VOL,149.7
2026-03-25 09:58:22.390750,09:58,25,3,2026,2,5,23270.8,23270.8,23270.8,23270.8,0.0,23270.8,0.0,0.0,23270.8,1.0,0.0,0.0,0.0,pre,1,0,0,0,0,0,1,ZERO_VOL,53.5
2026-03-25 09:58:22.447688,09:58,25,3,2026,2,5,23271.5,23271.5,23271.5,23271.5,0.0,23271.5,0.0,0.0,23271.5,1.0,0.0,0.0,0.0,pre,1,0,0,0,0,0,1,ZERO_VOL,56.4
2026-03-25 09:58:22.520965,09:58,25,3,2026,2,5,23271.7,23271.7,23271.7,23271.7,0.0,23271.7,0.0,0.0,23271.7,1.0,0.0,0.0,0.0,pre,1,0,0,0,0,0,1,ZERO_VOL,72.8
2026-03-25 09:58:22.609517,09:58,25,3,2026,2,5,23270.2,23270.2,23270.2,23270.2,0.0,23270.2,0.0,0.0,23270.2,1.0,0.0,0.0,0.0,pre,1,0,0,0,0,0,1,ZERO_VOL,88.1
2026-03-25 09:58:22.703342,09:58,25,3,2026,2,5,23270.2,23270.2,23270.2,23270.2,0.0,23270.2,0.0,0.0,23270.2,1.0,0.0,0.0,0.0,pre,1,0,0,0,0,0,1,ZERO_VOL,93.1
2026-03-25 09:58:24.653649,09:58,25,3,2026,2,5,23272.0,23272.0,23272.0,23272.0,0.0,23272.0,0.0,0.0,23272.0,1.0,0.0,0.0,0.0,pre,1,0,0,0,0,0,1,ZERO_VOL,159.5
2026-03-25 09:58:24.741690,09:58,25,3,2026,2,5,23272.0,23272.0,23272.0,23272.0,0.0,23272.0,0.0,0.0,23272.0,1.0,0.0,0.0,0.0,pre,1,0,0,0,0,0,1,ZERO_VOL,87.3
2026-03-25 09:58:24.928408,09:58,25,3,2026,2,5,23269.85,23269.85,23269.85,23269.85,0.0,23269.85,0.0,0.0,23269.85,1.0,0.0,0.0,0.0,pre,1,0,0,0,0,0,1,ZERO_VOL,186.1
2026-03-25 09:58:24.998232,09:58,25,3,2026,2,5,23270.8,23270.8,23270.8,23270.8,0.0,23270.8,0.0,0.0,23270.8,1.0,0.0,0.0,0.0,pre,1,0,0,0,0,0,1,ZERO_VOL,69.3
2026-03-25 09:58:25.052295,09:58,25,3,2026,2,5,23270.2,23270.2,23270.2,23270.2,0.0,23270.2,0.0,0.0,23270.2,1.0,0.0,0.0,0.0,pre,1,0,0,0,0,0,1,ZERO_VOL,53.5
2026-03-25 09:58:26.886813,09:58,25,3,2026,2,5,23274.3,23274.3,23274.3,23274.3,0.0,23274.3,0.0,0.0,23274.3,1.0,0.0,0.0,0.0,pre,1,0,0,0,0,0,1,ZERO_VOL,124.3
2026-03-25 09:58:26.945626,09:58,25,3,2026,2,5,23270.2,23270.2,23270.2,23270.2,0.0,23270.2,0.0,0.0,23270.2,1.0,0.0,0.0,0.0,pre,1,0,0,0,0,0,1,ZERO_VOL,58.3
2026-03-25 09:58:27.093628,09:58,25,3,2026,2,5,23274.3,23274.3,23274.3,23274.3,0.0,23274.3,0.0,0.0,23274.3,1.0,0.0,0.0,0.0,pre,1,0,0,0,0,0,1,ZERO_VOL,147.5
2026-03-25 09:58:27.147149,09:58,25,3,2026,2,5,23270.2,23270.2,23270.2,23270.2,0.0,23270.2,0.0,0.0,23270.2,1.0,0.0,0.0,0.0,pre,1,0,0,0,0,0,1,ZERO_VOL,53.0
2026-03-25 09:58:27.236737,09:58,25,3,2026,2,5,23274.6,23274.6,23274.6,23274.6,0.0,23274.6,0.0,0.0,23274.6,1.0,0.0,0.0,0.0,pre,1,0,0,0,0,0,1,ZERO_VOL,89.1
2026-03-25 09:58:29.043203,09:58,25,3,2026,2,5,23272.35,23272.35,23272.35,23272.35,0.0,23272.35,0.0,0.0,23272.35,1.0,0.0,0.0,0.0,pre,1,0,0,0,0,0,1,ZERO_VOL,118.3
2026-03-25 09:58:29.098159,09:58,25,3,2026,2,5,23271.7,23271.7,23271.7,23271.7,0.0,23271.7,0.0,0.0,23271.7,1.0,0.0,0.0,0.0,pre,1,0,0,0,0,0,1,ZERO_VOL,54.5
2026-03-25 09:58:29.158879,09:58,25,3,2026,2,5,23274.3,23274.3,23274.3,23274.3,0.0,23274.3,0.0,0.0,23274.3,1.0,0.0,0.0,0.0,pre,1,0,0,0,0,0,1,ZERO_VOL,60.2
2026-03-25 09:58:29.287414,09:58,25,3,2026,2,5,23274.7,23274.7,23274.7,23274.7,0.0,23274.7,0.0,0.0,23274.7,1.0,0.0,0.0,0.0,pre,1,0,0,0,0,0,1,ZERO_VOL,128.0
2026-03-25 09:58:29.342297,09:58,25,3,2026,2,5,23270.8,23270.8,23270.8,23270.8,0.0,23270.8,0.0,0.0,23270.8,1.0,0.0,0.0,0.0,pre,1,0,0,0,0,0,1,ZERO_VOL,54.4
2026-03-25 09:58:31.150321,09:58,25,3,2026,2,5,23274.75,23274.75,23274.75,23274.75,0.0,23274.75,0.0,0.0,23274.75,1.0,0.0,0.0,0.0,pre,1,0,0,0,0,0,1,ZERO_VOL,83.3
2026-03-25 09:58:31.255429,09:58,25,3,2026,2,5,23273.55,23273.55,23273.55,23273.55,0.0,23273.55,0.0,0.0,23273.55,1.0,0.0,0.0,0.0,pre,1,0,0,0,0,0,1,ZERO_VOL,104.6
2026-03-25 09:58:31.430330,09:58,25,3,2026,2,5,23273.7,23273.7,23273.7,23273.7,0.0,23273.7,0.0,0.0,23273.7,1.0,0.0,0.0,0.0,pre,1,0,0,0,0,0,1,ZERO_VOL,174.4
2026-03-25 09:58:31.514716,09:58,25,3,2026,2,5,23274.75,23274.75,23274.75,23274.75,0.0,23274.75,0.0,0.0,23274.75,1.0,0.0,0.0,0.0,pre,1,0,0,0,0,0,1,ZERO_VOL,83.8
2026-03-25 09:58:31.658467,09:58,25,3,2026,2,5,23271.1,23271.1,23271.1,23271.1,0.0,23271.1,0.0,0.0,23271.1,1.0,0.0,0.0,0.0,pre,1,0,0,0,0,0,1,ZERO_VOL,143.3
2026-03-25 09:58:33.791716,09:58,25,3,2026,2,5,23271.95,23271.95,23271.95,23271.95,0.0,23271.95,0.0,0.0,23271.95,1.0,0.0,0.0,0.0,pre,1,0,0,0,0,0,1,ZERO_VOL,180.9
2026-03-25 09:58:33.885305,09:58,25,3,2026,2,5,23272.45,23272.45,23272.45,23272.45,0.0,23272.45,0.0,0.0,23272.45,1.0,0.0,0.0,0.0,pre,1,0,0,0,0,0,1,ZERO_VOL,93.1
2026-03-25 09:58:33.948679,09:58,25,3,2026,2,5,23273.7,23273.7,23273.7,23273.7,0.0,23273.7,0.0,0.0,23273.7,1.0,0.0,0.0,0.0,pre,1,0,0,0,0,0,1,ZERO_VOL,62.8
2026-03-25 09:58:34.002357,09:58,25,3,2026,2,5,23273.55,23273.55,23273.55,23273.55,0.0,23273.55,0.0,0.0,23273.55,1.0,0.0,0.0,0.0,pre,1,0,0,0,0,0,1,ZERO_VOL,53.2
2026-03-25 09:58:34.057711,09:58,25,3,2026,2,5,23274.3,23274.3,23274.3,23274.3,0.0,23274.3,0.0,0.0,23274.3,1.0,0.0,0.0,0.0,pre,1,0,0,0,0,0,1,ZERO_VOL,54.9
2026-03-25 09:58:36.060744,09:58,25,3,2026,2,5,23272.25,23272.25,23272.25,23272.25,0.0,23272.25,0.0,0.0,23272.25,1.0,0.0,0.0,0.0,pre,1,0,0,0,0,0,1,ZERO_VOL,175.6
2026-03-25 09:58:36.205576,09:58,25,3,2026,2,5,23272.25,23272.25,23272.25,23272.25,0.0,23272.25,0.0,0.0,23272.25,1.0,0.0,0.0,0.0,pre,1,0,0,0,0,0,1,ZERO_VOL,144.4
2026-03-25 09:58:36.292579,09:58,25,3,2026,2,5,23275.85,23275.85,23275.85,23275.85,0.0,23275.85,0.0,0.0,23275.85,1.0,0.0,0.0,0.0,pre,1,0,0,0,0,0,1,ZERO_VOL,86.5
2026-03-25 09:58:36.441951,09:58,25,3,2026,2,5,23272.25,23272.25,23272.25,23272.25,0.0,23272.25,0.0,0.0,23272.25,1.0,0.0,0.0,0.0,pre,1,0,0,0,0,0,1,ZERO_VOL,148.9
2026-03-25 09:58:36.546036,09:58,25,3,2026,2,5,23275.85,23275.85,23275.85,23275.85,0.0,23275.85,0.0,0.0,23275.85,1.0,0.0,0.0,0.0,pre,1,0,0,0,0,0,1,ZERO_VOL,103.6
2026-03-25 09:58:38.241970,09:58,25,3,2026,2,5,23273.7,23273.7,23273.7,23273.7,0.0,23273.7,0.0,0.0,23273.7,1.0,0.0,0.0,0.0,pre,1,0,0,0,0,0,1,ZERO_VOL,94.1
2026-03-25 09:58:38.298028,09:58,25,3,2026,2,5,23275.85,23275.85,23275.85,23275.85,0.0,23275.85,0.0,0.0,23275.85,1.0,0.0,0.0,0.0,pre,1,0,0,0,0,0,1,ZERO_VOL,55.6
2026-03-25 09:58:38.473503,09:58,25,3,2026,2,5,23272.85,23272.85,23272.85,23272.85,0.0,23272.85,0.0,0.0,23272.85,1.0,0.0,0.0,0.0,pre,1,0,0,0,0,0,1,ZERO_VOL,175.0
2026-03-25 09:58:38.599094,09:58,25,3,2026,2,5,23274.7,23274.7,23274.7,23274.7,0.0,23274.7,0.0,0.0,23274.7,1.0,0.0,0.0,0.0,pre,1,0,0,0,0,0,1,ZERO_VOL,125.0
2026-03-25 09:58:38.666703,09:58,25,3,2026,2,5,23272.45,23272.45,23272.45,23272.45,0.0,23272.45,0.0,0.0,23272.45,1.0,0.0,0.0,0.0,pre,1,0,0,0,0,0,1,ZERO_VOL,67.1
2026-03-25 09:58:40.239421,09:58,25,3,2026,2,5,23274.15,23274.15,23274.15,23274.15,0.0,23274.15,0.0,0.0,23274.15,1.0,0.0,0.0,0.0,pre,1,0,0,0,0,0,1,ZERO_VOL,94.0
2026-03-25 09:58:40.548558,09:58,25,3,2026,2,5,23274.65,23274.65,23274.65,23274.65,0.0,23274.65,0.0,0.0,23274.65,1.0,0.0,0.0,0.0,pre,1,0,0,0,0,0,1,ZERO_VOL,308.7
2026-03-25 09:58:40.639630,09:58,25,3,2026,2,5,23274.15,23274.15,23274.15,23274.15,0.0,23274.15,0.0,0.0,23274.15,1.0,0.0,0.0,0.0,pre,1,0,0,0,0,0,1,ZERO_VOL,90.5
2026-03-25 09:58:40.721788,09:58,25,3,2026,2,5,23271.95,23271.95,23271.95,23271.95,0.0,23271.95,0.0,0.0,23271.95,1.0,0.0,0.0,0.0,pre,1,0,0,0,0,0,1,ZERO_VOL,81.6
2026-03-25 09:58:40.806669,09:58,25,3,2026,2,5,23274.15,23274.15,23274.15,23274.15,0.0,23274.15,0.0,0.0,23274.15,1.0,0.0,0.0,0.0,pre,1,0,0,0,0,0,1,ZERO_VOL,84.4
2026-03-25 09:58:42.710846,09:58,25,3,2026,2,5,23273.1,23273.1,23273.1,23273.1,0.0,23273.1,0.0,0.0,23273.1,1.0,0.0,0.0,0.0,pre,1,0,0,0,0,0,1,ZERO_VOL,95.7
2026-03-25 09:58:42.789168,09:58,25,3,2026,2,5,23273.1,23273.1,23273.1,23273.1,0.0,23273.1,0.0,0.0,23273.1,1.0,0.0,0.0,0.0,pre,1,0,0,0,0,0,1,ZERO_VOL,77.9
2026-03-25 09:58:42.885492,09:58,25,3,2026,2,5,23273.1,23273.1,23273.1,23273.1,0.0,23273.1,0.0,0.0,23273.1,1.0,0.0,0.0,0.0,pre,1,0,0,0,0,0,1,ZERO_VOL,95.9
2026-03-25 09:58:42.982073,09:58,25,3,2026,2,5,23273.1,23273.1,23273.1,23273.1,0.0,23273.1,0.0,0.0,23273.1,1.0,0.0,0.0,0.0,pre,1,0,0,0,0,0,1,ZERO_VOL,96.1
2026-03-25 09:58:43.035036,09:58,25,3,2026,2,5,23271.95,23271.95,23271.95,23271.95,0.0,23271.95,0.0,0.0,23271.95,1.0,0.0,0.0,0.0,pre,1,0,0,0,0,0,1,ZERO_VOL,52.5
2026-03-25 09:58:44.627437,09:58,25,3,2026,2,5,23272.25,23272.25,23272.25,23272.25,0.0,23272.25,0.0,0.0,23272.25,1.0,0.0,0.0,0.0,pre,1,0,0,0,0,0,1,ZERO_VOL,56.0
2026-03-25 09:58:44.716400,09:58,25,3,2026,2,5,23273.6,23273.6,23273.6,23273.6,0.0,23273.6,0.0,0.0,23273.6,1.0,0.0,0.0,0.0,pre,1,0,0,0,0,0,1,ZERO_VOL,88.4
2026-03-25 09:58:44.865059,09:58,25,3,2026,2,5,23274.0,23274.0,23274.0,23274.0,0.0,23274.0,0.0,0.0,23274.0,1.0,0.0,0.0,0.0,pre,1,0,0,0,0,0,1,ZERO_VOL,148.2
2026-03-25 09:58:45.012661,09:58,25,3,2026,2,5,23274.0,23274.0,23274.0,23274.0,0.0,23274.0,0.0,0.0,23274.0,1.0,0.0,0.0,0.0,pre,1,0,0,0,0,0,1,ZERO_VOL,147.0
2026-03-25 09:58:45.167183,09:58,25,3,2026,2,5,23273.6,23273.6,23273.6,23273.6,0.0,23273.6,0.0,0.0,23273.6,1.0,0.0,0.0,0.0,pre,1,0,0,0,0,0,1,ZERO_VOL,154.1
2026-03-25 09:58:46.774101,09:58,25,3,2026,2,5,23274.85,23274.85,23274.85,23274.85,0.0,23274.85,0.0,0.0,23274.85,1.0,0.0,0.0,0.0,pre,1,0,0,0,0,0,1,ZERO_VOL,158.7
2026-03-25 09:58:46.833766,09:58,25,3,2026,2,5,23274.15,23274.15,23274.15,23274.15,0.0,23274.15,0.0,0.0,23274.15,1.0,0.0,0.0,0.0,pre,1,0,0,0,0,0,1,ZERO_VOL,59.2
2026-03-25 09:58:46.931402,09:58,25,3,2026,2,5,23276.35,23276.35,23276.35,23276.35,0.0,23276.35,0.0,0.0,23276.35,1.0,0.0,0.0,0.0,pre,1,0,0,0,0,0,1,ZERO_VOL,97.0
2026-03-25 09:58:46.997103,09:58,25,3,2026,2,5,23274.0,23274.0,23274.0,23274.0,0.0,23274.0,0.0,0.0,23274.0,1.0,0.0,0.0,0.0,pre,1,0,0,0,0,0,1,ZERO_VOL,65.1
2026-03-25 09:58:47.103666,09:58,25,3,2026,2,5,23276.35,23276.35,23276.35,23276.35,0.0,23276.35,0.0,0.0,23276.35,1.0,0.0,0.0,0.0,pre,1,0,0,0,0,0,1,ZERO_VOL,106.1
2026-03-25 09:58:48.998087,09:58,25,3,2026,2,5,23273.9,23273.9,23273.9,23273.9,0.0,23273.9,0.0,0.0,23273.9,1.0,0.0,0.0,0.0,pre,1,0,0,0,0,0,1,ZERO_VOL,99.4
2026-03-25 09:58:49.124173,09:58,25,3,2026,2,5,23275.85,23275.85,23275.85,23275.85,0.0,23275.85,0.0,0.0,23275.85,1.0,0.0,0.0,0.0,pre,1,0,0,0,0,0,1,ZERO_VOL,125.6
2026-03-25 09:58:49.179486,09:58,25,3,2026,2,5,23273.6,23273.6,23273.6,23273.6,0.0,23273.6,0.0,0.0,23273.6,1.0,0.0,0.0,0.0,pre,1,0,0,0,0,0,1,ZERO_VOL,54.8
2026-03-25 09:58:49.275894,09:58,25,3,2026,2,5,23272.5,23272.5,23272.5,23272.5,0.0,23272.5,0.0,0.0,23272.5,1.0,0.0,0.0,0.0,pre,1,0,0,0,0,0,1,ZERO_VOL,95.9
2026-03-25 09:58:49.369688,09:58,25,3,2026,2,5,23272.5,23272.5,23272.5,23272.5,0.0,23272.5,0.0,0.0,23272.5,1.0,0.0,0.0,0.0,pre,1,0,0,0,0,0,1,ZERO_VOL,93.3
2026-03-25 09:58:51.101423,09:58,25,3,2026,2,5,23276.65,23276.65,23276.65,23276.65,0.0,23276.65,0.0,0.0,23276.65,1.0,0.0,0.0,0.0,pre,1,0,0,0,0,0,1,ZERO_VOL,106.7
2026-03-25 09:58:51.207548,09:58,25,3,2026,2,5,23275.9,23275.9,23275.9,23275.9,0.0,23275.9,0.0,0.0,23275.9,1.0,0.0,0.0,0.0,pre,1,0,0,0,0,0,1,ZERO_VOL,105.7
2026-03-25 09:58:51.313070,09:58,25,3,2026,2,5,23275.9,23275.9,23275.9,23275.9,0.0,23275.9,0.0,0.0,23275.9,1.0,0.0,0.0,0.0,pre,1,0,0,0,0,0,1,ZERO_VOL,105.0
2026-03-25 09:58:51.388063,09:58,25,3,2026,2,5,23275.9,23275.9,23275.9,23275.9,0.0,23275.9,0.0,0.0,23275.9,1.0,0.0,0.0,0.0,pre,1,0,0,0,0,0,1,ZERO_VOL,74.6
2026-03-25 09:58:51.444893,09:58,25,3,2026,2,5,23273.1,23273.1,23273.1,23273.1,0.0,23273.1,0.0,0.0,23273.1,1.0,0.0,0.0,0.0,pre,1,0,0,0,0,0,1,ZERO_VOL,56.4
2026-03-25 09:58:53.599805,09:58,25,3,2026,2,5,23277.85,23277.85,23277.85,23277.85,0.0,23277.85,0.0,0.0,23277.85,1.0,0.0,0.0,0.0,pre,1,0,0,0,0,0,1,ZERO_VOL,174.6
2026-03-25 09:58:53.746429,09:58,25,3,2026,2,5,23274.5,23274.5,23274.5,23274.5,0.0,23274.5,0.0,0.0,23274.5,1.0,0.0,0.0,0.0,pre,1,0,0,0,0,0,1,ZERO_VOL,146.2
2026-03-25 09:58:53.830110,09:58,25,3,2026,2,5,23275.9,23275.9,23275.9,23275.9,0.0,23275.9,0.0,0.0,23275.9,1.0,0.0,0.0,0.0,pre,1,0,0,0,0,0,1,ZERO_VOL,83.0
2026-03-25 09:58:53.910134,09:58,25,3,2026,2,5,23272.2,23272.2,23272.2,23272.2,0.0,23272.2,0.0,0.0,23272.2,1.0,0.0,0.0,0.0,pre,1,0,0,0,0,0,1,ZERO_VOL,79.6
2026-03-25 09:58:54.055970,09:58,25,3,2026,2,5,23274.5,23274.5,23274.5,23274.5,0.0,23274.5,0.0,0.0,23274.5,1.0,0.0,0.0,0.0,pre,1,0,0,0,0,0,1,ZERO_VOL,145.3
2026-03-25 09:58:55.674320,09:58,25,3,2026,2,5,23277.4,23277.4,23277.4,23277.4,0.0,23277.4,0.0,0.0,23277.4,1.0,0.0,0.0,0.0,pre,1,0,0,0,0,0,1,ZERO_VOL,144.3
2026-03-25 09:58:55.769058,09:58,25,3,2026,2,5,23275.9,23275.9,23275.9,23275.9,0.0,23275.9,0.0,0.0,23275.9,1.0,0.0,0.0,0.0,pre,1,0,0,0,0,0,1,ZERO_VOL,94.3
2026-03-25 09:58:55.950640,09:58,25,3,2026,2,5,23277.4,23277.4,23277.4,23277.4,0.0,23277.4,0.0,0.0,23277.4,1.0,0.0,0.0,0.0,pre,1,0,0,0,0,0,1,ZERO_VOL,181.0
2026-03-25 09:58:56.124779,09:58,25,3,2026,2,5,23277.4,23277.4,23277.4,23277.4,0.0,23277.4,0.0,0.0,23277.4,1.0,0.0,0.0,0.0,pre,1,0,0,0,0,0,1,ZERO_VOL,173.7
2026-03-25 09:58:56.229397,09:58,25,3,2026,2,5,23281.45,23281.45,23281.45,23281.45,0.0,23281.45,0.0,0.0,23281.45,1.0,0.0,0.0,0.0,pre,1,0,0,0,0,0,1,ZERO_VOL,104.1
2026-03-25 09:58:57.960429,09:58,25,3,2026,2,5,23274.5,23274.5,23274.5,23274.5,0.0,23274.5,0.0,0.0,23274.5,1.0,0.0,0.0,0.0,pre,1,0,0,0,0,0,1,ZERO_VOL,59.3
2026-03-25 09:58:58.056670,09:58,25,3,2026,2,5,23274.05,23274.05,23274.05,23274.05,0.0,23274.05,0.0,0.0,23274.05,1.0,0.0,0.0,0.0,pre,1,0,0,0,0,0,1,ZERO_VOL,95.8
2026-03-25 09:58:58.109704,09:58,25,3,2026,2,5,23274.05,23274.05,23274.05,23274.05,0.0,23274.05,0.0,0.0,23274.05,1.0,0.0,0.0,0.0,pre,1,0,0,0,0,0,1,ZERO_VOL,52.6
2026-03-25 09:58:58.165801,09:58,25,3,2026,2,5,23277.4,23277.4,23277.4,23277.4,0.0,23277.4,0.0,0.0,23277.4,1.0,0.0,0.0,0.0,pre,1,0,0,0,0,0,1,ZERO_VOL,55.6
2026-03-25 09:58:58.304852,09:58,25,3,2026,2,5,23276.0,23276.0,23276.0,23276.0,0.0,23276.0,0.0,0.0,23276.0,1.0,0.0,0.0,0.0,pre,1,0,0,0,0,0,1,ZERO_VOL,138.6
2026-03-25 09:58:59.824002,09:58,25,3,2026,2,5,23272.5,23272.5,23272.5,23272.5,0.0,23272.5,0.0,0.0,23272.5,1.0,0.0,0.0,0.0,pre,1,0,0,0,0,0,1,ZERO_VOL,58.6
2026-03-25 09:58:59.931041,09:58,25,3,2026,2,5,23276.45,23276.45,23276.45,23276.45,0.0,23276.45,0.0,0.0,23276.45,1.0,0.0,0.0,0.0,pre,1,0,0,0,0,0,1,ZERO_VOL,106.6
2026-03-25 09:59:00.018590,09:59,25,3,2026,2,5,23272.2,23272.2,23272.2,23272.2,0.0,23272.2,0.0,0.0,23272.2,1.0,0.0,0.0,0.0,pre,1,0,0,0,0,0,1,ZERO_VOL,87.0
2026-03-25 09:59:00.083066,09:59,25,3,2026,2,5,23274.5,23274.5,23274.5,23274.5,0.0,23274.5,0.0,0.0,23274.5,1.0,0.0,0.0,0.0,pre,1,0,0,0,0,0,1,ZERO_VOL,64.0
2026-03-25 09:59:00.176207,09:59,25,3,2026,2,5,23276.8,23276.8,23276.8,23276.8,0.0,23276.8,0.0,0.0,23276.8,1.0,0.0,0.0,0.0,pre,1,0,0,0,0,0,1,ZERO_VOL,92.7
2026-03-25 09:59:02.020579,09:59,25,3,2026,2,5,23276.05,23276.05,23276.05,23276.05,0.0,23276.05,0.0,0.0,23276.05,1.0,0.0,0.0,0.0,pre,1,0,0,0,0,0,1,ZERO_VOL,149.6
2026-03-25 09:59:02.074664,09:59,25,3,2026,2,5,23276.45,23276.45,23276.45,23276.45,0.0,23276.45,0.0,0.0,23276.45,1.0,0.0,0.0,0.0,pre,1,0,0,0,0,0,1,ZERO_VOL,53.5
2026-03-25 09:59:02.191925,09:59,25,3,2026,2,5,23276.05,23276.05,23276.05,23276.05,0.0,23276.05,0.0,0.0,23276.05,1.0,0.0,0.0,0.0,pre,1,0,0,0,0,0,1,ZERO_VOL,116.7
2026-03-25 09:59:02.334079,09:59,25,3,2026,2,5,23276.05,23276.05,23276.05,23276.05,0.0,23276.05,0.0,0.0,23276.05,1.0,0.0,0.0,0.0,pre,1,0,0,0,0,0,1,ZERO_VOL,141.6
2026-03-25 09:59:02.443963,09:59,25,3,2026,2,5,23278.55,23278.55,23278.55,23278.55,0.0,23278.55,0.0,0.0,23278.55,1.0,0.0,0.0,0.0,pre,1,0,0,0,0,0,1,ZERO_VOL,109.4
2026-03-25 09:59:04.388822,09:59,25,3,2026,2,5,23276.05,23276.05,23276.05,23276.05,0.0,23276.05,0.0,0.0,23276.05,1.0,0.0,0.0,0.0,pre,1,0,0,0,0,0,1,ZERO_VOL,59.5
2026-03-25 09:59:04.447485,09:59,25,3,2026,2,5,23278.55,23278.55,23278.55,23278.55,0.0,23278.55,0.0,0.0,23278.55,1.0,0.0,0.0,0.0,pre,1,0,0,0,0,0,1,ZERO_VOL,58.2
2026-03-25 09:59:04.592127,09:59,25,3,2026,2,5,23274.1,23274.1,23274.1,23274.1,0.0,23274.1,0.0,0.0,23274.1,1.0,0.0,0.0,0.0,pre,1,0,0,0,0,0,1,ZERO_VOL,144.2
2026-03-25 09:59:04.647938,09:59,25,3,2026,2,5,23277.4,23277.4,23277.4,23277.4,0.0,23277.4,0.0,0.0,23277.4,1.0,0.0,0.0,0.0,pre,1,0,0,0,0,0,1,ZERO_VOL,55.3
2026-03-25 09:59:04.737287,09:59,25,3,2026,2,5,23274.7,23274.7,23274.7,23274.7,0.0,23274.7,0.0,0.0,23274.7,1.0,0.0,0.0,0.0,pre,1,0,0,0,0,0,1,ZERO_VOL,88.8
2026-03-25 09:59:06.309315,09:59,25,3,2026,2,5,23276.8,23276.8,23276.8,23276.8,0.0,23276.8,0.0,0.0,23276.8,1.0,0.0,0.0,0.0,pre,1,0,0,0,0,0,1,ZERO_VOL,65.4
2026-03-25 09:59:06.396734,09:59,25,3,2026,2,5,23276.75,23276.75,23276.75,23276.75,0.0,23276.75,0.0,0.0,23276.75,1.0,0.0,0.0,0.0,pre,1,0,0,0,0,0,1,ZERO_VOL,87.0
2026-03-25 09:59:06.500584,09:59,25,3,2026,2,5,23276.75,23276.75,23276.75,23276.75,0.0,23276.75,0.0,0.0,23276.75,1.0,0.0,0.0,0.0,pre,1,0,0,0,0,0,1,ZERO_VOL,103.4
2026-03-25 09:59:06.647687,09:59,25,3,2026,2,5,23276.3,23276.3,23276.3,23276.3,0.0,23276.3,0.0,0.0,23276.3,1.0,0.0,0.0,0.0,pre,1,0,0,0,0,0,1,ZERO_VOL,146.5
2026-03-25 09:59:06.734518,09:59,25,3,2026,2,5,23276.75,23276.75,23276.75,23276.75,0.0,23276.75,0.0,0.0,23276.75,1.0,0.0,0.0,0.0,pre,1,0,0,0,0,0,1,ZERO_VOL,86.4
2026-03-25 09:59:08.633715,09:59,25,3,2026,2,5,23275.9,23275.9,23275.9,23275.9,0.0,23275.9,0.0,0.0,23275.9,1.0,0.0,0.0,0.0,pre,1,0,0,0,0,0,1,ZERO_VOL,145.7
2026-03-25 09:59:08.717250,09:59,25,3,2026,2,5,23278.1,23278.1,23278.1,23278.1,0.0,23278.1,0.0,0.0,23278.1,1.0,0.0,0.0,0.0,pre,1,0,0,0,0,0,1,ZERO_VOL,83.1
2026-03-25 09:59:08.776895,09:59,25,3,2026,2,5,23276.75,23276.75,23276.75,23276.75,0.0,23276.75,0.0,0.0,23276.75,1.0,0.0,0.0,0.0,pre,1,0,0,0,0,0,1,ZERO_VOL,59.2
2026-03-25 09:59:08.862768,09:59,25,3,2026,2,5,23278.1,23278.1,23278.1,23278.1,0.0,23278.1,0.0,0.0,23278.1,1.0,0.0,0.0,0.0,pre,1,0,0,0,0,0,1,ZERO_VOL,85.3
2026-03-25 09:59:08.918461,09:59,25,3,2026,2,5,23274.1,23274.1,23274.1,23274.1,0.0,23274.1,0.0,0.0,23274.1,1.0,0.0,0.0,0.0,pre,1,0,0,0,0,0,1,ZERO_VOL,55.1
2026-03-25 09:59:10.592592,09:59,25,3,2026,2,5,23277.2,23277.2,23277.2,23277.2,0.0,23277.2,0.0,0.0,23277.2,1.0,0.0,0.0,0.0,pre,1,0,0,0,0,0,1,ZERO_VOL,83.5
2026-03-25 09:59:10.651253,09:59,25,3,2026,2,5,23277.2,23277.2,23277.2,23277.2,0.0,23277.2,0.0,0.0,23277.2,1.0,0.0,0.0,0.0,pre,1,0,0,0,0,0,1,ZERO_VOL,58.2
2026-03-25 09:59:10.737009,09:59,25,3,2026,2,5,23275.9,23275.9,23275.9,23275.9,0.0,23275.9,0.0,0.0,23275.9,1.0,0.0,0.0,0.0,pre,1,0,0,0,0,0,1,ZERO_VOL,85.2
2026-03-25 09:59:10.887790,09:59,25,3,2026,2,5,23277.35,23277.35,23277.35,23277.35,0.0,23277.35,0.0,0.0,23277.35,1.0,0.0,0.0,0.0,pre,1,0,0,0,0,0,1,ZERO_VOL,150.2
2026-03-25 09:59:10.992455,09:59,25,3,2026,2,5,23277.2,23277.2,23277.2,23277.2,0.0,23277.2,0.0,0.0,23277.2,1.0,0.0,0.0,0.0,pre,1,0,0,0,0,0,1,ZERO_VOL,104.2
2026-03-25 09:59:12.765242,09:59,25,3,2026,2,5,23277.7,23277.7,23277.7,23277.7,0.0,23277.7,0.0,0.0,23277.7,1.0,0.0,0.0,0.0,pre,1,0,0,0,0,0,1,ZERO_VOL,179.4
2026-03-25 09:59:12.865205,09:59,25,3,2026,2,5,23277.6,23277.6,23277.6,23277.6,0.0,23277.6,0.0,0.0,23277.6,1.0,0.0,0.0,0.0,pre,1,0,0,0,0,0,1,ZERO_VOL,99.5
2026-03-25 09:59:12.966477,09:59,25,3,2026,2,5,23277.6,23277.6,23277.6,23277.6,0.0,23277.6,0.0,0.0,23277.6,1.0,0.0,0.0,0.0,pre,1,0,0,0,0,0,1,ZERO_VOL,100.7
2026-03-25 09:59:13.115802,09:59,25,3,2026,2,5,23277.7,23277.7,23277.7,23277.7,0.0,23277.7,0.0,0.0,23277.7,1.0,0.0,0.0,0.0,pre,1,0,0,0,0,0,1,ZERO_VOL,148.8
2026-03-25 09:59:13.288135,09:59,25,3,2026,2,5,23277.7,23277.7,23277.7,23277.7,0.0,23277.7,0.0,0.0,23277.7,1.0,0.0,0.0,0.0,pre,1,0,0,0,0,0,1,ZERO_VOL,171.8
2026-03-25 09:59:15.035715,09:59,25,3,2026,2,5,23277.2,23277.2,23277.2,23277.2,0.0,23277.2,0.0,0.0,23277.2,1.0,0.0,0.0,0.0,pre,1,0,0,0,0,0,1,ZERO_VOL,58.5
2026-03-25 09:59:15.121255,09:59,25,3,2026,2,5,23279.1,23279.1,23279.1,23279.1,0.0,23279.1,0.0,0.0,23279.1,1.0,0.0,0.0,0.0,pre,1,0,0,0,0,0,1,ZERO_VOL,85.0
2026-03-25 09:59:15.214818,09:59,25,3,2026,2,5,23279.8,23279.8,23279.8,23279.8,0.0,23279.8,0.0,0.0,23279.8,1.0,0.0,0.0,0.0,pre,1,0,0,0,0,0,1,ZERO_VOL,93.1
2026-03-25 09:59:15.293754,09:59,25,3,2026,2,5,23279.8,23279.8,23279.8,23279.8,0.0,23279.8,0.0,0.0,23279.8,1.0,0.0,0.0,0.0,pre,1,0,0,0,0,0,1,ZERO_VOL,78.4
2026-03-25 09:59:15.430091,09:59,25,3,2026,2,5,23279.8,23279.8,23279.8,23279.8,0.0,23279.8,0.0,0.0,23279.8,1.0,0.0,0.0,0.0,pre,1,0,0,0,0,0,1,ZERO_VOL,135.9
2026-03-25 09:59:17.332099,09:59,25,3,2026,2,5,23282.1,23282.1,23282.1,23282.1,0.0,23282.1,0.0,0.0,23282.1,1.0,0.0,0.0,0.0,pre,1,0,0,0,0,0,1,ZERO_VOL,124.0
2026-03-25 09:59:17.470020,09:59,25,3,2026,2,5,23280.0,23280.0,23280.0,23280.0,0.0,23280.0,0.0,0.0,23280.0,1.0,0.0,0.0,0.0,pre,1,0,0,0,0,0,1,ZERO_VOL,137.5
2026-03-25 09:59:17.620154,09:59,25,3,2026,2,5,23280.0,23280.0,23280.0,23280.0,0.0,23280.0,0.0,0.0,23280.0,1.0,0.0,0.0,0.0,pre,1,0,0,0,0,0,1,ZERO_VOL,149.6
2026-03-25 09:59:17.697755,09:59,25,3,2026,2,5,23280.0,23280.0,23280.0,23280.0,0.0,23280.0,0.0,0.0,23280.0,1.0,0.0,0.0,0.0,pre,1,0,0,0,0,0,1,ZERO_VOL,77.1
2026-03-25 09:59:17.833658,09:59,25,3,2026,2,5,23280.0,23280.0,23280.0,23280.0,0.0,23280.0,0.0,0.0,23280.0,1.0,0.0,0.0,0.0,pre,1,0,0,0,0,0,1,ZERO_VOL,135.4
2026-03-25 09:59:19.523009,09:59,25,3,2026,2,5,23282.3,23282.3,23282.3,23282.3,0.0,23282.3,0.0,0.0,23282.3,1.0,0.0,0.0,0.0,pre,1,0,0,0,0,0,1,ZERO_VOL,174.5
2026-03-25 09:59:19.653521,09:59,25,3,2026,2,5,23283.2,23283.2,23283.2,23283.2,0.0,23283.2,0.0,0.0,23283.2,1.0,0.0,0.0,0.0,pre,1,0,0,0,0,0,1,ZERO_VOL,129.8
2026-03-25 09:59:19.707640,09:59,25,3,2026,2,5,23279.1,23279.1,23279.1,23279.1,0.0,23279.1,0.0,0.0,23279.1,1.0,0.0,0.0,0.0,pre,1,0,0,0,0,0,1,ZERO_VOL,53.5
2026-03-25 09:59:19.885514,09:59,25,3,2026,2,5,23283.2,23283.2,23283.2,23283.2,0.0,23283.2,0.0,0.0,23283.2,1.0,0.0,0.0,0.0,pre,1,0,0,0,0,0,1,ZERO_VOL,177.3
2026-03-25 09:59:19.955202,09:59,25,3,2026,2,5,23277.2,23277.2,23277.2,23277.2,0.0,23277.2,0.0,0.0,23277.2,1.0,0.0,0.0,0.0,pre,1,0,0,0,0,0,1,ZERO_VOL,69.0
2026-03-25 09:59:21.948434,09:59,25,3,2026,2,5,23281.85,23281.85,23281.85,23281.85,0.0,23281.85,0.0,0.0,23281.85,1.0,0.0,0.0,0.0,pre,1,0,0,0,0,0,1,ZERO_VOL,174.0
2026-03-25 09:59:22.027976,09:59,25,3,2026,2,5,23282.7,23282.7,23282.7,23282.7,0.0,23282.7,0.0,0.0,23282.7,1.0,0.0,0.0,0.0,pre,1,0,0,0,0,0,1,ZERO_VOL,79.1
2026-03-25 09:59:22.105081,09:59,25,3,2026,2,5,23282.7,23282.7,23282.7,23282.7,0.0,23282.7,0.0,0.0,23282.7,1.0,0.0,0.0,0.0,pre,1,0,0,0,0,0,1,ZERO_VOL,76.6
2026-03-25 09:59:22.185596,09:59,25,3,2026,2,5,23283.45,23283.45,23283.45,23283.45,0.0,23283.45,0.0,0.0,23283.45,1.0,0.0,0.0,0.0,pre,1,0,0,0,0,0,1,ZERO_VOL,80.1
2026-03-25 09:59:22.241801,09:59,25,3,2026,2,5,23279.1,23279.1,23279.1,23279.1,0.0,23279.1,0.0,0.0,23279.1,1.0,0.0,0.0,0.0,pre,1,0,0,0,0,0,1,ZERO_VOL,55.8
2026-03-25 09:59:24.097909,09:59,25,3,2026,2,5,23279.1,23279.1,23279.1,23279.1,0.0,23279.1,0.0,0.0,23279.1,1.0,0.0,0.0,0.0,pre,1,0,0,0,0,0,1,ZERO_VOL,58.6
2026-03-25 09:59:24.193996,09:59,25,3,2026,2,5,23282.95,23282.95,23282.95,23282.95,0.0,23282.95,0.0,0.0,23282.95,1.0,0.0,0.0,0.0,pre,1,0,0,0,0,0,1,ZERO_VOL,95.5
2026-03-25 09:59:24.259543,09:59,25,3,2026,2,5,23282.1,23282.1,23282.1,23282.1,0.0,23282.1,0.0,0.0,23282.1,1.0,0.0,0.0,0.0,pre,1,0,0,0,0,0,1,ZERO_VOL,65.1
2026-03-25 09:59:24.365160,09:59,25,3,2026,2,5,23282.2,23282.2,23282.2,23282.2,0.0,23282.2,0.0,0.0,23282.2,1.0,0.0,0.0,0.0,pre,1,0,0,0,0,0,1,ZERO_VOL,105.1
2026-03-25 09:59:24.470228,09:59,25,3,2026,2,5,23282.2,23282.2,23282.2,23282.2,0.0,23282.2,0.0,0.0,23282.2,1.0,0.0,0.0,0.0,pre,1,0,0,0,0,0,1,ZERO_VOL,104.6
2026-03-25 09:59:26.497126,09:59,25,3,2026,2,5,23282.3,23282.3,23282.3,23282.3,0.0,23282.3,0.0,0.0,23282.3,1.0,0.0,0.0,0.0,pre,1,0,0,0,0,0,1,ZERO_VOL,138.1
2026-03-25 09:59:26.594454,09:59,25,3,2026,2,5,23282.75,23282.75,23282.75,23282.75,0.0,23282.75,0.0,0.0,23282.75,1.0,0.0,0.0,0.0,pre,1,0,0,0,0,0,1,ZERO_VOL,96.9
2026-03-25 09:59:26.734511,09:59,25,3,2026,2,5,23282.75,23282.75,23282.75,23282.75,0.0,23282.75,0.0,0.0,23282.75,1.0,0.0,0.0,0.0,pre,1,0,0,0,0,0,1,ZERO_VOL,139.5
2026-03-25 09:59:26.887012,09:59,25,3,2026,2,5,23281.8,23281.8,23281.8,23281.8,0.0,23281.8,0.0,0.0,23281.8,1.0,0.0,0.0,0.0,pre,1,0,0,0,0,0,1,ZERO_VOL,152.0
2026-03-25 09:59:26.973572,09:59,25,3,2026,2,5,23282.75,23282.75,23282.75,23282.75,0.0,23282.75,0.0,0.0,23282.75,1.0,0.0,0.0,0.0,pre,1,0,0,0,0,0,1,ZERO_VOL,86.1
2026-03-25 09:59:28.551857,09:59,25,3,2026,2,5,23281.8,23281.8,23281.8,23281.8,0.0,23281.8,0.0,0.0,23281.8,1.0,0.0,0.0,0.0,pre,1,0,0,0,0,0,1,ZERO_VOL,55.1
2026-03-25 09:59:28.611498,09:59,25,3,2026,2,5,23282.7,23282.7,23282.7,23282.7,0.0,23282.7,0.0,0.0,23282.7,1.0,0.0,0.0,0.0,pre,1,0,0,0,0,0,1,ZERO_VOL,59.2
2026-03-25 09:59:28.673729,09:59,25,3,2026,2,5,23282.3,23282.3,23282.3,23282.3,0.0,23282.3,0.0,0.0,23282.3,1.0,0.0,0.0,0.0,pre,1,0,0,0,0,0,1,ZERO_VOL,61.7
2026-03-25 09:59:28.727740,09:59,25,3,2026,2,5,23282.75,23282.75,23282.75,23282.75,0.0,23282.75,0.0,0.0,23282.75,1.0,0.0,0.0,0.0,pre,1,0,0,0,0,0,1,ZERO_VOL,53.4
2026-03-25 09:59:28.905977,09:59,25,3,2026,2,5,23280.55,23280.55,23280.55,23280.55,0.0,23280.55,0.0,0.0,23280.55,1.0,0.0,0.0,0.0,pre,1,0,0,0,0,0,1,ZERO_VOL,177.8
2026-03-25 09:59:30.612426,09:59,25,3,2026,2,5,23283.0,23283.0,23283.0,23283.0,0.0,23283.0,0.0,0.0,23283.0,1.0,0.0,0.0,0.0,pre,1,0,0,0,0,0,1,ZERO_VOL,119.0
2026-03-25 09:59:30.700279,09:59,25,3,2026,2,5,23283.0,23283.0,23283.0,23283.0,0.0,23283.0,0.0,0.0,23283.0,1.0,0.0,0.0,0.0,pre,1,0,0,0,0,0,1,ZERO_VOL,87.4
2026-03-25 09:59:30.826527,09:59,25,3,2026,2,5,23283.0,23283.0,23283.0,23283.0,0.0,23283.0,0.0,0.0,23283.0,1.0,0.0,0.0,0.0,pre,1,0,0,0,0,0,1,ZERO_VOL,125.7
2026-03-25 09:59:30.973672,09:59,25,3,2026,2,5,23283.75,23283.75,23283.75,23283.75,0.0,23283.75,0.0,0.0,23283.75,1.0,0.0,0.0,0.0,pre,1,0,0,0,0,0,1,ZERO_VOL,146.7
2026-03-25 09:59:31.069054,09:59,25,3,2026,2,5,23283.0,23283.0,23283.0,23283.0,0.0,23283.0,0.0,0.0,23283.0,1.0,0.0,0.0,0.0,pre,1,0,0,0,0,0,1,ZERO_VOL,94.9
2026-03-25 09:59:32.798653,09:59,25,3,2026,2,5,23283.0,23283.0,23283.0,23283.0,0.0,23283.0,0.0,0.0,23283.0,1.0,0.0,0.0,0.0,pre,1,0,0,0,0,0,1,ZERO_VOL,61.7
2026-03-25 09:59:32.887750,09:59,25,3,2026,2,5,23281.75,23281.75,23281.75,23281.75,0.0,23281.75,0.0,0.0,23281.75,1.0,0.0,0.0,0.0,pre,1,0,0,0,0,0,1,ZERO_VOL,88.6
2026-03-25 09:59:33.024129,09:59,25,3,2026,2,5,23281.75,23281.75,23281.75,23281.75,0.0,23281.75,0.0,0.0,23281.75,1.0,0.0,0.0,0.0,pre,1,0,0,0,0,0,1,ZERO_VOL,135.9
2026-03-25 09:59:33.116272,09:59,25,3,2026,2,5,23281.75,23281.75,23281.75,23281.75,0.0,23281.75,0.0,0.0,23281.75,1.0,0.0,0.0,0.0,pre,1,0,0,0,0,0,1,ZERO_VOL,91.7
2026-03-25 09:59:33.254009,09:59,25,3,2026,2,5,23282.75,23282.75,23282.75,23282.75,0.0,23282.75,0.0,0.0,23282.75,1.0,0.0,0.0,0.0,pre,1,0,0,0,0,0,1,ZERO_VOL,137.3
2026-03-25 09:59:34.835818,09:59,25,3,2026,2,5,23281.0,23281.0,23281.0,23281.0,0.0,23281.0,0.0,0.0,23281.0,1.0,0.0,0.0,0.0,pre,1,0,0,0,0,0,1,ZERO_VOL,96.9
2026-03-25 09:59:34.887152,09:59,25,3,2026,2,5,23281.75,23281.75,23281.75,23281.75,0.0,23281.75,0.0,0.0,23281.75,1.0,0.0,0.0,0.0,pre,1,0,0,0,0,0,1,ZERO_VOL,50.8
2026-03-25 09:59:35.047374,09:59,25,3,2026,2,5,23282.0,23282.0,23282.0,23282.0,0.0,23282.0,0.0,0.0,23282.0,1.0,0.0,0.0,0.0,pre,1,0,0,0,0,0,1,ZERO_VOL,159.8
2026-03-25 09:59:35.102766,09:59,25,3,2026,2,5,23283.0,23283.0,23283.0,23283.0,0.0,23283.0,0.0,0.0,23283.0,1.0,0.0,0.0,0.0,pre,1,0,0,0,0,0,1,ZERO_VOL,54.9
2026-03-25 09:59:35.189783,09:59,25,3,2026,2,5,23282.9,23282.9,23282.9,23282.9,0.0,23282.9,0.0,0.0,23282.9,1.0,0.0,0.0,0.0,pre,1,0,0,0,0,0,1,ZERO_VOL,86.6
2026-03-25 09:59:36.856259,09:59,25,3,2026,2,5,23282.75,23282.75,23282.75,23282.75,0.0,23282.75,0.0,0.0,23282.75,1.0,0.0,0.0,0.0,pre,1,0,0,0,0,0,1,ZERO_VOL,61.9
2026-03-25 09:59:36.977248,09:59,25,3,2026,2,5,23283.15,23283.15,23283.15,23283.15,0.0,23283.15,0.0,0.0,23283.15,1.0,0.0,0.0,0.0,pre,1,0,0,0,0,0,1,ZERO_VOL,120.5
2026-03-25 09:59:37.155424,09:59,25,3,2026,2,5,23283.15,23283.15,23283.15,23283.15,0.0,23283.15,0.0,0.0,23283.15,1.0,0.0,0.0,0.0,pre,1,0,0,0,0,0,1,ZERO_VOL,177.7
2026-03-25 09:59:37.313422,09:59,25,3,2026,2,5,23283.15,23283.15,23283.15,23283.15,0.0,23283.15,0.0,0.0,23283.15,1.0,0.0,0.0,0.0,pre,1,0,0,0,0,0,1,ZERO_VOL,157.2
2026-03-25 09:59:37.381016,09:59,25,3,2026,2,5,23283.75,23283.75,23283.75,23283.75,0.0,23283.75,0.0,0.0,23283.75,1.0,0.0,0.0,0.0,pre,1,0,0,0,0,0,1,ZERO_VOL,67.1
2026-03-25 09:59:39.204972,09:59,25,3,2026,2,5,23281.55,23281.55,23281.55,23281.55,0.0,23281.55,0.0,0.0,23281.55,1.0,0.0,0.0,0.0,pre,1,0,0,0,0,0,1,ZERO_VOL,119.5
2026-03-25 09:59:39.269185,09:59,25,3,2026,2,5,23283.15,23283.15,23283.15,23283.15,0.0,23283.15,0.0,0.0,23283.15,1.0,0.0,0.0,0.0,pre,1,0,0,0,0,0,1,ZERO_VOL,63.7
2026-03-25 09:59:39.357592,09:59,25,3,2026,2,5,23278.4,23278.4,23278.4,23278.4,0.0,23278.4,0.0,0.0,23278.4,1.0,0.0,0.0,0.0,pre,1,0,0,0,0,0,1,ZERO_VOL,87.9
2026-03-25 09:59:39.447433,09:59,25,3,2026,2,5,23278.4,23278.4,23278.4,23278.4,0.0,23278.4,0.0,0.0,23278.4,1.0,0.0,0.0,0.0,pre,1,0,0,0,0,0,1,ZERO_VOL,89.3
2026-03-25 09:59:39.517405,09:59,25,3,2026,2,5,23281.75,23281.75,23281.75,23281.75,0.0,23281.75,0.0,0.0,23281.75,1.0,0.0,0.0,0.0,pre,1,0,0,0,0,0,1,ZERO_VOL,69.5
2026-03-25 09:59:41.084432,09:59,25,3,2026,2,5,23279.3,23279.3,23279.3,23279.3,0.0,23279.3,0.0,0.0,23279.3,1.0,0.0,0.0,0.0,pre,1,0,0,0,0,0,1,ZERO_VOL,74.2
2026-03-25 09:59:41.232491,09:59,25,3,2026,2,5,23280.9,23280.9,23280.9,23280.9,0.0,23280.9,0.0,0.0,23280.9,1.0,0.0,0.0,0.0,pre,1,0,0,0,0,0,1,ZERO_VOL,147.6
2026-03-25 09:59:41.396766,09:59,25,3,2026,2,5,23280.9,23280.9,23280.9,23280.9,0.0,23280.9,0.0,0.0,23280.9,1.0,0.0,0.0,0.0,pre,1,0,0,0,0,0,1,ZERO_VOL,163.8
2026-03-25 09:59:41.487755,09:59,25,3,2026,2,5,23281.4,23281.4,23281.4,23281.4,0.0,23281.4,0.0,0.0,23281.4,1.0,0.0,0.0,0.0,pre,1,0,0,0,0,0,1,ZERO_VOL,90.5
2026-03-25 09:59:41.546803,09:59,25,3,2026,2,5,23281.75,23281.75,23281.75,23281.75,0.0,23281.75,0.0,0.0,23281.75,1.0,0.0,0.0,0.0,pre,1,0,0,0,0,0,1,ZERO_VOL,58.5
2026-03-25 09:59:43.414743,09:59,25,3,2026,2,5,23281.4,23281.4,23281.4,23281.4,0.0,23281.4,0.0,0.0,23281.4,1.0,0.0,0.0,0.0,pre,1,0,0,0,0,0,1,ZERO_VOL,146.9
2026-03-25 09:59:43.562429,09:59,25,3,2026,2,5,23281.4,23281.4,23281.4,23281.4,0.0,23281.4,0.0,0.0,23281.4,1.0,0.0,0.0,0.0,pre,1,0,0,0,0,0,1,ZERO_VOL,147.2
2026-03-25 09:59:43.616493,09:59,25,3,2026,2,5,23278.4,23278.4,23278.4,23278.4,0.0,23278.4,0.0,0.0,23278.4,1.0,0.0,0.0,0.0,pre,1,0,0,0,0,0,1,ZERO_VOL,53.6
2026-03-25 09:59:43.724034,09:59,25,3,2026,2,5,23280.7,23280.7,23280.7,23280.7,0.0,23280.7,0.0,0.0,23280.7,1.0,0.0,0.0,0.0,pre,1,0,0,0,0,0,1,ZERO_VOL,107.0
2026-03-25 09:59:43.839676,09:59,25,3,2026,2,5,23280.7,23280.7,23280.7,23280.7,0.0,23280.7,0.0,0.0,23280.7,1.0,0.0,0.0,0.0,pre,1,0,0,0,0,0,1,ZERO_VOL,115.1
2026-03-25 09:59:45.617066,09:59,25,3,2026,2,5,23280.9,23280.9,23280.9,23280.9,0.0,23280.9,0.0,0.0,23280.9,1.0,0.0,0.0,0.0,pre,1,0,0,0,0,0,1,ZERO_VOL,89.6
2026-03-25 09:59:45.682536,09:59,25,3,2026,2,5,23278.4,23278.4,23278.4,23278.4,0.0,23278.4,0.0,0.0,23278.4,1.0,0.0,0.0,0.0,pre,1,0,0,0,0,0,1,ZERO_VOL,65.0
2026-03-25 09:59:45.735856,09:59,25,3,2026,2,5,23280.9,23280.9,23280.9,23280.9,0.0,23280.9,0.0,0.0,23280.9,1.0,0.0,0.0,0.0,pre,1,0,0,0,0,0,1,ZERO_VOL,52.8
2026-03-25 09:59:45.798755,09:59,25,3,2026,2,5,23280.7,23280.7,23280.7,23280.7,0.0,23280.7,0.0,0.0,23280.7,1.0,0.0,0.0,0.0,pre,1,0,0,0,0,0,1,ZERO_VOL,62.3
2026-03-25 09:59:45.956405,09:59,25,3,2026,2,5,23283.25,23283.25,23283.25,23283.25,0.0,23283.25,0.0,0.0,23283.25,1.0,0.0,0.0,0.0,pre,1,0,0,0,0,0,1,ZERO_VOL,157.1
2026-03-25 09:59:48.056859,09:59,25,3,2026,2,5,23278.4,23278.4,23278.4,23278.4,0.0,23278.4,0.0,0.0,23278.4,1.0,0.0,0.0,0.0,pre,1,0,0,0,0,0,1,ZERO_VOL,62.4
2026-03-25 09:59:48.141042,09:59,25,3,2026,2,5,23282.65,23282.65,23282.65,23282.65,0.0,23282.65,0.0,0.0,23282.65,1.0,0.0,0.0,0.0,pre,1,0,0,0,0,0,1,ZERO_VOL,83.6
2026-03-25 09:59:48.229193,09:59,25,3,2026,2,5,23279.85,23279.85,23279.85,23279.85,0.0,23279.85,0.0,0.0,23279.85,1.0,0.0,0.0,0.0,pre,1,0,0,0,0,0,1,ZERO_VOL,87.7
2026-03-25 09:59:48.375405,09:59,25,3,2026,2,5,23283.65,23283.65,23283.65,23283.65,0.0,23283.65,0.0,0.0,23283.65,1.0,0.0,0.0,0.0,pre,1,0,0,0,0,0,1,ZERO_VOL,145.5
2026-03-25 09:59:48.429897,09:59,25,3,2026,2,5,23280.7,23280.7,23280.7,23280.7,0.0,23280.7,0.0,0.0,23280.7,1.0,0.0,0.0,0.0,pre,1,0,0,0,0,0,1,ZERO_VOL,54.0
2026-03-25 09:59:50.275882,09:59,25,3,2026,2,5,23283.45,23283.45,23283.45,23283.45,0.0,23283.45,0.0,0.0,23283.45,1.0,0.0,0.0,0.0,pre,1,0,0,0,0,0,1,ZERO_VOL,139.8
2026-03-25 09:59:50.390032,09:59,25,3,2026,2,5,23283.45,23283.45,23283.45,23283.45,0.0,23283.45,0.0,0.0,23283.45,1.0,0.0,0.0,0.0,pre,1,0,0,0,0,0,1,ZERO_VOL,113.7
2026-03-25 09:59:50.539385,09:59,25,3,2026,2,5,23282.4,23282.4,23282.4,23282.4,0.0,23282.4,0.0,0.0,23282.4,1.0,0.0,0.0,0.0,pre,1,0,0,0,0,0,1,ZERO_VOL,148.7
2026-03-25 09:59:50.597419,09:59,25,3,2026,2,5,23283.45,23283.45,23283.45,23283.45,0.0,23283.45,0.0,0.0,23283.45,1.0,0.0,0.0,0.0,pre,1,0,0,0,0,0,1,ZERO_VOL,57.6
2026-03-25 09:59:50.728755,09:59,25,3,2026,2,5,23284.7,23284.7,23284.7,23284.7,0.0,23284.7,0.0,0.0,23284.7,1.0,0.0,0.0,0.0,pre,1,0,0,0,0,0,1,ZERO_VOL,130.8
2026-03-25 09:59:52.909833,09:59,25,3,2026,2,5,23283.1,23283.1,23283.1,23283.1,0.0,23283.1,0.0,0.0,23283.1,1.0,0.0,0.0,0.0,pre,1,0,0,0,0,0,1,ZERO_VOL,138.1
2026-03-25 09:59:53.039479,09:59,25,3,2026,2,5,23283.1,23283.1,23283.1,23283.1,0.0,23283.1,0.0,0.0,23283.1,1.0,0.0,0.0,0.0,pre,1,0,0,0,0,0,1,ZERO_VOL,129.2
2026-03-25 09:59:53.095915,09:59,25,3,2026,2,5,23280.7,23280.7,23280.7,23280.7,0.0,23280.7,0.0,0.0,23280.7,1.0,0.0,0.0,0.0,pre,1,0,0,0,0,0,1,ZERO_VOL,55.8
2026-03-25 09:59:53.240504,09:59,25,3,2026,2,5,23280.75,23280.75,23280.75,23280.75,0.0,23280.75,0.0,0.0,23280.75,1.0,0.0,0.0,0.0,pre,1,0,0,0,0,0,1,ZERO_VOL,144.1
2026-03-25 09:59:53.330162,09:59,25,3,2026,2,5,23284.35,23284.35,23284.35,23284.35,0.0,23284.35,0.0,0.0,23284.35,1.0,0.0,0.0,0.0,pre,1,0,0,0,0,0,1,ZERO_VOL,89.2
2026-03-25 09:59:55.153840,09:59,25,3,2026,2,5,23281.95,23281.95,23281.95,23281.95,0.0,23281.95,0.0,0.0,23281.95,1.0,0.0,0.0,0.0,pre,1,0,0,0,0,0,1,ZERO_VOL,110.0
2026-03-25 09:59:55.212595,09:59,25,3,2026,2,5,23280.75,23280.75,23280.75,23280.75,0.0,23280.75,0.0,0.0,23280.75,1.0,0.0,0.0,0.0,pre,1,0,0,0,0,0,1,ZERO_VOL,58.3
2026-03-25 09:59:55.309524,09:59,25,3,2026,2,5,23283.8,23283.8,23283.8,23283.8,0.0,23283.8,0.0,0.0,23283.8,1.0,0.0,0.0,0.0,pre,1,0,0,0,0,0,1,ZERO_VOL,96.5
2026-03-25 09:59:55.481992,09:59,25,3,2026,2,5,23281.95,23281.95,23281.95,23281.95,0.0,23281.95,0.0,0.0,23281.95,1.0,0.0,0.0,0.0,pre,1,0,0,0,0,0,1,ZERO_VOL,172.0
2026-03-25 09:59:55.575537,09:59,25,3,2026,2,5,23282.4,23282.4,23282.4,23282.4,0.0,23282.4,0.0,0.0,23282.4,1.0,0.0,0.0,0.0,pre,1,0,0,0,0,0,1,ZERO_VOL,93.1
2026-03-25 09:59:57.293744,09:59,25,3,2026,2,5,23286.75,23286.75,23286.75,23286.75,0.0,23286.75,0.0,0.0,23286.75,1.0,0.0,0.0,0.0,pre,1,0,0,0,0,0,1,ZERO_VOL,85.6
2026-03-25 09:59:57.352411,09:59,25,3,2026,2,5,23281.95,23281.95,23281.95,23281.95,0.0,23281.95,0.0,0.0,23281.95,1.0,0.0,0.0,0.0,pre,1,0,0,0,0,0,1,ZERO_VOL,58.2
2026-03-25 09:59:57.442249,09:59,25,3,2026,2,5,23286.75,23286.75,23286.75,23286.75,0.0,23286.75,0.0,0.0,23286.75,1.0,0.0,0.0,0.0,pre,1,0,0,0,0,0,1,ZERO_VOL,89.4
2026-03-25 09:59:57.498891,09:59,25,3,2026,2,5,23282.65,23282.65,23282.65,23282.65,0.0,23282.65,0.0,0.0,23282.65,1.0,0.0,0.0,0.0,pre,1,0,0,0,0,0,1,ZERO_VOL,56.1
2026-03-25 09:59:57.552399,09:59,25,3,2026,2,5,23282.4,23282.4,23282.4,23282.4,0.0,23282.4,0.0,0.0,23282.4,1.0,0.0,0.0,0.0,pre,1,0,0,0,0,0,1,ZERO_VOL,53.0
2026-03-25 09:59:59.295293,09:59,25,3,2026,2,5,23287.75,23287.75,23287.75,23287.75,0.0,23287.75,0.0,0.0,23287.75,1.0,0.0,0.0,0.0,pre,1,0,0,0,0,0,1,ZERO_VOL,143.8
2026-03-25 09:59:59.378744,09:59,25,3,2026,2,5,23287.0,23287.0,23287.0,23287.0,0.0,23287.0,0.0,0.0,23287.0,1.0,0.0,0.0,0.0,pre,1,0,0,0,0,0,1,ZERO_VOL,83.0
2026-03-25 09:59:59.454000,09:59,25,3,2026,2,5,23286.85,23286.85,23286.85,23286.85,0.0,23286.85,0.0,0.0,23286.85,1.0,0.0,0.0,0.0,pre,1,0,0,0,0,0,1,ZERO_VOL,74.8
2026-03-25 09:59:59.547956,09:59,25,3,2026,2,5,23286.85,23286.85,23286.85,23286.85,0.0,23286.85,0.0,0.0,23286.85,1.0,0.0,0.0,0.0,pre,1,0,0,0,0,0,1,ZERO_VOL,93.5
2026-03-25 09:59:59.624915,09:59,25,3,2026,2,5,23286.85,23286.85,23286.85,23286.85,0.0,23286.85,0.0,0.0,23286.85,1.0,0.0,0.0,0.0,pre,1,0,0,0,0,0,1,ZERO_VOL,76.5
2026-03-25 10:00:01.654311,10:00,25,3,2026,2,5,23276.4,23287.75,23274.05,23286.05,0.0,23282.62,13.7,0.0415,23282.62,1.0006,70.44,1.7,2.35,regular,0,0,0,0,0,0,1,ZERO_VOL,95.6
2026-03-25 10:00:01.713545,10:00,25,3,2026,2,5,23282.4,23282.4,23282.4,23282.4,0.0,23282.4,0.0,0.0,23282.4,1.0,0.0,0.0,0.0,regular,0,0,0,0,0,0,1,ZERO_VOL,58.8
2026-03-25 10:00:01.774690,10:00,25,3,2026,2,5,23283.8,23283.8,23283.8,23283.8,0.0,23283.8,0.0,0.0,23283.8,1.0,0.0,0.0,0.0,regular,0,0,0,0,0,0,1,ZERO_VOL,60.6
2026-03-25 10:00:01.831198,10:00,25,3,2026,2,5,23282.4,23282.4,23282.4,23282.4,0.0,23282.4,0.0,0.0,23282.4,1.0,0.0,0.0,0.0,regular,0,0,0,0,0,0,1,ZERO_VOL,56.0
2026-03-25 10:00:01.927168,10:00,25,3,2026,2,5,23276.4,23287.75,23274.05,23286.05,0.0,23282.62,13.7,0.0415,23282.62,1.0006,70.44,1.7,2.35,regular,0,0,0,0,0,0,1,ZERO_VOL,95.5
2026-03-25 10:00:08.884957,10:00,25,3,2026,2,5,23286.85,23286.85,23286.85,23286.85,0.0,23286.85,0.0,0.0,23286.85,1.0,0.0,0.0,0.0,regular,0,0,0,0,0,0,1,ZERO_VOL,65.2
2026-03-25 10:00:09.045329,10:00,25,3,2026,2,5,23287.7,23287.7,23287.7,23287.7,0.0,23287.7,0.0,0.0,23287.7,1.0,0.0,0.0,0.0,regular,0,0,0,0,0,0,1,ZERO_VOL,159.9
2026-03-25 10:00:09.201914,10:00,25,3,2026,2,5,23288.1,23288.1,23288.1,23288.1,0.0,23288.1,0.0,0.0,23288.1,1.0,0.0,0.0,0.0,regular,0,0,0,0,0,0,1,ZERO_VOL,156.0
2026-03-25 10:00:09.323289,10:00,25,3,2026,2,5,23287.7,23287.7,23287.7,23287.7,0.0,23287.7,0.0,0.0,23287.7,1.0,0.0,0.0,0.0,regular,0,0,0,0,0,0,1,ZERO_VOL,120.7
2026-03-25 10:00:09.472626,10:00,25,3,2026,2,5,23287.7,23287.7,23287.7,23287.7,0.0,23287.7,0.0,0.0,23287.7,1.0,0.0,0.0,0.0,regular,0,0,0,0,0,0,1,ZERO_VOL,148.7
2026-03-25 10:00:11.460837,10:00,25,3,2026,2,5,23287.9,23287.9,23287.9,23287.9,0.0,23287.9,0.0,0.0,23287.9,1.0,0.0,0.0,0.0,regular,0,0,0,0,0,0,1,ZERO_VOL,80.7
2026-03-25 10:00:11.551778,10:00,25,3,2026,2,5,23287.9,23287.9,23287.9,23287.9,0.0,23287.9,0.0,0.0,23287.9,1.0,0.0,0.0,0.0,regular,0,0,0,0,0,0,1,ZERO_VOL,90.3
2026-03-25 10:00:11.608346,10:00,25,3,2026,2,5,23287.7,23287.7,23287.7,23287.7,0.0,23287.7,0.0,0.0,23287.7,1.0,0.0,0.0,0.0,regular,0,0,0,0,0,0,1,ZERO_VOL,56.0
2026-03-25 10:00:11.685169,10:00,25,3,2026,2,5,23287.9,23287.9,23287.9,23287.9,0.0,23287.9,0.0,0.0,23287.9,1.0,0.0,0.0,0.0,regular,0,0,0,0,0,0,1,ZERO_VOL,76.3
2026-03-25 10:00:11.886260,10:00,25,3,2026,2,5,23290.05,23290.05,23290.05,23290.05,0.0,23290.05,0.0,0.0,23290.05,1.0,0.0,0.0,0.0,regular,0,0,0,0,0,0,1,ZERO_VOL,200.6
2026-03-25 10:00:13.873242,10:00,25,3,2026,2,5,23290.05,23290.05,23290.05,23290.05,0.0,23290.05,0.0,0.0,23290.05,1.0,0.0,0.0,0.0,regular,0,0,0,0,0,0,1,ZERO_VOL,80.1
2026-03-25 10:00:13.941870,10:00,25,3,2026,2,5,23287.7,23287.7,23287.7,23287.7,0.0,23287.7,0.0,0.0,23287.7,1.0,0.0,0.0,0.0,regular,0,0,0,0,0,0,1,ZERO_VOL,68.1
2026-03-25 10:00:14.018221,10:00,25,3,2026,2,5,23289.0,23289.0,23289.0,23289.0,0.0,23289.0,0.0,0.0,23289.0,1.0,0.0,0.0,0.0,regular,0,0,0,0,0,0,1,ZERO_VOL,75.9
2026-03-25 10:00:14.194248,10:00,25,3,2026,2,5,23289.85,23289.85,23289.85,23289.85,0.0,23289.85,0.0,0.0,23289.85,1.0,0.0,0.0,0.0,regular,0,0,0,0,0,0,1,ZERO_VOL,175.5
2026-03-25 10:00:14.282565,10:00,25,3,2026,2,5,23288.55,23288.55,23288.55,23288.55,0.0,23288.55,0.0,0.0,23288.55,1.0,0.0,0.0,0.0,regular,0,0,0,0,0,0,1,ZERO_VOL,87.8
2026-03-25 10:00:16.107101,10:00,25,3,2026,2,5,23291.25,23291.25,23291.25,23291.25,0.0,23291.25,0.0,0.0,23291.25,1.0,0.0,0.0,0.0,regular,0,0,0,0,0,0,1,ZERO_VOL,140.8
2026-03-25 10:00:16.167986,10:00,25,3,2026,2,5,23288.55,23288.55,23288.55,23288.55,0.0,23288.55,0.0,0.0,23288.55,1.0,0.0,0.0,0.0,regular,0,0,0,0,0,0,1,ZERO_VOL,60.4
2026-03-25 10:00:16.308143,10:00,25,3,2026,2,5,23291.25,23291.25,23291.25,23291.25,0.0,23291.25,0.0,0.0,23291.25,1.0,0.0,0.0,0.0,regular,0,0,0,0,0,0,1,ZERO_VOL,139.5
2026-03-25 10:00:16.402287,10:00,25,3,2026,2,5,23291.15,23291.15,23291.15,23291.15,0.0,23291.15,0.0,0.0,23291.15,1.0,0.0,0.0,0.0,regular,0,0,0,0,0,0,1,ZERO_VOL,93.7
2026-03-25 10:00:16.567778,10:00,25,3,2026,2,5,23291.15,23291.15,23291.15,23291.15,0.0,23291.15,0.0,0.0,23291.15,1.0,0.0,0.0,0.0,regular,0,0,0,0,0,0,1,ZERO_VOL,164.9
2026-03-25 10:00:18.480731,10:00,25,3,2026,2,5,23290.45,23290.45,23290.45,23290.45,0.0,23290.45,0.0,0.0,23290.45,1.0,0.0,0.0,0.0,regular,0,0,0,0,0,0,1,ZERO_VOL,107.9
2026-03-25 10:00:18.650456,10:00,25,3,2026,2,5,23290.45,23290.45,23290.45,23290.45,0.0,23290.45,0.0,0.0,23290.45,1.0,0.0,0.0,0.0,regular,0,0,0,0,0,0,1,ZERO_VOL,169.3
2026-03-25 10:00:18.796354,10:00,25,3,2026,2,5,23290.45,23290.45,23290.45,23290.45,0.0,23290.45,0.0,0.0,23290.45,1.0,0.0,0.0,0.0,regular,0,0,0,0,0,0,1,ZERO_VOL,145.4
2026-03-25 10:00:18.880392,10:00,25,3,2026,2,5,23290.45,23290.45,23290.45,23290.45,0.0,23290.45,0.0,0.0,23290.45,1.0,0.0,0.0,0.0,regular,0,0,0,0,0,0,1,ZERO_VOL,83.6
2026-03-25 10:00:19.060707,10:00,25,3,2026,2,5,23292.0,23292.0,23292.0,23292.0,0.0,23292.0,0.0,0.0,23292.0,1.0,0.0,0.0,0.0,regular,0,0,0,0,0,0,1,ZERO_VOL,179.8
2026-03-25 10:00:20.745656,10:00,25,3,2026,2,5,23292.6,23292.6,23292.6,23292.6,0.0,23292.6,0.0,0.0,23292.6,1.0,0.0,0.0,0.0,regular,0,0,0,0,0,0,1,ZERO_VOL,76.0
2026-03-25 10:00:20.836188,10:00,25,3,2026,2,5,23292.6,23292.6,23292.6,23292.6,0.0,23292.6,0.0,0.0,23292.6,1.0,0.0,0.0,0.0,regular,0,0,0,0,0,0,1,ZERO_VOL,90.0
2026-03-25 10:00:20.892754,10:00,25,3,2026,2,5,23292.6,23292.6,23292.6,23292.6,0.0,23292.6,0.0,0.0,23292.6,1.0,0.0,0.0,0.0,regular,0,0,0,0,0,0,1,ZERO_VOL,56.1
2026-03-25 10:00:21.073455,10:00,25,3,2026,2,5,23292.8,23292.8,23292.8,23292.8,0.0,23292.8,0.0,0.0,23292.8,1.0,0.0,0.0,0.0,regular,0,0,0,0,0,0,1,ZERO_VOL,180.2
2026-03-25 10:00:21.228738,10:00,25,3,2026,2,5,23292.6,23292.6,23292.6,23292.6,0.0,23292.6,0.0,0.0,23292.6,1.0,0.0,0.0,0.0,regular,0,0,0,0,0,0,1,ZERO_VOL,154.8
2026-03-25 10:00:23.103694,10:00,25,3,2026,2,5,23289.85,23289.85,23289.85,23289.85,0.0,23289.85,0.0,0.0,23289.85,1.0,0.0,0.0,0.0,regular,0,0,0,0,0,0,1,ZERO_VOL,55.0
2026-03-25 10:00:23.260240,10:00,25,3,2026,2,5,23294.3,23294.3,23294.3,23294.3,0.0,23294.3,0.0,0.0,23294.3,1.0,0.0,0.0,0.0,regular,0,0,0,0,0,0,1,ZERO_VOL,156.1
2026-03-25 10:00:23.405988,10:00,25,3,2026,2,5,23293.6,23293.6,23293.6,23293.6,0.0,23293.6,0.0,0.0,23293.6,1.0,0.0,0.0,0.0,regular,0,0,0,0,0,0,1,ZERO_VOL,145.2
2026-03-25 10:00:23.460369,10:00,25,3,2026,2,5,23290.45,23290.45,23290.45,23290.45,0.0,23290.45,0.0,0.0,23290.45,1.0,0.0,0.0,0.0,regular,0,0,0,0,0,0,1,ZERO_VOL,53.9
2026-03-25 10:00:23.555828,10:00,25,3,2026,2,5,23294.3,23294.3,23294.3,23294.3,0.0,23294.3,0.0,0.0,23294.3,1.0,0.0,0.0,0.0,regular,0,0,0,0,0,0,1,ZERO_VOL,94.9
2026-03-25 10:00:25.145460,10:00,25,3,2026,2,5,23295.6,23295.6,23295.6,23295.6,0.0,23295.6,0.0,0.0,23295.6,1.0,0.0,0.0,0.0,regular,0,0,0,0,0,0,1,ZERO_VOL,75.7
2026-03-25 10:00:25.253848,10:00,25,3,2026,2,5,23295.6,23295.6,23295.6,23295.6,0.0,23295.6,0.0,0.0,23295.6,1.0,0.0,0.0,0.0,regular,0,0,0,0,0,0,1,ZERO_VOL,107.9
2026-03-25 10:00:25.349446,10:00,25,3,2026,2,5,23295.6,23295.6,23295.6,23295.6,0.0,23295.6,0.0,0.0,23295.6,1.0,0.0,0.0,0.0,regular,0,0,0,0,0,0,1,ZERO_VOL,95.1
2026-03-25 10:00:25.531032,10:00,25,3,2026,2,5,23295.6,23295.6,23295.6,23295.6,0.0,23295.6,0.0,0.0,23295.6,1.0,0.0,0.0,0.0,regular,0,0,0,0,0,0,1,ZERO_VOL,181.1
2026-03-25 10:00:25.592640,10:00,25,3,2026,2,5,23291.15,23291.15,23291.15,23291.15,0.0,23291.15,0.0,0.0,23291.15,1.0,0.0,0.0,0.0,regular,0,0,0,0,0,0,1,ZERO_VOL,61.1
2026-03-25 10:00:27.400104,10:00,25,3,2026,2,5,23297.2,23297.2,23297.2,23297.2,0.0,23297.2,0.0,0.0,23297.2,1.0,0.0,0.0,0.0,regular,0,0,0,0,0,0,1,ZERO_VOL,153.6
2026-03-25 10:00:27.496611,10:00,25,3,2026,2,5,23296.7,23296.7,23296.7,23296.7,0.0,23296.7,0.0,0.0,23296.7,1.0,0.0,0.0,0.0,regular,0,0,0,0,0,0,1,ZERO_VOL,96.0
2026-03-25 10:00:27.606123,10:00,25,3,2026,2,5,23296.7,23296.7,23296.7,23296.7,0.0,23296.7,0.0,0.0,23296.7,1.0,0.0,0.0,0.0,regular,0,0,0,0,0,0,1,ZERO_VOL,109.0
2026-03-25 10:00:27.784947,10:00,25,3,2026,2,5,23295.85,23295.85,23295.85,23295.85,0.0,23295.85,0.0,0.0,23295.85,1.0,0.0,0.0,0.0,regular,0,0,0,0,0,0,1,ZERO_VOL,178.0
2026-03-25 10:00:27.876755,10:00,25,3,2026,2,5,23296.7,23296.7,23296.7,23296.7,0.0,23296.7,0.0,0.0,23296.7,1.0,0.0,0.0,0.0,regular,0,0,0,0,0,0,1,ZERO_VOL,91.3
2026-03-25 10:00:29.495275,10:00,25,3,2026,2,5,23299.5,23299.5,23299.5,23299.5,0.0,23299.5,0.0,0.0,23299.5,1.0,0.0,0.0,0.0,regular,0,0,0,0,0,0,1,ZERO_VOL,95.8
2026-03-25 10:00:29.586622,10:00,25,3,2026,2,5,23295.6,23295.6,23295.6,23295.6,0.0,23295.6,0.0,0.0,23295.6,1.0,0.0,0.0,0.0,regular,0,0,0,0,0,0,1,ZERO_VOL,90.8
2026-03-25 10:00:29.678687,10:00,25,3,2026,2,5,23292.6,23292.6,23292.6,23292.6,0.0,23292.6,0.0,0.0,23292.6,1.0,0.0,0.0,0.0,regular,0,0,0,0,0,0,1,ZERO_VOL,91.6
2026-03-25 10:00:29.767303,10:00,25,3,2026,2,5,23299.5,23299.5,23299.5,23299.5,0.0,23299.5,0.0,0.0,23299.5,1.0,0.0,0.0,0.0,regular,0,0,0,0,0,0,1,ZERO_VOL,87.9
2026-03-25 10:00:29.954053,10:00,25,3,2026,2,5,23298.9,23298.9,23298.9,23298.9,0.0,23298.9,0.0,0.0,23298.9,1.0,0.0,0.0,0.0,regular,0,0,0,0,0,0,1,ZERO_VOL,186.3
2026-03-25 10:00:32.016600,10:00,25,3,2026,2,5,23299.25,23299.25,23299.25,23299.25,0.0,23299.25,0.0,0.0,23299.25,1.0,0.0,0.0,0.0,regular,0,0,0,0,0,0,1,ZERO_VOL,141.4
2026-03-25 10:00:32.111727,10:00,25,3,2026,2,5,23300.3,23300.3,23300.3,23300.3,0.0,23300.3,0.0,0.0,23300.3,1.0,0.0,0.0,0.0,regular,0,0,0,0,0,0,1,ZERO_VOL,94.6
2026-03-25 10:00:32.218491,10:00,25,3,2026,2,5,23301.2,23301.2,23301.2,23301.2,0.0,23301.2,0.0,0.0,23301.2,1.0,0.0,0.0,0.0,regular,0,0,0,0,0,0,1,ZERO_VOL,106.3
2026-03-25 10:00:32.271826,10:00,25,3,2026,2,5,23297.2,23297.2,23297.2,23297.2,0.0,23297.2,0.0,0.0,23297.2,1.0,0.0,0.0,0.0,regular,0,0,0,0,0,0,1,ZERO_VOL,52.8
2026-03-25 10:00:32.420836,10:00,25,3,2026,2,5,23299.25,23299.25,23299.25,23299.25,0.0,23299.25,0.0,0.0,23299.25,1.0,0.0,0.0,0.0,regular,0,0,0,0,0,0,1,ZERO_VOL,148.5
2026-03-25 10:00:34.105078,10:00,25,3,2026,2,5,23300.6,23300.6,23300.6,23300.6,0.0,23300.6,0.0,0.0,23300.6,1.0,0.0,0.0,0.0,regular,0,0,0,0,0,0,1,ZERO_VOL,94.7
2026-03-25 10:00:34.158124,10:00,25,3,2026,2,5,23300.3,23300.3,23300.3,23300.3,0.0,23300.3,0.0,0.0,23300.3,1.0,0.0,0.0,0.0,regular,0,0,0,0,0,0,1,ZERO_VOL,52.6
2026-03-25 10:00:34.316109,10:00,25,3,2026,2,5,23303.45,23303.45,23303.45,23303.45,0.0,23303.45,0.0,0.0,23303.45,1.0,0.0,0.0,0.0,regular,0,0,0,0,0,0,1,ZERO_VOL,157.5
2026-03-25 10:00:34.490862,10:00,25,3,2026,2,5,23301.2,23301.2,23301.2,23301.2,0.0,23301.2,0.0,0.0,23301.2,1.0,0.0,0.0,0.0,regular,0,0,0,0,0,0,1,ZERO_VOL,174.1
2026-03-25 10:00:34.569182,10:00,25,3,2026,2,5,23303.45,23303.45,23303.45,23303.45,0.0,23303.45,0.0,0.0,23303.45,1.0,0.0,0.0,0.0,regular,0,0,0,0,0,0,1,ZERO_VOL,77.9
2026-03-25 10:00:36.400529,10:00,25,3,2026,2,5,23304.55,23304.55,23304.55,23304.55,0.0,23304.55,0.0,0.0,23304.55,1.0,0.0,0.0,0.0,regular,0,0,0,0,0,0,1,ZERO_VOL,84.5
2026-03-25 10:00:36.458990,10:00,25,3,2026,2,5,23295.85,23295.85,23295.85,23295.85,0.0,23295.85,0.0,0.0,23295.85,1.0,0.0,0.0,0.0,regular,0,0,0,0,0,0,1,ZERO_VOL,58.0
2026-03-25 10:00:36.514891,10:00,25,3,2026,2,5,23301.2,23301.2,23301.2,23301.2,0.0,23301.2,0.0,0.0,23301.2,1.0,0.0,0.0,0.0,regular,0,0,0,0,0,0,1,ZERO_VOL,55.4
2026-03-25 10:00:36.570439,10:00,25,3,2026,2,5,23299.5,23299.5,23299.5,23299.5,0.0,23299.5,0.0,0.0,23299.5,1.0,0.0,0.0,0.0,regular,0,0,0,0,0,0,1,ZERO_VOL,55.1
2026-03-25 10:00:36.749672,10:00,25,3,2026,2,5,23301.35,23301.35,23301.35,23301.35,0.0,23301.35,0.0,0.0,23301.35,1.0,0.0,0.0,0.0,regular,0,0,0,0,0,0,1,ZERO_VOL,178.7
2026-03-25 10:00:38.543818,10:00,25,3,2026,2,5,23299.8,23299.8,23299.8,23299.8,0.0,23299.8,0.0,0.0,23299.8,1.0,0.0,0.0,0.0,regular,0,0,0,0,0,0,1,ZERO_VOL,85.4
2026-03-25 10:00:38.598929,10:00,25,3,2026,2,5,23299.8,23299.8,23299.8,23299.8,0.0,23299.8,0.0,0.0,23299.8,1.0,0.0,0.0,0.0,regular,0,0,0,0,0,0,1,ZERO_VOL,54.6
2026-03-25 10:00:38.749202,10:00,25,3,2026,2,5,23299.1,23299.1,23299.1,23299.1,0.0,23299.1,0.0,0.0,23299.1,1.0,0.0,0.0,0.0,regular,0,0,0,0,0,0,1,ZERO_VOL,149.8
2026-03-25 10:00:38.802895,10:00,25,3,2026,2,5,23301.2,23301.2,23301.2,23301.2,0.0,23301.2,0.0,0.0,23301.2,1.0,0.0,0.0,0.0,regular,0,0,0,0,0,0,1,ZERO_VOL,53.2
2026-03-25 10:00:38.888365,10:00,25,3,2026,2,5,23299.25,23299.25,23299.25,23299.25,0.0,23299.25,0.0,0.0,23299.25,1.0,0.0,0.0,0.0,regular,0,0,0,0,0,0,1,ZERO_VOL,85.0
2026-03-25 10:00:40.666932,10:00,25,3,2026,2,5,23300.45,23300.45,23300.45,23300.45,0.0,23300.45,0.0,0.0,23300.45,1.0,0.0,0.0,0.0,regular,0,0,0,0,0,0,1,ZERO_VOL,109.8
2026-03-25 10:00:40.756668,10:00,25,3,2026,2,5,23300.45,23300.45,23300.45,23300.45,0.0,23300.45,0.0,0.0,23300.45,1.0,0.0,0.0,0.0,regular,0,0,0,0,0,0,1,ZERO_VOL,89.0
2026-03-25 10:00:40.854238,10:00,25,3,2026,2,5,23300.45,23300.45,23300.45,23300.45,0.0,23300.45,0.0,0.0,23300.45,1.0,0.0,0.0,0.0,regular,0,0,0,0,0,0,1,ZERO_VOL,97.0
2026-03-25 10:00:41.000353,10:00,25,3,2026,2,5,23301.15,23301.15,23301.15,23301.15,0.0,23301.15,0.0,0.0,23301.15,1.0,0.0,0.0,0.0,regular,0,0,0,0,0,0,1,ZERO_VOL,145.6
2026-03-25 10:00:41.083707,10:00,25,3,2026,2,5,23300.45,23300.45,23300.45,23300.45,0.0,23300.45,0.0,0.0,23300.45,1.0,0.0,0.0,0.0,regular,0,0,0,0,0,0,1,ZERO_VOL,82.9
2026-03-25 10:00:42.769483,10:00,25,3,2026,2,5,23302.4,23302.4,23302.4,23302.4,0.0,23302.4,0.0,0.0,23302.4,1.0,0.0,0.0,0.0,regular,0,0,0,0,0,0,1,ZERO_VOL,163.4
2026-03-25 10:00:42.864427,10:00,25,3,2026,2,5,23302.4,23302.4,23302.4,23302.4,0.0,23302.4,0.0,0.0,23302.4,1.0,0.0,0.0,0.0,regular,0,0,0,0,0,0,1,ZERO_VOL,94.5
2026-03-25 10:00:42.942033,10:00,25,3,2026,2,5,23302.4,23302.4,23302.4,23302.4,0.0,23302.4,0.0,0.0,23302.4,1.0,0.0,0.0,0.0,regular,0,0,0,0,0,0,1,ZERO_VOL,77.1
2026-03-25 10:00:42.997996,10:00,25,3,2026,2,5,23302.4,23302.4,23302.4,23302.4,0.0,23302.4,0.0,0.0,23302.4,1.0,0.0,0.0,0.0,regular,0,0,0,0,0,0,1,ZERO_VOL,55.5
2026-03-25 10:00:43.125555,10:00,25,3,2026,2,5,23302.4,23302.4,23302.4,23302.4,0.0,23302.4,0.0,0.0,23302.4,1.0,0.0,0.0,0.0,regular,0,0,0,0,0,0,1,ZERO_VOL,127.1
2026-03-25 10:00:45.225599,10:00,25,3,2026,2,5,23302.25,23302.25,23302.25,23302.25,0.0,23302.25,0.0,0.0,23302.25,1.0,0.0,0.0,0.0,regular,0,0,0,0,0,0,1,ZERO_VOL,87.7
2026-03-25 10:00:45.375455,10:00,25,3,2026,2,5,23302.2,23302.2,23302.2,23302.2,0.0,23302.2,0.0,0.0,23302.2,1.0,0.0,0.0,0.0,regular,0,0,0,0,0,0,1,ZERO_VOL,149.4
2026-03-25 10:00:45.431482,10:00,25,3,2026,2,5,23300.45,23300.45,23300.45,23300.45,0.0,23300.45,0.0,0.0,23300.45,1.0,0.0,0.0,0.0,regular,0,0,0,0,0,0,1,ZERO_VOL,55.5
2026-03-25 10:00:45.586257,10:00,25,3,2026,2,5,23302.2,23302.2,23302.2,23302.2,0.0,23302.2,0.0,0.0,23302.2,1.0,0.0,0.0,0.0,regular,0,0,0,0,0,0,1,ZERO_VOL,154.2
2026-03-25 10:00:45.667768,10:00,25,3,2026,2,5,23302.25,23302.25,23302.25,23302.25,0.0,23302.25,0.0,0.0,23302.25,1.0,0.0,0.0,0.0,regular,0,0,0,0,0,0,1,ZERO_VOL,81.0
2026-03-25 10:00:47.396020,10:00,25,3,2026,2,5,23303.9,23303.9,23303.9,23303.9,0.0,23303.9,0.0,0.0,23303.9,1.0,0.0,0.0,0.0,regular,0,0,0,0,0,0,1,ZERO_VOL,118.1
2026-03-25 10:00:47.490755,10:00,25,3,2026,2,5,23304.15,23304.15,23304.15,23304.15,0.0,23304.15,0.0,0.0,23304.15,1.0,0.0,0.0,0.0,regular,0,0,0,0,0,0,1,ZERO_VOL,94.2
2026-03-25 10:00:47.641063,10:00,25,3,2026,2,5,23303.9,23303.9,23303.9,23303.9,0.0,23303.9,0.0,0.0,23303.9,1.0,0.0,0.0,0.0,regular,0,0,0,0,0,0,1,ZERO_VOL,149.8
2026-03-25 10:00:47.705514,10:00,25,3,2026,2,5,23303.9,23303.9,23303.9,23303.9,0.0,23303.9,0.0,0.0,23303.9,1.0,0.0,0.0,0.0,regular,0,0,0,0,0,0,1,ZERO_VOL,64.0
2026-03-25 10:00:47.800015,10:00,25,3,2026,2,5,23304.15,23304.15,23304.15,23304.15,0.0,23304.15,0.0,0.0,23304.15,1.0,0.0,0.0,0.0,regular,0,0,0,0,0,0,1,ZERO_VOL,94.0
2026-03-25 10:00:49.325257,10:00,25,3,2026,2,5,23302.2,23302.2,23302.2,23302.2,0.0,23302.2,0.0,0.0,23302.2,1.0,0.0,0.0,0.0,regular,0,0,0,0,0,0,1,ZERO_VOL,53.0
2026-03-25 10:00:49.381938,10:00,25,3,2026,2,5,23302.4,23302.4,23302.4,23302.4,0.0,23302.4,0.0,0.0,23302.4,1.0,0.0,0.0,0.0,regular,0,0,0,0,0,0,1,ZERO_VOL,56.2
2026-03-25 10:00:49.436268,10:00,25,3,2026,2,5,23300.45,23300.45,23300.45,23300.45,0.0,23300.45,0.0,0.0,23300.45,1.0,0.0,0.0,0.0,regular,0,0,0,0,0,0,1,ZERO_VOL,53.8
2026-03-25 10:00:49.580809,10:00,25,3,2026,2,5,23301.9,23301.9,23301.9,23301.9,0.0,23301.9,0.0,0.0,23301.9,1.0,0.0,0.0,0.0,regular,0,0,0,0,0,0,1,ZERO_VOL,144.0
2026-03-25 10:00:49.688484,10:00,25,3,2026,2,5,23302.35,23302.35,23302.35,23302.35,0.0,23302.35,0.0,0.0,23302.35,1.0,0.0,0.0,0.0,regular,0,0,0,0,0,0,1,ZERO_VOL,107.2
2026-03-25 10:00:51.388659,10:00,25,3,2026,2,5,23299.25,23299.25,23299.25,23299.25,0.0,23299.25,0.0,0.0,23299.25,1.0,0.0,0.0,0.0,regular,0,0,0,0,0,0,1,ZERO_VOL,141.7
2026-03-25 10:00:51.477616,10:00,25,3,2026,2,5,23301.0,23301.0,23301.0,23301.0,0.0,23301.0,0.0,0.0,23301.0,1.0,0.0,0.0,0.0,regular,0,0,0,0,0,0,1,ZERO_VOL,88.5
2026-03-25 10:00:51.652890,10:00,25,3,2026,2,5,23299.25,23299.25,23299.25,23299.25,0.0,23299.25,0.0,0.0,23299.25,1.0,0.0,0.0,0.0,regular,0,0,0,0,0,0,1,ZERO_VOL,174.7
2026-03-25 10:00:51.808904,10:00,25,3,2026,2,5,23301.0,23301.0,23301.0,23301.0,0.0,23301.0,0.0,0.0,23301.0,1.0,0.0,0.0,0.0,regular,0,0,0,0,0,0,1,ZERO_VOL,155.6
2026-03-25 10:00:51.987499,10:00,25,3,2026,2,5,23297.15,23297.15,23297.15,23297.15,0.0,23297.15,0.0,0.0,23297.15,1.0,0.0,0.0,0.0,regular,0,0,0,0,0,0,1,ZERO_VOL,178.1
2026-03-25 10:00:53.665755,10:00,25,3,2026,2,5,23296.0,23296.0,23296.0,23296.0,0.0,23296.0,0.0,0.0,23296.0,1.0,0.0,0.0,0.0,regular,0,0,0,0,0,0,1,ZERO_VOL,130.5
2026-03-25 10:00:53.765718,10:00,25,3,2026,2,5,23296.0,23296.0,23296.0,23296.0,0.0,23296.0,0.0,0.0,23296.0,1.0,0.0,0.0,0.0,regular,0,0,0,0,0,0,1,ZERO_VOL,99.5
2026-03-25 10:00:53.820324,10:00,25,3,2026,2,5,23299.25,23299.25,23299.25,23299.25,0.0,23299.25,0.0,0.0,23299.25,1.0,0.0,0.0,0.0,regular,0,0,0,0,0,0,1,ZERO_VOL,54.1
2026-03-25 10:00:53.881429,10:00,25,3,2026,2,5,23299.25,23299.25,23299.25,23299.25,0.0,23299.25,0.0,0.0,23299.25,1.0,0.0,0.0,0.0,regular,0,0,0,0,0,0,1,ZERO_VOL,60.6
2026-03-25 10:00:53.934839,10:00,25,3,2026,2,5,23296.0,23296.0,23296.0,23296.0,0.0,23296.0,0.0,0.0,23296.0,1.0,0.0,0.0,0.0,regular,0,0,0,0,0,0,1,ZERO_VOL,52.9
2026-03-25 10:00:55.584582,10:00,25,3,2026,2,5,23297.65,23297.65,23297.65,23297.65,0.0,23297.65,0.0,0.0,23297.65,1.0,0.0,0.0,0.0,regular,0,0,0,0,0,0,1,ZERO_VOL,83.8
2026-03-25 10:00:55.646022,10:00,25,3,2026,2,5,23297.15,23297.15,23297.15,23297.15,0.0,23297.15,0.0,0.0,23297.15,1.0,0.0,0.0,0.0,regular,0,0,0,0,0,0,1,ZERO_VOL,61.0
2026-03-25 10:00:55.731148,10:00,25,3,2026,2,5,23297.65,23297.65,23297.65,23297.65,0.0,23297.65,0.0,0.0,23297.65,1.0,0.0,0.0,0.0,regular,0,0,0,0,0,0,1,ZERO_VOL,84.6
2026-03-25 10:00:55.869946,10:00,25,3,2026,2,5,23297.55,23297.55,23297.55,23297.55,0.0,23297.55,0.0,0.0,23297.55,1.0,0.0,0.0,0.0,regular,0,0,0,0,0,0,1,ZERO_VOL,138.3
2026-03-25 10:00:55.924760,10:00,25,3,2026,2,5,23297.15,23297.15,23297.15,23297.15,0.0,23297.15,0.0,0.0,23297.15,1.0,0.0,0.0,0.0,regular,0,0,0,0,0,0,1,ZERO_VOL,54.3
2026-03-25 10:00:57.783647,10:00,25,3,2026,2,5,23295.95,23295.95,23295.95,23295.95,0.0,23295.95,0.0,0.0,23295.95,1.0,0.0,0.0,0.0,regular,0,0,0,0,0,0,1,ZERO_VOL,90.3
2026-03-25 10:00:57.837869,10:00,25,3,2026,2,5,23297.15,23297.15,23297.15,23297.15,0.0,23297.15,0.0,0.0,23297.15,1.0,0.0,0.0,0.0,regular,0,0,0,0,0,0,1,ZERO_VOL,53.7
2026-03-25 10:00:57.989036,10:00,25,3,2026,2,5,23294.7,23294.7,23294.7,23294.7,0.0,23294.7,0.0,0.0,23294.7,1.0,0.0,0.0,0.0,regular,0,0,0,0,0,0,1,ZERO_VOL,150.7
2026-03-25 10:00:58.047434,10:00,25,3,2026,2,5,23299.25,23299.25,23299.25,23299.25,0.0,23299.25,0.0,0.0,23299.25,1.0,0.0,0.0,0.0,regular,0,0,0,0,0,0,1,ZERO_VOL,57.9
2026-03-25 10:00:58.185581,10:00,25,3,2026,2,5,23295.6,23295.6,23295.6,23295.6,0.0,23295.6,0.0,0.0,23295.6,1.0,0.0,0.0,0.0,regular,0,0,0,0,0,0,1,ZERO_VOL,137.7
2026-03-25 10:00:59.990527,10:00,25,3,2026,2,5,23294.9,23294.9,23294.9,23294.9,0.0,23294.9,0.0,0.0,23294.9,1.0,0.0,0.0,0.0,regular,0,0,0,0,0,0,1,ZERO_VOL,116.1
2026-03-25 10:01:00.054026,10:01,25,3,2026,2,5,23299.25,23299.25,23299.25,23299.25,0.0,23299.25,0.0,0.0,23299.25,1.0,0.0,0.0,0.0,regular,0,0,0,0,0,0,1,ZERO_VOL,63.0
2026-03-25 10:01:00.214554,10:01,25,3,2026,2,5,23296.3,23296.3,23296.3,23296.3,0.0,23296.3,0.0,0.0,23296.3,1.0,0.0,0.0,0.0,regular,0,0,0,0,0,0,1,ZERO_VOL,160.1
2026-03-25 10:01:00.373782,10:01,25,3,2026,2,5,23287.4,23304.65,23285.35,23296.3,0.0,23295.43,19.3,0.0382,23295.43,1.0008,46.11,8.35,2.05,regular,0,0,0,0,0,0,1,ZERO_VOL,158.7
2026-03-25 10:01:00.560706,10:01,25,3,2026,2,5,23287.4,23304.65,23285.35,23296.3,0.0,23295.43,19.3,0.0382,23295.43,1.0008,46.11,8.35,2.05,regular,0,0,0,0,0,0,1,ZERO_VOL,186.5
2026-03-25 10:01:02.635187,10:01,25,3,2026,2,5,23292.55,23292.55,23292.55,23292.55,0.0,23292.55,0.0,0.0,23292.55,1.0,0.0,0.0,0.0,regular,0,0,0,0,0,0,1,ZERO_VOL,185.5
2026-03-25 10:01:02.803200,10:01,25,3,2026,2,5,23293.1,23293.1,23293.1,23293.1,0.0,23293.1,0.0,0.0,23293.1,1.0,0.0,0.0,0.0,regular,0,0,0,0,0,0,1,ZERO_VOL,167.4
2026-03-25 10:01:02.891307,10:01,25,3,2026,2,5,23293.1,23293.1,23293.1,23293.1,0.0,23293.1,0.0,0.0,23293.1,1.0,0.0,0.0,0.0,regular,0,0,0,0,0,0,1,ZERO_VOL,87.6
2026-03-25 10:01:03.037253,10:01,25,3,2026,2,5,23291.7,23291.7,23291.7,23291.7,0.0,23291.7,0.0,0.0,23291.7,1.0,0.0,0.0,0.0,regular,0,0,0,0,0,0,1,ZERO_VOL,145.4
2026-03-25 10:01:03.097526,10:01,25,3,2026,2,5,23296.0,23296.0,23296.0,23296.0,0.0,23296.0,0.0,0.0,23296.0,1.0,0.0,0.0,0.0,regular,0,0,0,0,0,0,1,ZERO_VOL,59.8
2026-03-25 10:01:05.082755,10:01,25,3,2026,2,5,23293.25,23293.25,23293.25,23293.25,0.0,23293.25,0.0,0.0,23293.25,1.0,0.0,0.0,0.0,regular,0,0,0,0,0,0,1,ZERO_VOL,144.3
2026-03-25 10:01:05.139933,10:01,25,3,2026,2,5,23291.7,23291.7,23291.7,23291.7,0.0,23291.7,0.0,0.0,23291.7,1.0,0.0,0.0,0.0,regular,0,0,0,0,0,0,1,ZERO_VOL,56.6
2026-03-25 10:01:05.267542,10:01,25,3,2026,2,5,23294.05,23294.05,23294.05,23294.05,0.0,23294.05,0.0,0.0,23294.05,1.0,0.0,0.0,0.0,regular,0,0,0,0,0,0,1,ZERO_VOL,126.7
2026-03-25 10:01:05.384191,10:01,25,3,2026,2,5,23293.25,23293.25,23293.25,23293.25,0.0,23293.25,0.0,0.0,23293.25,1.0,0.0,0.0,0.0,regular,0,0,0,0,0,0,1,ZERO_VOL,116.1
2026-03-25 10:01:05.467416,10:01,25,3,2026,2,5,23294.05,23294.05,23294.05,23294.05,0.0,23294.05,0.0,0.0,23294.05,1.0,0.0,0.0,0.0,regular,0,0,0,0,0,0,1,ZERO_VOL,82.7
2026-03-25 10:01:07.344395,10:01,25,3,2026,2,5,23294.05,23294.05,23294.05,23294.05,0.0,23294.05,0.0,0.0,23294.05,1.0,0.0,0.0,0.0,regular,0,0,0,0,0,0,1,ZERO_VOL,73.9
2026-03-25 10:01:07.404738,10:01,25,3,2026,2,5,23293.1,23293.1,23293.1,23293.1,0.0,23293.1,0.0,0.0,23293.1,1.0,0.0,0.0,0.0,regular,0,0,0,0,0,0,1,ZERO_VOL,59.8
2026-03-25 10:01:07.503036,10:01,25,3,2026,2,5,23292.05,23292.05,23292.05,23292.05,0.0,23292.05,0.0,0.0,23292.05,1.0,0.0,0.0,0.0,regular,0,0,0,0,0,0,1,ZERO_VOL,97.8
2026-03-25 10:01:07.564763,10:01,25,3,2026,2,5,23287.4,23304.65,23285.35,23296.3,0.0,23295.43,19.3,0.0382,23295.43,1.0008,46.11,8.35,2.05,regular,0,0,0,0,0,0,1,ZERO_VOL,61.2
2026-03-25 10:01:07.668289,10:01,25,3,2026,2,5,23292.05,23292.05,23292.05,23292.05,0.0,23292.05,0.0,0.0,23292.05,1.0,0.0,0.0,0.0,regular,0,0,0,0,0,0,1,ZERO_VOL,103.0
2026-03-25 10:01:09.407708,10:01,25,3,2026,2,5,23289.2,23289.2,23289.2,23289.2,0.0,23289.2,0.0,0.0,23289.2,1.0,0.0,0.0,0.0,regular,0,0,0,0,0,0,1,ZERO_VOL,148.3
2026-03-25 10:01:09.501045,10:01,25,3,2026,2,5,23289.2,23289.2,23289.2,23289.2,0.0,23289.2,0.0,0.0,23289.2,1.0,0.0,0.0,0.0,regular,0,0,0,0,0,0,1,ZERO_VOL,92.9
2026-03-25 10:01:09.580790,10:01,25,3,2026,2,5,23289.2,23289.2,23289.2,23289.2,0.0,23289.2,0.0,0.0,23289.2,1.0,0.0,0.0,0.0,regular,0,0,0,0,0,0,1,ZERO_VOL,79.2
2026-03-25 10:01:09.706653,10:01,25,3,2026,2,5,23288.3,23288.3,23288.3,23288.3,0.0,23288.3,0.0,0.0,23288.3,1.0,0.0,0.0,0.0,regular,0,0,0,0,0,0,1,ZERO_VOL,125.2
2026-03-25 10:01:09.762930,10:01,25,3,2026,2,5,23293.1,23293.1,23293.1,23293.1,0.0,23293.1,0.0,0.0,23293.1,1.0,0.0,0.0,0.0,regular,0,0,0,0,0,0,1,ZERO_VOL,55.7
2026-03-25 10:01:11.656837,10:01,25,3,2026,2,5,23293.25,23293.25,23293.25,23293.25,0.0,23293.25,0.0,0.0,23293.25,1.0,0.0,0.0,0.0,regular,0,0,0,0,0,0,1,ZERO_VOL,53.5
2026-03-25 10:01:11.776693,10:01,25,3,2026,2,5,23289.35,23289.35,23289.35,23289.35,0.0,23289.35,0.0,0.0,23289.35,1.0,0.0,0.0,0.0,regular,0,0,0,0,0,0,1,ZERO_VOL,119.4
2026-03-25 10:01:11.924162,10:01,25,3,2026,2,5,23289.35,23289.35,23289.35,23289.35,0.0,23289.35,0.0,0.0,23289.35,1.0,0.0,0.0,0.0,regular,0,0,0,0,0,0,1,ZERO_VOL,146.9
2026-03-25 10:01:11.981554,10:01,25,3,2026,2,5,23292.05,23292.05,23292.05,23292.05,0.0,23292.05,0.0,0.0,23292.05,1.0,0.0,0.0,0.0,regular,0,0,0,0,0,0,1,ZERO_VOL,56.8
2026-03-25 10:01:12.135932,10:01,25,3,2026,2,5,23289.35,23289.35,23289.35,23289.35,0.0,23289.35,0.0,0.0,23289.35,1.0,0.0,0.0,0.0,regular,0,0,0,0,0,0,1,ZERO_VOL,153.8
2026-03-25 10:01:14.294041,10:01,25,3,2026,2,5,23290.25,23290.25,23290.25,23290.25,0.0,23290.25,0.0,0.0,23290.25,1.0,0.0,0.0,0.0,regular,0,0,0,0,0,0,1,ZERO_VOL,146.3
2026-03-25 10:01:14.380395,10:01,25,3,2026,2,5,23291.0,23291.0,23291.0,23291.0,0.0,23291.0,0.0,0.0,23291.0,1.0,0.0,0.0,0.0,regular,0,0,0,0,0,0,1,ZERO_VOL,85.8
2026-03-25 10:01:14.442376,10:01,25,3,2026,2,5,23292.05,23292.05,23292.05,23292.05,0.0,23292.05,0.0,0.0,23292.05,1.0,0.0,0.0,0.0,regular,0,0,0,0,0,0,1,ZERO_VOL,61.4
2026-03-25 10:01:14.510849,10:01,25,3,2026,2,5,23289.2,23289.2,23289.2,23289.2,0.0,23289.2,0.0,0.0,23289.2,1.0,0.0,0.0,0.0,regular,0,0,0,0,0,0,1,ZERO_VOL,68.0
2026-03-25 10:01:14.596754,10:01,25,3,2026,2,5,23291.0,23291.0,23291.0,23291.0,0.0,23291.0,0.0,0.0,23291.0,1.0,0.0,0.0,0.0,regular,0,0,0,0,0,0,1,ZERO_VOL,85.4
2026-03-25 10:01:16.203249,10:01,25,3,2026,2,5,23289.35,23289.35,23289.35,23289.35,0.0,23289.35,0.0,0.0,23289.35,1.0,0.0,0.0,0.0,regular,0,0,0,0,0,0,1,ZERO_VOL,54.7
2026-03-25 10:01:16.261118,10:01,25,3,2026,2,5,23289.2,23289.2,23289.2,23289.2,0.0,23289.2,0.0,0.0,23289.2,1.0,0.0,0.0,0.0,regular,0,0,0,0,0,0,1,ZERO_VOL,57.4
2026-03-25 10:01:16.432010,10:01,25,3,2026,2,5,23290.35,23290.35,23290.35,23290.35,0.0,23290.35,0.0,0.0,23290.35,1.0,0.0,0.0,0.0,regular,0,0,0,0,0,0,1,ZERO_VOL,170.4
2026-03-25 10:01:16.586367,10:01,25,3,2026,2,5,23290.35,23290.35,23290.35,23290.35,0.0,23290.35,0.0,0.0,23290.35,1.0,0.0,0.0,0.0,regular,0,0,0,0,0,0,1,ZERO_VOL,153.8
2026-03-25 10:01:16.734748,10:01,25,3,2026,2,5,23291.05,23291.05,23291.05,23291.05,0.0,23291.05,0.0,0.0,23291.05,1.0,0.0,0.0,0.0,regular,0,0,0,0,0,0,1,ZERO_VOL,147.9
2026-03-25 10:01:18.600553,10:01,25,3,2026,2,5,23295.65,23295.65,23295.65,23295.65,0.0,23295.65,0.0,0.0,23295.65,1.0,0.0,0.0,0.0,regular,0,0,0,0,0,0,1,ZERO_VOL,128.2
2026-03-25 10:01:18.656763,10:01,25,3,2026,2,5,23290.35,23290.35,23290.35,23290.35,0.0,23290.35,0.0,0.0,23290.35,1.0,0.0,0.0,0.0,regular,0,0,0,0,0,0,1,ZERO_VOL,55.7
2026-03-25 10:01:18.801515,10:01,25,3,2026,2,5,23292.35,23292.35,23292.35,23292.35,0.0,23292.35,0.0,0.0,23292.35,1.0,0.0,0.0,0.0,regular,0,0,0,0,0,0,1,ZERO_VOL,144.2
2026-03-25 10:01:18.866751,10:01,25,3,2026,2,5,23290.35,23290.35,23290.35,23290.35,0.0,23290.35,0.0,0.0,23290.35,1.0,0.0,0.0,0.0,regular,0,0,0,0,0,0,1,ZERO_VOL,64.7
2026-03-25 10:01:18.948713,10:01,25,3,2026,2,5,23295.65,23295.65,23295.65,23295.65,0.0,23295.65,0.0,0.0,23295.65,1.0,0.0,0.0,0.0,regular,0,0,0,0,0,0,1,ZERO_VOL,81.5
2026-03-25 10:01:20.949704,10:01,25,3,2026,2,5,23291.0,23291.0,23291.0,23291.0,0.0,23291.0,0.0,0.0,23291.0,1.0,0.0,0.0,0.0,regular,0,0,0,0,0,0,1,ZERO_VOL,63.8
2026-03-25 10:01:21.010551,10:01,25,3,2026,2,5,23295.65,23295.65,23295.65,23295.65,0.0,23295.65,0.0,0.0,23295.65,1.0,0.0,0.0,0.0,regular,0,0,0,0,0,0,1,ZERO_VOL,60.4
2026-03-25 10:01:21.128697,10:01,25,3,2026,2,5,23293.35,23293.35,23293.35,23293.35,0.0,23293.35,0.0,0.0,23293.35,1.0,0.0,0.0,0.0,regular,0,0,0,0,0,0,1,ZERO_VOL,117.6
2026-03-25 10:01:21.186950,10:01,25,3,2026,2,5,23293.35,23293.35,23293.35,23293.35,0.0,23293.35,0.0,0.0,23293.35,1.0,0.0,0.0,0.0,regular,0,0,0,0,0,0,1,ZERO_VOL,57.7
2026-03-25 10:01:21.244180,10:01,25,3,2026,2,5,23290.35,23290.35,23290.35,23290.35,0.0,23290.35,0.0,0.0,23290.35,1.0,0.0,0.0,0.0,regular,0,0,0,0,0,0,1,ZERO_VOL,56.8
2026-03-25 10:01:23.141942,10:01,25,3,2026,2,5,23293.55,23293.55,23293.55,23293.55,0.0,23293.55,0.0,0.0,23293.55,1.0,0.0,0.0,0.0,regular,0,0,0,0,0,0,1,ZERO_VOL,115.9
2026-03-25 10:01:23.233809,10:01,25,3,2026,2,5,23294.95,23294.95,23294.95,23294.95,0.0,23294.95,0.0,0.0,23294.95,1.0,0.0,0.0,0.0,regular,0,0,0,0,0,0,1,ZERO_VOL,91.3
2026-03-25 10:01:23.292424,10:01,25,3,2026,2,5,23291.0,23291.0,23291.0,23291.0,0.0,23291.0,0.0,0.0,23291.0,1.0,0.0,0.0,0.0,regular,0,0,0,0,0,0,1,ZERO_VOL,58.1
2026-03-25 10:01:23.382346,10:01,25,3,2026,2,5,23294.95,23294.95,23294.95,23294.95,0.0,23294.95,0.0,0.0,23294.95,1.0,0.0,0.0,0.0,regular,0,0,0,0,0,0,1,ZERO_VOL,89.5
2026-03-25 10:01:23.466920,10:01,25,3,2026,2,5,23290.35,23290.35,23290.35,23290.35,0.0,23290.35,0.0,0.0,23290.35,1.0,0.0,0.0,0.0,regular,0,0,0,0,0,0,1,ZERO_VOL,84.0
2026-03-25 10:01:25.551753,10:01,25,3,2026,2,5,23291.5,23291.5,23291.5,23291.5,0.0,23291.5,0.0,0.0,23291.5,1.0,0.0,0.0,0.0,regular,0,0,0,0,0,0,1,ZERO_VOL,74.8
2026-03-25 10:01:25.646643,10:01,25,3,2026,2,5,23291.5,23291.5,23291.5,23291.5,0.0,23291.5,0.0,0.0,23291.5,1.0,0.0,0.0,0.0,regular,0,0,0,0,0,0,1,ZERO_VOL,94.4
2026-03-25 10:01:25.704648,10:01,25,3,2026,2,5,23294.95,23294.95,23294.95,23294.95,0.0,23294.95,0.0,0.0,23294.95,1.0,0.0,0.0,0.0,regular,0,0,0,0,0,0,1,ZERO_VOL,57.5
2026-03-25 10:01:25.765588,10:01,25,3,2026,2,5,23291.5,23291.5,23291.5,23291.5,0.0,23291.5,0.0,0.0,23291.5,1.0,0.0,0.0,0.0,regular,0,0,0,0,0,0,1,ZERO_VOL,60.4
2026-03-25 10:01:25.859856,10:01,25,3,2026,2,5,23291.5,23291.5,23291.5,23291.5,0.0,23291.5,0.0,0.0,23291.5,1.0,0.0,0.0,0.0,regular,0,0,0,0,0,0,1,ZERO_VOL,93.7
2026-03-25 10:01:27.785956,10:01,25,3,2026,2,5,23291.5,23291.5,23291.5,23291.5,0.0,23291.5,0.0,0.0,23291.5,1.0,0.0,0.0,0.0,regular,0,0,0,0,0,0,1,ZERO_VOL,56.1
2026-03-25 10:01:27.910487,10:01,25,3,2026,2,5,23291.3,23291.3,23291.3,23291.3,0.0,23291.3,0.0,0.0,23291.3,1.0,0.0,0.0,0.0,regular,0,0,0,0,0,0,1,ZERO_VOL,124.0
2026-03-25 10:01:28.003038,10:01,25,3,2026,2,5,23291.3,23291.3,23291.3,23291.3,0.0,23291.3,0.0,0.0,23291.3,1.0,0.0,0.0,0.0,regular,0,0,0,0,0,0,1,ZERO_VOL,92.0
2026-03-25 10:01:28.150474,10:01,25,3,2026,2,5,23290.8,23290.8,23290.8,23290.8,0.0,23290.8,0.0,0.0,23290.8,1.0,0.0,0.0,0.0,regular,0,0,0,0,0,0,1,ZERO_VOL,146.9
2026-03-25 10:01:28.245641,10:01,25,3,2026,2,5,23290.7,23290.7,23290.7,23290.7,0.0,23290.7,0.0,0.0,23290.7,1.0,0.0,0.0,0.0,regular,0,0,0,0,0,0,1,ZERO_VOL,94.7
2026-03-25 10:01:30.045078,10:01,25,3,2026,2,5,23289.8,23289.8,23289.8,23289.8,0.0,23289.8,0.0,0.0,23289.8,1.0,0.0,0.0,0.0,regular,0,0,0,0,0,0,1,ZERO_VOL,84.1
2026-03-25 10:01:30.145036,10:01,25,3,2026,2,5,23289.8,23289.8,23289.8,23289.8,0.0,23289.8,0.0,0.0,23289.8,1.0,0.0,0.0,0.0,regular,0,0,0,0,0,0,1,ZERO_VOL,99.5
2026-03-25 10:01:30.240856,10:01,25,3,2026,2,5,23287.9,23287.9,23287.9,23287.9,0.0,23287.9,0.0,0.0,23287.9,1.0,0.0,0.0,0.0,regular,0,0,0,0,0,0,1,ZERO_VOL,95.3
2026-03-25 10:01:30.298792,10:01,25,3,2026,2,5,23290.7,23290.7,23290.7,23290.7,0.0,23290.7,0.0,0.0,23290.7,1.0,0.0,0.0,0.0,regular,0,0,0,0,0,0,1,ZERO_VOL,57.4
2026-03-25 10:01:30.354658,10:01,25,3,2026,2,5,23294.95,23294.95,23294.95,23294.95,0.0,23294.95,0.0,0.0,23294.95,1.0,0.0,0.0,0.0,regular,0,0,0,0,0,0,1,ZERO_VOL,55.4
2026-03-25 10:01:32.316717,10:01,25,3,2026,2,5,23289.25,23289.25,23289.25,23289.25,0.0,23289.25,0.0,0.0,23289.25,1.0,0.0,0.0,0.0,regular,0,0,0,0,0,0,1,ZERO_VOL,95.6
2026-03-25 10:01:32.381274,10:01,25,3,2026,2,5,23289.8,23289.8,23289.8,23289.8,0.0,23289.8,0.0,0.0,23289.8,1.0,0.0,0.0,0.0,regular,0,0,0,0,0,0,1,ZERO_VOL,64.0
2026-03-25 10:01:32.520187,10:01,25,3,2026,2,5,23286.85,23286.85,23286.85,23286.85,0.0,23286.85,0.0,0.0,23286.85,1.0,0.0,0.0,0.0,regular,0,0,0,0,0,0,1,ZERO_VOL,138.4
2026-03-25 10:01:32.689050,10:01,25,3,2026,2,5,23288.15,23288.15,23288.15,23288.15,0.0,23288.15,0.0,0.0,23288.15,1.0,0.0,0.0,0.0,regular,0,0,0,0,0,0,1,ZERO_VOL,168.4
2026-03-25 10:01:32.830891,10:01,25,3,2026,2,5,23288.15,23288.15,23288.15,23288.15,0.0,23288.15,0.0,0.0,23288.15,1.0,0.0,0.0,0.0,regular,0,0,0,0,0,0,1,ZERO_VOL,141.4
2026-03-25 10:01:34.821595,10:01,25,3,2026,2,5,23289.8,23289.8,23289.8,23289.8,0.0,23289.8,0.0,0.0,23289.8,1.0,0.0,0.0,0.0,regular,0,0,0,0,0,0,1,ZERO_VOL,79.1
2026-03-25 10:01:34.947385,10:01,25,3,2026,2,5,23287.5,23287.5,23287.5,23287.5,0.0,23287.5,0.0,0.0,23287.5,1.0,0.0,0.0,0.0,regular,0,0,0,0,0,0,1,ZERO_VOL,125.3
2026-03-25 10:01:35.044794,10:01,25,3,2026,2,5,23288.55,23288.55,23288.55,23288.55,0.0,23288.55,0.0,0.0,23288.55,1.0,0.0,0.0,0.0,regular,0,0,0,0,0,0,1,ZERO_VOL,96.9
2026-03-25 10:01:35.105326,10:01,25,3,2026,2,5,23291.3,23291.3,23291.3,23291.3,0.0,23291.3,0.0,0.0,23291.3,1.0,0.0,0.0,0.0,regular,0,0,0,0,0,0,1,ZERO_VOL,60.0
2026-03-25 10:01:35.219783,10:01,25,3,2026,2,5,23287.5,23287.5,23287.5,23287.5,0.0,23287.5,0.0,0.0,23287.5,1.0,0.0,0.0,0.0,regular,0,0,0,0,0,0,1,ZERO_VOL,113.9
2026-03-25 10:01:36.845838,10:01,25,3,2026,2,5,23288.15,23288.15,23288.15,23288.15,0.0,23288.15,0.0,0.0,23288.15,1.0,0.0,0.0,0.0,regular,0,0,0,0,0,0,1,ZERO_VOL,59.9
2026-03-25 10:01:36.932825,10:01,25,3,2026,2,5,23286.15,23286.15,23286.15,23286.15,0.0,23286.15,0.0,0.0,23286.15,1.0,0.0,0.0,0.0,regular,0,0,0,0,0,0,1,ZERO_VOL,86.4
2026-03-25 10:01:37.042800,10:01,25,3,2026,2,5,23286.15,23286.15,23286.15,23286.15,0.0,23286.15,0.0,0.0,23286.15,1.0,0.0,0.0,0.0,regular,0,0,0,0,0,0,1,ZERO_VOL,109.5
2026-03-25 10:01:37.157635,10:01,25,3,2026,2,5,23288.6,23288.6,23288.6,23288.6,0.0,23288.6,0.0,0.0,23288.6,1.0,0.0,0.0,0.0,regular,0,0,0,0,0,0,1,ZERO_VOL,114.3
2026-03-25 10:01:37.337885,10:01,25,3,2026,2,5,23286.7,23286.7,23286.7,23286.7,0.0,23286.7,0.0,0.0,23286.7,1.0,0.0,0.0,0.0,regular,0,0,0,0,0,0,1,ZERO_VOL,179.8
2026-03-25 10:01:39.246410,10:01,25,3,2026,2,5,23286.7,23286.7,23286.7,23286.7,0.0,23286.7,0.0,0.0,23286.7,1.0,0.0,0.0,0.0,regular,0,0,0,0,0,0,1,ZERO_VOL,79.9
2026-03-25 10:01:39.300286,10:01,25,3,2026,2,5,23289.8,23289.8,23289.8,23289.8,0.0,23289.8,0.0,0.0,23289.8,1.0,0.0,0.0,0.0,regular,0,0,0,0,0,0,1,ZERO_VOL,53.4
2026-03-25 10:01:39.353770,10:01,25,3,2026,2,5,23289.8,23289.8,23289.8,23289.8,0.0,23289.8,0.0,0.0,23289.8,1.0,0.0,0.0,0.0,regular,0,0,0,0,0,0,1,ZERO_VOL,52.9
2026-03-25 10:01:39.543984,10:01,25,3,2026,2,5,23286.7,23286.7,23286.7,23286.7,0.0,23286.7,0.0,0.0,23286.7,1.0,0.0,0.0,0.0,regular,0,0,0,0,0,0,1,ZERO_VOL,189.7
2026-03-25 10:01:39.734157,10:01,25,3,2026,2,5,23286.1,23286.1,23286.1,23286.1,0.0,23286.1,0.0,0.0,23286.1,1.0,0.0,0.0,0.0,regular,0,0,0,0,0,0,1,ZERO_VOL,189.6
2026-03-25 10:01:41.492284,10:01,25,3,2026,2,5,23287.5,23287.5,23287.5,23287.5,0.0,23287.5,0.0,0.0,23287.5,1.0,0.0,0.0,0.0,regular,0,0,0,0,0,0,1,ZERO_VOL,56.7
2026-03-25 10:01:41.545763,10:01,25,3,2026,2,5,23289.25,23289.25,23289.25,23289.25,0.0,23289.25,0.0,0.0,23289.25,1.0,0.0,0.0,0.0,regular,0,0,0,0,0,0,1,ZERO_VOL,53.0
2026-03-25 10:01:41.601168,10:01,25,3,2026,2,5,23286.1,23286.1,23286.1,23286.1,0.0,23286.1,0.0,0.0,23286.1,1.0,0.0,0.0,0.0,regular,0,0,0,0,0,0,1,ZERO_VOL,54.9
2026-03-25 10:01:41.697977,10:01,25,3,2026,2,5,23286.95,23286.95,23286.95,23286.95,0.0,23286.95,0.0,0.0,23286.95,1.0,0.0,0.0,0.0,regular,0,0,0,0,0,0,1,ZERO_VOL,96.3
2026-03-25 10:01:41.813900,10:01,25,3,2026,2,5,23287.45,23287.45,23287.45,23287.45,0.0,23287.45,0.0,0.0,23287.45,1.0,0.0,0.0,0.0,regular,0,0,0,0,0,0,1,ZERO_VOL,115.4
2026-03-25 10:01:44.289780,10:01,25,3,2026,2,5,23287.25,23287.25,23287.25,23287.25,0.0,23287.25,0.0,0.0,23287.25,1.0,0.0,0.0,0.0,regular,0,0,0,0,0,0,1,ZERO_VOL,179.9
2026-03-25 10:01:44.410420,10:01,25,3,2026,2,5,23287.25,23287.25,23287.25,23287.25,0.0,23287.25,0.0,0.0,23287.25,1.0,0.0,0.0,0.0,regular,0,0,0,0,0,0,1,ZERO_VOL,120.2
2026-03-25 10:01:44.582561,10:01,25,3,2026,2,5,23287.25,23287.25,23287.25,23287.25,0.0,23287.25,0.0,0.0,23287.25,1.0,0.0,0.0,0.0,regular,0,0,0,0,0,0,1,ZERO_VOL,171.6
2026-03-25 10:01:44.760979,10:01,25,3,2026,2,5,23285.55,23285.55,23285.55,23285.55,0.0,23285.55,0.0,0.0,23285.55,1.0,0.0,0.0,0.0,regular,0,0,0,0,0,0,1,ZERO_VOL,176.6
2026-03-25 10:01:44.817053,10:01,25,3,2026,2,5,23287.25,23287.25,23287.25,23287.25,0.0,23287.25,0.0,0.0,23287.25,1.0,0.0,0.0,0.0,regular,0,0,0,0,0,0,1,ZERO_VOL,55.6
2026-03-25 10:01:46.539234,10:01,25,3,2026,2,5,23285.55,23285.55,23285.55,23285.55,0.0,23285.55,0.0,0.0,23285.55,1.0,0.0,0.0,0.0,regular,0,0,0,0,0,0,1,ZERO_VOL,61.0
2026-03-25 10:01:46.699905,10:01,25,3,2026,2,5,23287.95,23287.95,23287.95,23287.95,0.0,23287.95,0.0,0.0,23287.95,1.0,0.0,0.0,0.0,regular,0,0,0,0,0,0,1,ZERO_VOL,160.0
2026-03-25 10:01:46.850242,10:01,25,3,2026,2,5,23287.65,23287.65,23287.65,23287.65,0.0,23287.65,0.0,0.0,23287.65,1.0,0.0,0.0,0.0,regular,0,0,0,0,0,0,1,ZERO_VOL,149.8
2026-03-25 10:01:46.938315,10:01,25,3,2026,2,5,23286.15,23286.15,23286.15,23286.15,0.0,23286.15,0.0,0.0,23286.15,1.0,0.0,0.0,0.0,regular,0,0,0,0,0,0,1,ZERO_VOL,87.6
2026-03-25 10:01:46.992346,10:01,25,3,2026,2,5,23286.1,23286.1,23286.1,23286.1,0.0,23286.1,0.0,0.0,23286.1,1.0,0.0,0.0,0.0,regular,0,0,0,0,0,0,1,ZERO_VOL,53.5
2026-03-25 10:01:49.145683,10:01,25,3,2026,2,5,23287.25,23287.25,23287.25,23287.25,0.0,23287.25,0.0,0.0,23287.25,1.0,0.0,0.0,0.0,regular,0,0,0,0,0,0,1,ZERO_VOL,52.6
2026-03-25 10:01:49.214959,10:01,25,3,2026,2,5,23286.7,23286.7,23286.7,23286.7,0.0,23286.7,0.0,0.0,23286.7,1.0,0.0,0.0,0.0,regular,0,0,0,0,0,0,1,ZERO_VOL,68.8
2026-03-25 10:01:49.394729,10:01,25,3,2026,2,5,23288.25,23288.25,23288.25,23288.25,0.0,23288.25,0.0,0.0,23288.25,1.0,0.0,0.0,0.0,regular,0,0,0,0,0,0,1,ZERO_VOL,178.9
2026-03-25 10:01:49.489455,10:01,25,3,2026,2,5,23291.35,23291.35,23291.35,23291.35,0.0,23291.35,0.0,0.0,23291.35,1.0,0.0,0.0,0.0,regular,0,0,0,0,0,0,1,ZERO_VOL,94.1
2026-03-25 10:01:49.586677,10:01,25,3,2026,2,5,23291.35,23291.35,23291.35,23291.35,0.0,23291.35,0.0,0.0,23291.35,1.0,0.0,0.0,0.0,regular,0,0,0,0,0,0,1,ZERO_VOL,96.7
2026-03-25 10:01:51.224835,10:01,25,3,2026,2,5,23286.95,23286.95,23286.95,23286.95,0.0,23286.95,0.0,0.0,23286.95,1.0,0.0,0.0,0.0,regular,0,0,0,0,0,0,1,ZERO_VOL,53.3
2026-03-25 10:01:51.284865,10:01,25,3,2026,2,5,23287.25,23287.25,23287.25,23287.25,0.0,23287.25,0.0,0.0,23287.25,1.0,0.0,0.0,0.0,regular,0,0,0,0,0,0,1,ZERO_VOL,59.5
2026-03-25 10:01:51.430066,10:01,25,3,2026,2,5,23289.95,23289.95,23289.95,23289.95,0.0,23289.95,0.0,0.0,23289.95,1.0,0.0,0.0,0.0,regular,0,0,0,0,0,0,1,ZERO_VOL,144.7
2026-03-25 10:01:51.587276,10:01,25,3,2026,2,5,23291.65,23291.65,23291.65,23291.65,0.0,23291.65,0.0,0.0,23291.65,1.0,0.0,0.0,0.0,regular,0,0,0,0,0,0,1,ZERO_VOL,156.7
2026-03-25 10:01:51.761504,10:01,25,3,2026,2,5,23289.9,23289.9,23289.9,23289.9,0.0,23289.9,0.0,0.0,23289.9,1.0,0.0,0.0,0.0,regular,0,0,0,0,0,0,1,ZERO_VOL,173.8
2026-03-25 10:01:53.582261,10:01,25,3,2026,2,5,23293.05,23293.05,23293.05,23293.05,0.0,23293.05,0.0,0.0,23293.05,1.0,0.0,0.0,0.0,regular,0,0,0,0,0,0,1,ZERO_VOL,150.5
2026-03-25 10:01:53.677710,10:01,25,3,2026,2,5,23292.05,23292.05,23292.05,23292.05,0.0,23292.05,0.0,0.0,23292.05,1.0,0.0,0.0,0.0,regular,0,0,0,0,0,0,1,ZERO_VOL,95.0
2026-03-25 10:01:53.783165,10:01,25,3,2026,2,5,23292.05,23292.05,23292.05,23292.05,0.0,23292.05,0.0,0.0,23292.05,1.0,0.0,0.0,0.0,regular,0,0,0,0,0,0,1,ZERO_VOL,104.9
2026-03-25 10:01:53.953324,10:01,25,3,2026,2,5,23292.05,23292.05,23292.05,23292.05,0.0,23292.05,0.0,0.0,23292.05,1.0,0.0,0.0,0.0,regular,0,0,0,0,0,0,1,ZERO_VOL,169.7
2026-03-25 10:01:54.040571,10:01,25,3,2026,2,5,23292.05,23292.05,23292.05,23292.05,0.0,23292.05,0.0,0.0,23292.05,1.0,0.0,0.0,0.0,regular,0,0,0,0,0,0,1,ZERO_VOL,86.7
2026-03-25 10:01:55.722129,10:01,25,3,2026,2,5,23289.7,23289.7,23289.7,23289.7,0.0,23289.7,0.0,0.0,23289.7,1.0,0.0,0.0,0.0,regular,0,0,0,0,0,0,1,ZERO_VOL,92.2
2026-03-25 10:01:55.893261,10:01,25,3,2026,2,5,23289.7,23289.7,23289.7,23289.7,0.0,23289.7,0.0,0.0,23289.7,1.0,0.0,0.0,0.0,regular,0,0,0,0,0,0,1,ZERO_VOL,170.6
2026-03-25 10:01:55.982619,10:01,25,3,2026,2,5,23289.7,23289.7,23289.7,23289.7,0.0,23289.7,0.0,0.0,23289.7,1.0,0.0,0.0,0.0,regular,0,0,0,0,0,0,1,ZERO_VOL,88.8
2026-03-25 10:01:56.043235,10:01,25,3,2026,2,5,23292.05,23292.05,23292.05,23292.05,0.0,23292.05,0.0,0.0,23292.05,1.0,0.0,0.0,0.0,regular,0,0,0,0,0,0,1,ZERO_VOL,60.1
2026-03-25 10:01:56.160124,10:01,25,3,2026,2,5,23290.9,23290.9,23290.9,23290.9,0.0,23290.9,0.0,0.0,23290.9,1.0,0.0,0.0,0.0,regular,0,0,0,0,0,0,1,ZERO_VOL,116.4
2026-03-25 10:01:58.049811,10:01,25,3,2026,2,5,23292.35,23292.35,23292.35,23292.35,0.0,23292.35,0.0,0.0,23292.35,1.0,0.0,0.0,0.0,regular,0,0,0,0,0,0,1,ZERO_VOL,89.7
2026-03-25 10:01:58.147563,10:01,25,3,2026,2,5,23292.35,23292.35,23292.35,23292.35,0.0,23292.35,0.0,0.0,23292.35,1.0,0.0,0.0,0.0,regular,0,0,0,0,0,0,1,ZERO_VOL,97.3
2026-03-25 10:01:58.275122,10:01,25,3,2026,2,5,23291.9,23291.9,23291.9,23291.9,0.0,23291.9,0.0,0.0,23291.9,1.0,0.0,0.0,0.0,regular,0,0,0,0,0,0,1,ZERO_VOL,127.1
2026-03-25 10:01:58.425629,10:01,25,3,2026,2,5,23291.5,23291.5,23291.5,23291.5,0.0,23291.5,0.0,0.0,23291.5,1.0,0.0,0.0,0.0,regular,0,0,0,0,0,0,1,ZERO_VOL,150.0
2026-03-25 10:01:58.481400,10:01,25,3,2026,2,5,23292.35,23292.35,23292.35,23292.35,0.0,23292.35,0.0,0.0,23292.35,1.0,0.0,0.0,0.0,regular,0,0,0,0,0,0,1,ZERO_VOL,55.3
2026-03-25 10:02:03.505911,10:02,25,3,2026,2,5,23291.5,23291.5,23291.5,23291.5,0.0,23291.5,0.0,0.0,23291.5,1.0,0.0,0.0,0.0,regular,0,0,0,0,0,0,1,ZERO_VOL,57.6
2026-03-25 10:02:03.666874,10:02,25,3,2026,2,5,23292.25,23292.25,23292.25,23292.25,0.0,23292.25,0.0,0.0,23292.25,1.0,0.0,0.0,0.0,regular,0,0,0,0,0,0,1,ZERO_VOL,160.4
2026-03-25 10:02:03.781453,10:02,25,3,2026,2,5,23292.25,23292.25,23292.25,23292.25,0.0,23292.25,0.0,0.0,23292.25,1.0,0.0,0.0,0.0,regular,0,0,0,0,0,0,1,ZERO_VOL,114.0
2026-03-25 10:02:03.928416,10:02,25,3,2026,2,5,23292.35,23292.35,23292.35,23292.35,0.0,23292.35,0.0,0.0,23292.35,1.0,0.0,0.0,0.0,regular,0,0,0,0,0,0,1,ZERO_VOL,146.5
2026-03-25 10:02:04.025159,10:02,25,3,2026,2,5,23292.25,23292.25,23292.25,23292.25,0.0,23292.25,0.0,0.0,23292.25,1.0,0.0,0.0,0.0,regular,0,0,0,0,0,0,1,ZERO_VOL,96.2
2026-03-25 10:02:05.537281,10:02,25,3,2026,2,5,23289.7,23289.7,23289.7,23289.7,0.0,23289.7,0.0,0.0,23289.7,1.0,0.0,0.0,0.0,regular,0,0,0,0,0,0,1,ZERO_VOL,56.6
2026-03-25 10:02:05.682755,10:02,25,3,2026,2,5,23295.4,23295.4,23295.4,23295.4,0.0,23295.4,0.0,0.0,23295.4,1.0,0.0,0.0,0.0,regular,0,0,0,0,0,0,1,ZERO_VOL,144.9
2026-03-25 10:02:05.780043,10:02,25,3,2026,2,5,23294.2,23294.2,23294.2,23294.2,0.0,23294.2,0.0,0.0,23294.2,1.0,0.0,0.0,0.0,regular,0,0,0,0,0,0,1,ZERO_VOL,96.6
2026-03-25 10:02:05.939450,10:02,25,3,2026,2,5,23294.2,23294.2,23294.2,23294.2,0.0,23294.2,0.0,0.0,23294.2,1.0,0.0,0.0,0.0,regular,0,0,0,0,0,0,1,ZERO_VOL,158.9
2026-03-25 10:02:06.117090,10:02,25,3,2026,2,5,23295.4,23295.4,23295.4,23295.4,0.0,23295.4,0.0,0.0,23295.4,1.0,0.0,0.0,0.0,regular,0,0,0,0,0,0,1,ZERO_VOL,177.1
2026-03-25 10:02:07.804738,10:02,25,3,2026,2,5,23296.55,23296.55,23296.55,23296.55,0.0,23296.55,0.0,0.0,23296.55,1.0,0.0,0.0,0.0,regular,0,0,0,0,0,0,1,ZERO_VOL,168.4
2026-03-25 10:02:07.858389,10:02,25,3,2026,2,5,23292.35,23292.35,23292.35,23292.35,0.0,23292.35,0.0,0.0,23292.35,1.0,0.0,0.0,0.0,regular,0,0,0,0,0,0,1,ZERO_VOL,53.2
2026-03-25 10:02:07.949445,10:02,25,3,2026,2,5,23295.3,23295.3,23295.3,23295.3,0.0,23295.3,0.0,0.0,23295.3,1.0,0.0,0.0,0.0,regular,0,0,0,0,0,0,1,ZERO_VOL,90.4
2026-03-25 10:02:08.009899,10:02,25,3,2026,2,5,23292.35,23292.35,23292.35,23292.35,0.0,23292.35,0.0,0.0,23292.35,1.0,0.0,0.0,0.0,regular,0,0,0,0,0,0,1,ZERO_VOL,59.9
2026-03-25 10:02:08.141672,10:02,25,3,2026,2,5,23296.55,23296.55,23296.55,23296.55,0.0,23296.55,0.0,0.0,23296.55,1.0,0.0,0.0,0.0,regular,0,0,0,0,0,0,1,ZERO_VOL,131.3
2026-03-25 10:02:09.862514,10:02,25,3,2026,2,5,23296.55,23296.55,23296.55,23296.55,0.0,23296.55,0.0,0.0,23296.55,1.0,0.0,0.0,0.0,regular,0,0,0,0,0,0,1,ZERO_VOL,61.1
2026-03-25 10:02:09.926783,10:02,25,3,2026,2,5,23295.3,23295.3,23295.3,23295.3,0.0,23295.3,0.0,0.0,23295.3,1.0,0.0,0.0,0.0,regular,0,0,0,0,0,0,1,ZERO_VOL,63.7
2026-03-25 10:02:10.091835,10:02,25,3,2026,2,5,23295.7,23295.7,23295.7,23295.7,0.0,23295.7,0.0,0.0,23295.7,1.0,0.0,0.0,0.0,regular,0,0,0,0,0,0,1,ZERO_VOL,164.5
2026-03-25 10:02:10.208856,10:02,25,3,2026,2,5,23295.55,23295.55,23295.55,23295.55,0.0,23295.55,0.0,0.0,23295.55,1.0,0.0,0.0,0.0,regular,0,0,0,0,0,0,1,ZERO_VOL,116.5
2026-03-25 10:02:10.297060,10:02,25,3,2026,2,5,23296.0,23296.0,23296.0,23296.0,0.0,23296.0,0.0,0.0,23296.0,1.0,0.0,0.0,0.0,regular,0,0,0,0,0,0,1,ZERO_VOL,87.7
2026-03-25 10:02:12.108578,10:02,25,3,2026,2,5,23296.7,23296.7,23296.7,23296.7,0.0,23296.7,0.0,0.0,23296.7,1.0,0.0,0.0,0.0,regular,0,0,0,0,0,0,1,ZERO_VOL,95.7
2026-03-25 10:02:12.266206,10:02,25,3,2026,2,5,23294.55,23294.55,23294.55,23294.55,0.0,23294.55,0.0,0.0,23294.55,1.0,0.0,0.0,0.0,regular,0,0,0,0,0,0,1,ZERO_VOL,157.1
2026-03-25 10:02:12.705977,10:02,25,3,2026,2,5,23294.55,23294.55,23294.55,23294.55,0.0,23294.55,0.0,0.0,23294.55,1.0,0.0,0.0,0.0,regular,0,0,0,0,0,0,1,ZERO_VOL,439.2
2026-03-25 10:02:12.852080,10:02,25,3,2026,2,5,23292.35,23292.35,23292.35,23292.35,0.0,23292.35,0.0,0.0,23292.35,1.0,0.0,0.0,0.0,regular,0,0,0,0,0,0,1,ZERO_VOL,145.6
2026-03-25 10:02:13.003814,10:02,25,3,2026,2,5,23292.35,23292.35,23292.35,23292.35,0.0,23292.35,0.0,0.0,23292.35,1.0,0.0,0.0,0.0,regular,0,0,0,0,0,0,1,ZERO_VOL,151.2
2026-03-25 10:02:14.897859,10:02,25,3,2026,2,5,23292.85,23292.85,23292.85,23292.85,0.0,23292.85,0.0,0.0,23292.85,1.0,0.0,0.0,0.0,regular,0,0,0,0,0,0,1,ZERO_VOL,166.9
2026-03-25 10:02:15.003837,10:02,25,3,2026,2,5,23292.85,23292.85,23292.85,23292.85,0.0,23292.85,0.0,0.0,23292.85,1.0,0.0,0.0,0.0,regular,0,0,0,0,0,0,1,ZERO_VOL,105.4
2026-03-25 10:02:15.080552,10:02,25,3,2026,2,5,23292.85,23292.85,23292.85,23292.85,0.0,23292.85,0.0,0.0,23292.85,1.0,0.0,0.0,0.0,regular,0,0,0,0,0,0,1,ZERO_VOL,76.1
2026-03-25 10:02:15.151029,10:02,25,3,2026,2,5,23296.55,23296.55,23296.55,23296.55,0.0,23296.55,0.0,0.0,23296.55,1.0,0.0,0.0,0.0,regular,0,0,0,0,0,0,1,ZERO_VOL,70.0
2026-03-25 10:02:15.251444,10:02,25,3,2026,2,5,23292.85,23292.85,23292.85,23292.85,0.0,23292.85,0.0,0.0,23292.85,1.0,0.0,0.0,0.0,regular,0,0,0,0,0,0,1,ZERO_VOL,99.9
2026-03-25 10:02:17.072725,10:02,25,3,2026,2,5,23291.75,23291.75,23291.75,23291.75,0.0,23291.75,0.0,0.0,23291.75,1.0,0.0,0.0,0.0,regular,0,0,0,0,0,0,1,ZERO_VOL,188.2
2026-03-25 10:02:17.158585,10:02,25,3,2026,2,5,23297.75,23297.75,23297.75,23297.75,0.0,23297.75,0.0,0.0,23297.75,1.0,0.0,0.0,0.0,regular,0,0,0,0,0,0,1,ZERO_VOL,85.3
2026-03-25 10:02:17.255339,10:02,25,3,2026,2,5,23294.55,23294.55,23294.55,23294.55,0.0,23294.55,0.0,0.0,23294.55,1.0,0.0,0.0,0.0,regular,0,0,0,0,0,0,1,ZERO_VOL,96.2
2026-03-25 10:02:17.333357,10:02,25,3,2026,2,5,23294.55,23294.55,23294.55,23294.55,0.0,23294.55,0.0,0.0,23294.55,1.0,0.0,0.0,0.0,regular,0,0,0,0,0,0,1,ZERO_VOL,77.5
2026-03-25 10:02:17.388953,10:02,25,3,2026,2,5,23294.55,23294.55,23294.55,23294.55,0.0,23294.55,0.0,0.0,23294.55,1.0,0.0,0.0,0.0,regular,0,0,0,0,0,0,1,ZERO_VOL,55.1
2026-03-25 10:02:19.298864,10:02,25,3,2026,2,5,23293.65,23293.65,23293.65,23293.65,0.0,23293.65,0.0,0.0,23293.65,1.0,0.0,0.0,0.0,regular,0,0,0,0,0,0,1,ZERO_VOL,150.0
2026-03-25 10:02:19.389895,10:02,25,3,2026,2,5,23293.65,23293.65,23293.65,23293.65,0.0,23293.65,0.0,0.0,23293.65,1.0,0.0,0.0,0.0,regular,0,0,0,0,0,0,1,ZERO_VOL,90.5
2026-03-25 10:02:19.539476,10:02,25,3,2026,2,5,23293.6,23293.6,23293.6,23293.6,0.0,23293.6,0.0,0.0,23293.6,1.0,0.0,0.0,0.0,regular,0,0,0,0,0,0,1,ZERO_VOL,149.0
2026-03-25 10:02:19.598348,10:02,25,3,2026,2,5,23292.85,23292.85,23292.85,23292.85,0.0,23292.85,0.0,0.0,23292.85,1.0,0.0,0.0,0.0,regular,0,0,0,0,0,0,1,ZERO_VOL,58.3
2026-03-25 10:02:19.693650,10:02,25,3,2026,2,5,23293.65,23293.65,23293.65,23293.65,0.0,23293.65,0.0,0.0,23293.65,1.0,0.0,0.0,0.0,regular,0,0,0,0,0,0,1,ZERO_VOL,94.6
2026-03-25 10:02:21.469291,10:02,25,3,2026,2,5,23293.65,23293.65,23293.65,23293.65,0.0,23293.65,0.0,0.0,23293.65,1.0,0.0,0.0,0.0,regular,0,0,0,0,0,0,1,ZERO_VOL,59.1
2026-03-25 10:02:21.620459,10:02,25,3,2026,2,5,23299.0,23299.0,23299.0,23299.0,0.0,23299.0,0.0,0.0,23299.0,1.0,0.0,0.0,0.0,regular,0,0,0,0,0,0,1,ZERO_VOL,150.6
2026-03-25 10:02:21.689422,10:02,25,3,2026,2,5,23294.55,23294.55,23294.55,23294.55,0.0,23294.55,0.0,0.0,23294.55,1.0,0.0,0.0,0.0,regular,0,0,0,0,0,0,1,ZERO_VOL,68.4
2026-03-25 10:02:21.861465,10:02,25,3,2026,2,5,23296.95,23296.95,23296.95,23296.95,0.0,23296.95,0.0,0.0,23296.95,1.0,0.0,0.0,0.0,regular,0,0,0,0,0,0,1,ZERO_VOL,171.5
2026-03-25 10:02:21.968134,10:02,25,3,2026,2,5,23295.3,23295.3,23295.3,23295.3,0.0,23295.3,0.0,0.0,23295.3,1.0,0.0,0.0,0.0,regular,0,0,0,0,0,0,1,ZERO_VOL,106.1
2026-03-25 10:02:23.536675,10:02,25,3,2026,2,5,23297.85,23297.85,23297.85,23297.85,0.0,23297.85,0.0,0.0,23297.85,1.0,0.0,0.0,0.0,regular,0,0,0,0,0,0,1,ZERO_VOL,83.8
2026-03-25 10:02:23.616510,10:02,25,3,2026,2,5,23299.0,23299.0,23299.0,23299.0,0.0,23299.0,0.0,0.0,23299.0,1.0,0.0,0.0,0.0,regular,0,0,0,0,0,0,1,ZERO_VOL,79.3
2026-03-25 10:02:23.713533,10:02,25,3,2026,2,5,23297.85,23297.85,23297.85,23297.85,0.0,23297.85,0.0,0.0,23297.85,1.0,0.0,0.0,0.0,regular,0,0,0,0,0,0,1,ZERO_VOL,96.5
2026-03-25 10:02:23.778508,10:02,25,3,2026,2,5,23295.3,23295.3,23295.3,23295.3,0.0,23295.3,0.0,0.0,23295.3,1.0,0.0,0.0,0.0,regular,0,0,0,0,0,0,1,ZERO_VOL,64.4
2026-03-25 10:02:23.841930,10:02,25,3,2026,2,5,23292.85,23292.85,23292.85,23292.85,0.0,23292.85,0.0,0.0,23292.85,1.0,0.0,0.0,0.0,regular,0,0,0,0,0,0,1,ZERO_VOL,62.9
2026-03-25 10:02:25.419303,10:02,25,3,2026,2,5,23299.0,23299.0,23299.0,23299.0,0.0,23299.0,0.0,0.0,23299.0,1.0,0.0,0.0,0.0,regular,0,0,0,0,0,0,1,ZERO_VOL,62.4
2026-03-25 10:02:25.473227,10:02,25,3,2026,2,5,23299.0,23299.0,23299.0,23299.0,0.0,23299.0,0.0,0.0,23299.0,1.0,0.0,0.0,0.0,regular,0,0,0,0,0,0,1,ZERO_VOL,53.4
2026-03-25 10:02:25.563771,10:02,25,3,2026,2,5,23294.1,23294.1,23294.1,23294.1,0.0,23294.1,0.0,0.0,23294.1,1.0,0.0,0.0,0.0,regular,0,0,0,0,0,0,1,ZERO_VOL,90.0
2026-03-25 10:02:25.660350,10:02,25,3,2026,2,5,23294.1,23294.1,23294.1,23294.1,0.0,23294.1,0.0,0.0,23294.1,1.0,0.0,0.0,0.0,regular,0,0,0,0,0,0,1,ZERO_VOL,96.0
2026-03-25 10:02:25.715746,10:02,25,3,2026,2,5,23297.75,23297.75,23297.75,23297.75,0.0,23297.75,0.0,0.0,23297.75,1.0,0.0,0.0,0.0,regular,0,0,0,0,0,0,1,ZERO_VOL,54.8
2026-03-25 10:02:27.486798,10:02,25,3,2026,2,5,23291.95,23291.95,23291.95,23291.95,0.0,23291.95,0.0,0.0,23291.95,1.0,0.0,0.0,0.0,regular,0,0,0,0,0,0,1,ZERO_VOL,113.3
2026-03-25 10:02:27.584800,10:02,25,3,2026,2,5,23292.7,23292.7,23292.7,23292.7,0.0,23292.7,0.0,0.0,23292.7,1.0,0.0,0.0,0.0,regular,0,0,0,0,0,0,1,ZERO_VOL,97.5
2026-03-25 10:02:27.691390,10:02,25,3,2026,2,5,23296.5,23296.5,23296.5,23296.5,0.0,23296.5,0.0,0.0,23296.5,1.0,0.0,0.0,0.0,regular,0,0,0,0,0,0,1,ZERO_VOL,106.0
2026-03-25 10:02:27.765741,10:02,25,3,2026,2,5,23292.7,23292.7,23292.7,23292.7,0.0,23292.7,0.0,0.0,23292.7,1.0,0.0,0.0,0.0,regular,0,0,0,0,0,0,1,ZERO_VOL,73.9
2026-03-25 10:02:27.918176,10:02,25,3,2026,2,5,23294.15,23294.15,23294.15,23294.15,0.0,23294.15,0.0,0.0,23294.15,1.0,0.0,0.0,0.0,regular,0,0,0,0,0,0,1,ZERO_VOL,151.9
2026-03-25 10:02:29.501102,10:02,25,3,2026,2,5,23293.65,23293.65,23293.65,23293.65,0.0,23293.65,0.0,0.0,23293.65,1.0,0.0,0.0,0.0,regular,0,0,0,0,0,0,1,ZERO_VOL,55.6
2026-03-25 10:02:29.557584,10:02,25,3,2026,2,5,23294.15,23294.15,23294.15,23294.15,0.0,23294.15,0.0,0.0,23294.15,1.0,0.0,0.0,0.0,regular,0,0,0,0,0,0,1,ZERO_VOL,56.0
2026-03-25 10:02:29.626265,10:02,25,3,2026,2,5,23293.65,23293.65,23293.65,23293.65,0.0,23293.65,0.0,0.0,23293.65,1.0,0.0,0.0,0.0,regular,0,0,0,0,0,0,1,ZERO_VOL,68.1
2026-03-25 10:02:29.813662,10:02,25,3,2026,2,5,23290.65,23290.65,23290.65,23290.65,0.0,23290.65,0.0,0.0,23290.65,1.0,0.0,0.0,0.0,regular,0,0,0,0,0,0,1,ZERO_VOL,186.9
2026-03-25 10:02:29.900192,10:02,25,3,2026,2,5,23295.3,23295.3,23295.3,23295.3,0.0,23295.3,0.0,0.0,23295.3,1.0,0.0,0.0,0.0,regular,0,0,0,0,0,0,1,ZERO_VOL,85.6
2026-03-25 10:02:31.894749,10:02,25,3,2026,2,5,23286.85,23286.85,23286.85,23286.85,0.0,23286.85,0.0,0.0,23286.85,1.0,0.0,0.0,0.0,regular,0,0,0,0,0,0,1,ZERO_VOL,148.9
2026-03-25 10:02:32.003629,10:02,25,3,2026,2,5,23291.6,23291.6,23291.6,23291.6,0.0,23291.6,0.0,0.0,23291.6,1.0,0.0,0.0,0.0,regular,0,0,0,0,0,0,1,ZERO_VOL,108.3
2026-03-25 10:02:32.115375,10:02,25,3,2026,2,5,23286.85,23286.85,23286.85,23286.85,0.0,23286.85,0.0,0.0,23286.85,1.0,0.0,0.0,0.0,regular,0,0,0,0,0,0,1,ZERO_VOL,111.2
2026-03-25 10:02:32.263542,10:02,25,3,2026,2,5,23286.85,23286.85,23286.85,23286.85,0.0,23286.85,0.0,0.0,23286.85,1.0,0.0,0.0,0.0,regular,0,0,0,0,0,0,1,ZERO_VOL,147.6
2026-03-25 10:02:32.426248,10:02,25,3,2026,2,5,23289.05,23289.05,23289.05,23289.05,0.0,23289.05,0.0,0.0,23289.05,1.0,0.0,0.0,0.0,regular,0,0,0,0,0,0,1,ZERO_VOL,162.1
2026-03-25 10:02:34.211984,10:02,25,3,2026,2,5,23292.7,23292.7,23292.7,23292.7,0.0,23292.7,0.0,0.0,23292.7,1.0,0.0,0.0,0.0,regular,0,0,0,0,0,0,1,ZERO_VOL,60.0
2026-03-25 10:02:34.392313,10:02,25,3,2026,2,5,23286.6,23286.6,23286.6,23286.6,0.0,23286.6,0.0,0.0,23286.6,1.0,0.0,0.0,0.0,regular,0,0,0,0,0,0,1,ZERO_VOL,178.8
2026-03-25 10:02:34.492097,10:02,25,3,2026,2,5,23289.05,23289.05,23289.05,23289.05,0.0,23289.05,0.0,0.0,23289.05,1.0,0.0,0.0,0.0,regular,0,0,0,0,0,0,1,ZERO_VOL,99.2
2026-03-25 10:02:34.548784,10:02,25,3,2026,2,5,23291.95,23291.95,23291.95,23291.95,0.0,23291.95,0.0,0.0,23291.95,1.0,0.0,0.0,0.0,regular,0,0,0,0,0,0,1,ZERO_VOL,56.2
2026-03-25 10:02:34.605946,10:02,25,3,2026,2,5,23286.85,23286.85,23286.85,23286.85,0.0,23286.85,0.0,0.0,23286.85,1.0,0.0,0.0,0.0,regular,0,0,0,0,0,0,1,ZERO_VOL,56.7
2026-03-25 10:02:36.360229,10:02,25,3,2026,2,5,23286.6,23286.6,23286.6,23286.6,0.0,23286.6,0.0,0.0,23286.6,1.0,0.0,0.0,0.0,regular,0,0,0,0,0,0,1,ZERO_VOL,54.6
2026-03-25 10:02:36.448076,10:02,25,3,2026,2,5,23287.95,23287.95,23287.95,23287.95,0.0,23287.95,0.0,0.0,23287.95,1.0,0.0,0.0,0.0,regular,0,0,0,0,0,0,1,ZERO_VOL,87.3
2026-03-25 10:02:36.640257,10:02,25,3,2026,2,5,23285.9,23285.9,23285.9,23285.9,0.0,23285.9,0.0,0.0,23285.9,1.0,0.0,0.0,0.0,regular,0,0,0,0,0,0,1,ZERO_VOL,191.6
2026-03-25 10:02:36.746699,10:02,25,3,2026,2,5,23287.95,23287.95,23287.95,23287.95,0.0,23287.95,0.0,0.0,23287.95,1.0,0.0,0.0,0.0,regular,0,0,0,0,0,0,1,ZERO_VOL,105.8
2026-03-25 10:02:36.805686,10:02,25,3,2026,2,5,23289.05,23289.05,23289.05,23289.05,0.0,23289.05,0.0,0.0,23289.05,1.0,0.0,0.0,0.0,regular,0,0,0,0,0,0,1,ZERO_VOL,58.5
2026-03-25 10:02:38.760284,10:02,25,3,2026,2,5,23286.6,23286.6,23286.6,23286.6,0.0,23286.6,0.0,0.0,23286.6,1.0,0.0,0.0,0.0,regular,0,0,0,0,0,0,1,ZERO_VOL,76.5
2026-03-25 10:02:38.898433,10:02,25,3,2026,2,5,23283.7,23283.7,23283.7,23283.7,0.0,23283.7,0.0,0.0,23283.7,1.0,0.0,0.0,0.0,regular,0,0,0,0,0,0,1,ZERO_VOL,137.6
2026-03-25 10:02:38.960224,10:02,25,3,2026,2,5,23285.9,23285.9,23285.9,23285.9,0.0,23285.9,0.0,0.0,23285.9,1.0,0.0,0.0,0.0,regular,0,0,0,0,0,0,1,ZERO_VOL,61.2
2026-03-25 10:02:39.107936,10:02,25,3,2026,2,5,23282.1,23282.1,23282.1,23282.1,0.0,23282.1,0.0,0.0,23282.1,1.0,0.0,0.0,0.0,regular,0,0,0,0,0,0,1,ZERO_VOL,147.2
2026-03-25 10:02:39.256840,10:02,25,3,2026,2,5,23282.1,23282.1,23282.1,23282.1,0.0,23282.1,0.0,0.0,23282.1,1.0,0.0,0.0,0.0,regular,0,0,0,0,0,0,1,ZERO_VOL,148.4
2026-03-25 10:02:41.255362,10:02,25,3,2026,2,5,23289.05,23289.05,23289.05,23289.05,0.0,23289.05,0.0,0.0,23289.05,1.0,0.0,0.0,0.0,regular,0,0,0,0,0,0,1,ZERO_VOL,59.8
2026-03-25 10:02:41.333389,10:02,25,3,2026,2,5,23286.85,23286.85,23286.85,23286.85,0.0,23286.85,0.0,0.0,23286.85,1.0,0.0,0.0,0.0,regular,0,0,0,0,0,0,1,ZERO_VOL,77.5
2026-03-25 10:02:41.420882,10:02,25,3,2026,2,5,23281.6,23281.6,23281.6,23281.6,0.0,23281.6,0.0,0.0,23281.6,1.0,0.0,0.0,0.0,regular,0,0,0,0,0,0,1,ZERO_VOL,87.0
2026-03-25 10:02:41.565967,10:02,25,3,2026,2,5,23280.1,23280.1,23280.1,23280.1,0.0,23280.1,0.0,0.0,23280.1,1.0,0.0,0.0,0.0,regular,0,0,0,0,0,0,1,ZERO_VOL,144.5
2026-03-25 10:02:41.625224,10:02,25,3,2026,2,5,23286.85,23286.85,23286.85,23286.85,0.0,23286.85,0.0,0.0,23286.85,1.0,0.0,0.0,0.0,regular,0,0,0,0,0,0,1,ZERO_VOL,58.5
2026-03-25 10:02:43.323485,10:02,25,3,2026,2,5,23283.7,23283.7,23283.7,23283.7,0.0,23283.7,0.0,0.0,23283.7,1.0,0.0,0.0,0.0,regular,0,0,0,0,0,0,1,ZERO_VOL,55.6
2026-03-25 10:02:43.419057,10:02,25,3,2026,2,5,23279.95,23279.95,23279.95,23279.95,0.0,23279.95,0.0,0.0,23279.95,1.0,0.0,0.0,0.0,regular,0,0,0,0,0,0,1,ZERO_VOL,95.0
2026-03-25 10:02:43.518667,10:02,25,3,2026,2,5,23287.95,23287.95,23287.95,23287.95,0.0,23287.95,0.0,0.0,23287.95,1.0,0.0,0.0,0.0,regular,0,0,0,0,0,0,1,ZERO_VOL,99.1
2026-03-25 10:02:43.667541,10:02,25,3,2026,2,5,23279.25,23279.25,23279.25,23279.25,0.0,23279.25,0.0,0.0,23279.25,1.0,0.0,0.0,0.0,regular,0,0,0,0,0,0,1,ZERO_VOL,148.3
2026-03-25 10:02:43.843780,10:02,25,3,2026,2,5,23279.95,23279.95,23279.95,23279.95,0.0,23279.95,0.0,0.0,23279.95,1.0,0.0,0.0,0.0,regular,0,0,0,0,0,0,1,ZERO_VOL,175.3
2026-03-25 10:02:45.576913,10:02,25,3,2026,2,5,23278.05,23278.05,23278.05,23278.05,0.0,23278.05,0.0,0.0,23278.05,1.0,0.0,0.0,0.0,regular,0,0,0,0,0,0,1,ZERO_VOL,149.7
2026-03-25 10:02:45.739321,10:02,25,3,2026,2,5,23278.8,23278.8,23278.8,23278.8,0.0,23278.8,0.0,0.0,23278.8,1.0,0.0,0.0,0.0,regular,0,0,0,0,0,0,1,ZERO_VOL,161.9
2026-03-25 10:02:45.836726,10:02,25,3,2026,2,5,23278.8,23278.8,23278.8,23278.8,0.0,23278.8,0.0,0.0,23278.8,1.0,0.0,0.0,0.0,regular,0,0,0,0,0,0,1,ZERO_VOL,95.9
2026-03-25 10:02:46.014399,10:02,25,3,2026,2,5,23277.4,23277.4,23277.4,23277.4,0.0,23277.4,0.0,0.0,23277.4,1.0,0.0,0.0,0.0,regular,0,0,0,0,0,0,1,ZERO_VOL,177.2
2026-03-25 10:02:46.089977,10:02,25,3,2026,2,5,23278.8,23278.8,23278.8,23278.8,0.0,23278.8,0.0,0.0,23278.8,1.0,0.0,0.0,0.0,regular,0,0,0,0,0,0,1,ZERO_VOL,75.1
2026-03-25 10:02:48.154535,10:02,25,3,2026,2,5,23279.95,23279.95,23279.95,23279.95,0.0,23279.95,0.0,0.0,23279.95,1.0,0.0,0.0,0.0,regular,0,0,0,0,0,0,1,ZERO_VOL,63.8
2026-03-25 10:02:48.301374,10:02,25,3,2026,2,5,23277.7,23277.7,23277.7,23277.7,0.0,23277.7,0.0,0.0,23277.7,1.0,0.0,0.0,0.0,regular,0,0,0,0,0,0,1,ZERO_VOL,146.3
2026-03-25 10:02:48.448934,10:02,25,3,2026,2,5,23277.7,23277.7,23277.7,23277.7,0.0,23277.7,0.0,0.0,23277.7,1.0,0.0,0.0,0.0,regular,0,0,0,0,0,0,1,ZERO_VOL,147.0
2026-03-25 10:02:48.504694,10:02,25,3,2026,2,5,23280.1,23280.1,23280.1,23280.1,0.0,23280.1,0.0,0.0,23280.1,1.0,0.0,0.0,0.0,regular,0,0,0,0,0,0,1,ZERO_VOL,55.3
2026-03-25 10:02:48.602019,10:02,25,3,2026,2,5,23280.6,23280.6,23280.6,23280.6,0.0,23280.6,0.0,0.0,23280.6,1.0,0.0,0.0,0.0,regular,0,0,0,0,0,0,1,ZERO_VOL,96.8
2026-03-25 10:02:50.448621,10:02,25,3,2026,2,5,23276.95,23276.95,23276.95,23276.95,0.0,23276.95,0.0,0.0,23276.95,1.0,0.0,0.0,0.0,regular,0,0,0,0,0,0,1,ZERO_VOL,178.8
2026-03-25 10:02:50.616699,10:02,25,3,2026,2,5,23281.4,23281.4,23281.4,23281.4,0.0,23281.4,0.0,0.0,23281.4,1.0,0.0,0.0,0.0,regular,0,0,0,0,0,0,1,ZERO_VOL,167.6
2026-03-25 10:02:50.698709,10:02,25,3,2026,2,5,23281.4,23281.4,23281.4,23281.4,0.0,23281.4,0.0,0.0,23281.4,1.0,0.0,0.0,0.0,regular,0,0,0,0,0,0,1,ZERO_VOL,81.4
2026-03-25 10:02:50.828902,10:02,25,3,2026,2,5,23281.4,23281.4,23281.4,23281.4,0.0,23281.4,0.0,0.0,23281.4,1.0,0.0,0.0,0.0,regular,0,0,0,0,0,0,1,ZERO_VOL,129.7
2026-03-25 10:02:50.962815,10:02,25,3,2026,2,5,23281.4,23281.4,23281.4,23281.4,0.0,23281.4,0.0,0.0,23281.4,1.0,0.0,0.0,0.0,regular,0,0,0,0,0,0,1,ZERO_VOL,133.3
2026-03-25 10:02:53.071715,10:02,25,3,2026,2,5,23278.35,23278.35,23278.35,23278.35,0.0,23278.35,0.0,0.0,23278.35,1.0,0.0,0.0,0.0,regular,0,0,0,0,0,0,1,ZERO_VOL,99.1
2026-03-25 10:02:53.159903,10:02,25,3,2026,2,5,23278.35,23278.35,23278.35,23278.35,0.0,23278.35,0.0,0.0,23278.35,1.0,0.0,0.0,0.0,regular,0,0,0,0,0,0,1,ZERO_VOL,87.5
2026-03-25 10:02:53.280731,10:02,25,3,2026,2,5,23278.0,23278.0,23278.0,23278.0,0.0,23278.0,0.0,0.0,23278.0,1.0,0.0,0.0,0.0,regular,0,0,0,0,0,0,1,ZERO_VOL,120.4
2026-03-25 10:02:53.370661,10:02,25,3,2026,2,5,23279.4,23279.4,23279.4,23279.4,0.0,23279.4,0.0,0.0,23279.4,1.0,0.0,0.0,0.0,regular,0,0,0,0,0,0,1,ZERO_VOL,89.4
2026-03-25 10:02:53.465386,10:02,25,3,2026,2,5,23279.4,23279.4,23279.4,23279.4,0.0,23279.4,0.0,0.0,23279.4,1.0,0.0,0.0,0.0,regular,0,0,0,0,0,0,1,ZERO_VOL,94.2
2026-03-25 10:02:55.282898,10:02,25,3,2026,2,5,23280.15,23280.15,23280.15,23280.15,0.0,23280.15,0.0,0.0,23280.15,1.0,0.0,0.0,0.0,regular,0,0,0,0,0,0,1,ZERO_VOL,145.2
2026-03-25 10:02:55.340751,10:02,25,3,2026,2,5,23277.7,23277.7,23277.7,23277.7,0.0,23277.7,0.0,0.0,23277.7,1.0,0.0,0.0,0.0,regular,0,0,0,0,0,0,1,ZERO_VOL,57.3
2026-03-25 10:02:55.437871,10:02,25,3,2026,2,5,23278.95,23278.95,23278.95,23278.95,0.0,23278.95,0.0,0.0,23278.95,1.0,0.0,0.0,0.0,regular,0,0,0,0,0,0,1,ZERO_VOL,96.5
2026-03-25 10:02:55.607172,10:02,25,3,2026,2,5,23278.95,23278.95,23278.95,23278.95,0.0,23278.95,0.0,0.0,23278.95,1.0,0.0,0.0,0.0,regular,0,0,0,0,0,0,1,ZERO_VOL,168.8
2026-03-25 10:02:55.696347,10:02,25,3,2026,2,5,23278.95,23278.95,23278.95,23278.95,0.0,23278.95,0.0,0.0,23278.95,1.0,0.0,0.0,0.0,regular,0,0,0,0,0,0,1,ZERO_VOL,88.5
2026-03-25 10:02:57.530801,10:02,25,3,2026,2,5,23281.4,23281.4,23281.4,23281.4,0.0,23281.4,0.0,0.0,23281.4,1.0,0.0,0.0,0.0,regular,0,0,0,0,0,0,1,ZERO_VOL,66.3
2026-03-25 10:02:57.586518,10:02,25,3,2026,2,5,23278.95,23278.95,23278.95,23278.95,0.0,23278.95,0.0,0.0,23278.95,1.0,0.0,0.0,0.0,regular,0,0,0,0,0,0,1,ZERO_VOL,55.2
2026-03-25 10:02:57.679688,10:02,25,3,2026,2,5,23280.3,23280.3,23280.3,23280.3,0.0,23280.3,0.0,0.0,23280.3,1.0,0.0,0.0,0.0,regular,0,0,0,0,0,0,1,ZERO_VOL,92.6
2026-03-25 10:02:57.744170,10:02,25,3,2026,2,5,23278.0,23278.0,23278.0,23278.0,0.0,23278.0,0.0,0.0,23278.0,1.0,0.0,0.0,0.0,regular,0,0,0,0,0,0,1,ZERO_VOL,63.8
2026-03-25 10:02:57.862127,10:02,25,3,2026,2,5,23279.55,23279.55,23279.55,23279.55,0.0,23279.55,0.0,0.0,23279.55,1.0,0.0,0.0,0.0,regular,0,0,0,0,0,0,1,ZERO_VOL,117.5
2026-03-25 10:02:59.686973,10:02,25,3,2026,2,5,23281.05,23281.05,23281.05,23281.05,0.0,23281.05,0.0,0.0,23281.05,1.0,0.0,0.0,0.0,regular,0,0,0,0,0,0,1,ZERO_VOL,139.4
2026-03-25 10:02:59.745898,10:02,25,3,2026,2,5,23278.95,23278.95,23278.95,23278.95,0.0,23278.95,0.0,0.0,23278.95,1.0,0.0,0.0,0.0,regular,0,0,0,0,0,0,1,ZERO_VOL,58.4
2026-03-25 10:02:59.848336,10:02,25,3,2026,2,5,23281.05,23281.05,23281.05,23281.05,0.0,23281.05,0.0,0.0,23281.05,1.0,0.0,0.0,0.0,regular,0,0,0,0,0,0,1,ZERO_VOL,101.9
2026-03-25 10:02:59.996469,10:02,25,3,2026,2,5,23278.05,23278.05,23278.05,23278.05,0.0,23278.05,0.0,0.0,23278.05,1.0,0.0,0.0,0.0,regular,0,0,0,0,0,0,1,ZERO_VOL,147.6
2026-03-25 10:03:00.077570,10:03,25,3,2026,2,5,23281.05,23281.05,23281.05,23281.05,0.0,23281.05,0.0,0.0,23281.05,1.0,0.0,0.0,0.0,regular,0,0,0,0,0,0,1,ZERO_VOL,80.6
2026-03-25 10:03:01.996905,10:03,25,3,2026,2,5,23279.65,23279.65,23279.65,23279.65,0.0,23279.65,0.0,0.0,23279.65,1.0,0.0,0.0,0.0,regular,0,0,0,0,0,0,1,ZERO_VOL,119.3
2026-03-25 10:03:02.062249,10:03,25,3,2026,2,5,23278.95,23278.95,23278.95,23278.95,0.0,23278.95,0.0,0.0,23278.95,1.0,0.0,0.0,0.0,regular,0,0,0,0,0,0,1,ZERO_VOL,64.8
2026-03-25 10:03:02.243182,10:03,25,3,2026,2,5,23279.65,23279.65,23279.65,23279.65,0.0,23279.65,0.0,0.0,23279.65,1.0,0.0,0.0,0.0,regular,0,0,0,0,0,0,1,ZERO_VOL,180.4
2026-03-25 10:03:02.300718,10:03,25,3,2026,2,5,23278.95,23278.95,23278.95,23278.95,0.0,23278.95,0.0,0.0,23278.95,1.0,0.0,0.0,0.0,regular,0,0,0,0,0,0,1,ZERO_VOL,57.0
2026-03-25 10:03:02.479200,10:03,25,3,2026,2,5,23279.65,23279.65,23279.65,23279.65,0.0,23279.65,0.0,0.0,23279.65,1.0,0.0,0.0,0.0,regular,0,0,0,0,0,0,1,ZERO_VOL,178.0
2026-03-25 10:03:04.724864,10:03,25,3,2026,2,5,23282.2,23282.2,23282.2,23282.2,0.0,23282.2,0.0,0.0,23282.2,1.0,0.0,0.0,0.0,regular,0,0,0,0,0,0,1,ZERO_VOL,99.3
2026-03-25 10:03:04.854289,10:03,25,3,2026,2,5,23282.0,23282.0,23282.0,23282.0,0.0,23282.0,0.0,0.0,23282.0,1.0,0.0,0.0,0.0,regular,0,0,0,0,0,0,1,ZERO_VOL,128.9
2026-03-25 10:03:04.912025,10:03,25,3,2026,2,5,23279.55,23279.55,23279.55,23279.55,0.0,23279.55,0.0,0.0,23279.55,1.0,0.0,0.0,0.0,regular,0,0,0,0,0,0,1,ZERO_VOL,57.2
2026-03-25 10:03:05.029207,10:03,25,3,2026,2,5,23280.3,23280.3,23280.3,23280.3,0.0,23280.3,0.0,0.0,23280.3,1.0,0.0,0.0,0.0,regular,0,0,0,0,0,0,1,ZERO_VOL,116.6
2026-03-25 10:03:05.204487,10:03,25,3,2026,2,5,23282.0,23282.0,23282.0,23282.0,0.0,23282.0,0.0,0.0,23282.0,1.0,0.0,0.0,0.0,regular,0,0,0,0,0,0,1,ZERO_VOL,174.7
2026-03-25 10:03:06.865036,10:03,25,3,2026,2,5,23287.6,23287.6,23287.6,23287.6,0.0,23287.6,0.0,0.0,23287.6,1.0,0.0,0.0,0.0,regular,0,0,0,0,0,0,1,ZERO_VOL,162.8
2026-03-25 10:03:07.007279,10:03,25,3,2026,2,5,23287.4,23287.4,23287.4,23287.4,0.0,23287.4,0.0,0.0,23287.4,1.0,0.0,0.0,0.0,regular,0,0,0,0,0,0,1,ZERO_VOL,141.7
2026-03-25 10:03:07.126986,10:03,25,3,2026,2,5,23287.4,23287.4,23287.4,23287.4,0.0,23287.4,0.0,0.0,23287.4,1.0,0.0,0.0,0.0,regular,0,0,0,0,0,0,1,ZERO_VOL,119.1
2026-03-25 10:03:07.208322,10:03,25,3,2026,2,5,23286.55,23286.55,23286.55,23286.55,0.0,23286.55,0.0,0.0,23286.55,1.0,0.0,0.0,0.0,regular,0,0,0,0,0,0,1,ZERO_VOL,80.8
2026-03-25 10:03:07.361990,10:03,25,3,2026,2,5,23287.4,23287.4,23287.4,23287.4,0.0,23287.4,0.0,0.0,23287.4,1.0,0.0,0.0,0.0,regular,0,0,0,0,0,0,1,ZERO_VOL,153.2
2026-03-25 10:03:09.232652,10:03,25,3,2026,2,5,23285.65,23285.65,23285.65,23285.65,0.0,23285.65,0.0,0.0,23285.65,1.0,0.0,0.0,0.0,regular,0,0,0,0,0,0,1,ZERO_VOL,81.6
2026-03-25 10:03:09.406887,10:03,25,3,2026,2,5,23285.45,23285.45,23285.45,23285.45,0.0,23285.45,0.0,0.0,23285.45,1.0,0.0,0.0,0.0,regular,0,0,0,0,0,0,1,ZERO_VOL,173.7
2026-03-25 10:03:09.496866,10:03,25,3,2026,2,5,23285.65,23285.65,23285.65,23285.65,0.0,23285.65,0.0,0.0,23285.65,1.0,0.0,0.0,0.0,regular,0,0,0,0,0,0,1,ZERO_VOL,89.4
2026-03-25 10:03:09.604212,10:03,25,3,2026,2,5,23285.65,23285.65,23285.65,23285.65,0.0,23285.65,0.0,0.0,23285.65,1.0,0.0,0.0,0.0,regular,0,0,0,0,0,0,1,ZERO_VOL,106.8
2026-03-25 10:03:09.706417,10:03,25,3,2026,2,5,23285.65,23285.65,23285.65,23285.65,0.0,23285.65,0.0,0.0,23285.65,1.0,0.0,0.0,0.0,regular,0,0,0,0,0,0,1,ZERO_VOL,101.6
2026-03-25 10:03:11.444915,10:03,25,3,2026,2,5,23279.65,23279.65,23279.65,23279.65,0.0,23279.65,0.0,0.0,23279.65,1.0,0.0,0.0,0.0,regular,0,0,0,0,0,0,1,ZERO_VOL,58.3
2026-03-25 10:03:11.623593,10:03,25,3,2026,2,5,23286.0,23286.0,23286.0,23286.0,0.0,23286.0,0.0,0.0,23286.0,1.0,0.0,0.0,0.0,regular,0,0,0,0,0,0,1,ZERO_VOL,178.0
2026-03-25 10:03:11.677888,10:03,25,3,2026,2,5,23285.65,23285.65,23285.65,23285.65,0.0,23285.65,0.0,0.0,23285.65,1.0,0.0,0.0,0.0,regular,0,0,0,0,0,0,1,ZERO_VOL,53.8
2026-03-25 10:03:11.793147,10:03,25,3,2026,2,5,23286.0,23286.0,23286.0,23286.0,0.0,23286.0,0.0,0.0,23286.0,1.0,0.0,0.0,0.0,regular,0,0,0,0,0,0,1,ZERO_VOL,114.8
2026-03-25 10:03:11.856734,10:03,25,3,2026,2,5,23287.4,23287.4,23287.4,23287.4,0.0,23287.4,0.0,0.0,23287.4,1.0,0.0,0.0,0.0,regular,0,0,0,0,0,0,1,ZERO_VOL,63.0
2026-03-25 10:03:14.079637,10:03,25,3,2026,2,5,23285.55,23285.55,23285.55,23285.55,0.0,23285.55,0.0,0.0,23285.55,1.0,0.0,0.0,0.0,regular,0,0,0,0,0,0,1,ZERO_VOL,157.3
2026-03-25 10:03:14.141646,10:03,25,3,2026,2,5,23286.0,23286.0,23286.0,23286.0,0.0,23286.0,0.0,0.0,23286.0,1.0,0.0,0.0,0.0,regular,0,0,0,0,0,0,1,ZERO_VOL,61.5
2026-03-25 10:03:14.294091,10:03,25,3,2026,2,5,23285.1,23285.1,23285.1,23285.1,0.0,23285.1,0.0,0.0,23285.1,1.0,0.0,0.0,0.0,regular,0,0,0,0,0,0,1,ZERO_VOL,151.9
2026-03-25 10:03:14.469587,10:03,25,3,2026,2,5,23285.1,23285.1,23285.1,23285.1,0.0,23285.1,0.0,0.0,23285.1,1.0,0.0,0.0,0.0,regular,0,0,0,0,0,0,1,ZERO_VOL,175.0
2026-03-25 10:03:14.592919,10:03,25,3,2026,2,5,23284.9,23284.9,23284.9,23284.9,0.0,23284.9,0.0,0.0,23284.9,1.0,0.0,0.0,0.0,regular,0,0,0,0,0,0,1,ZERO_VOL,122.8
2026-03-25 10:03:16.173648,10:03,25,3,2026,2,5,23285.65,23285.65,23285.65,23285.65,0.0,23285.65,0.0,0.0,23285.65,1.0,0.0,0.0,0.0,regular,0,0,0,0,0,0,1,ZERO_VOL,57.6
2026-03-25 10:03:16.320859,10:03,25,3,2026,2,5,23285.5,23285.5,23285.5,23285.5,0.0,23285.5,0.0,0.0,23285.5,1.0,0.0,0.0,0.0,regular,0,0,0,0,0,0,1,ZERO_VOL,146.7
2026-03-25 10:03:16.418580,10:03,25,3,2026,2,5,23284.95,23284.95,23284.95,23284.95,0.0,23284.95,0.0,0.0,23284.95,1.0,0.0,0.0,0.0,regular,0,0,0,0,0,0,1,ZERO_VOL,97.2
2026-03-25 10:03:16.471767,10:03,25,3,2026,2,5,23285.65,23285.65,23285.65,23285.65,0.0,23285.65,0.0,0.0,23285.65,1.0,0.0,0.0,0.0,regular,0,0,0,0,0,0,1,ZERO_VOL,52.7
2026-03-25 10:03:16.526156,10:03,25,3,2026,2,5,23287.6,23287.6,23287.6,23287.6,0.0,23287.6,0.0,0.0,23287.6,1.0,0.0,0.0,0.0,regular,0,0,0,0,0,0,1,ZERO_VOL,53.9
2026-03-25 10:03:18.329700,10:03,25,3,2026,2,5,23283.95,23283.95,23283.95,23283.95,0.0,23283.95,0.0,0.0,23283.95,1.0,0.0,0.0,0.0,regular,0,0,0,0,0,0,1,ZERO_VOL,178.2
2026-03-25 10:03:18.412243,10:03,25,3,2026,2,5,23283.1,23283.1,23283.1,23283.1,0.0,23283.1,0.0,0.0,23283.1,1.0,0.0,0.0,0.0,regular,0,0,0,0,0,0,1,ZERO_VOL,82.0
2026-03-25 10:03:18.502211,10:03,25,3,2026,2,5,23283.1,23283.1,23283.1,23283.1,0.0,23283.1,0.0,0.0,23283.1,1.0,0.0,0.0,0.0,regular,0,0,0,0,0,0,1,ZERO_VOL,89.4
2026-03-25 10:03:18.670069,10:03,25,3,2026,2,5,23283.1,23283.1,23283.1,23283.1,0.0,23283.1,0.0,0.0,23283.1,1.0,0.0,0.0,0.0,regular,0,0,0,0,0,0,1,ZERO_VOL,167.3
2026-03-25 10:03:18.771343,10:03,25,3,2026,2,5,23283.1,23283.1,23283.1,23283.1,0.0,23283.1,0.0,0.0,23283.1,1.0,0.0,0.0,0.0,regular,0,0,0,0,0,0,1,ZERO_VOL,100.6
2026-03-25 10:03:20.446434,10:03,25,3,2026,2,5,23284.5,23284.5,23284.5,23284.5,0.0,23284.5,0.0,0.0,23284.5,1.0,0.0,0.0,0.0,regular,0,0,0,0,0,0,1,ZERO_VOL,126.0
2026-03-25 10:03:20.501443,10:03,25,3,2026,2,5,23283.1,23283.1,23283.1,23283.1,0.0,23283.1,0.0,0.0,23283.1,1.0,0.0,0.0,0.0,regular,0,0,0,0,0,0,1,ZERO_VOL,54.5
2026-03-25 10:03:20.597953,10:03,25,3,2026,2,5,23284.5,23284.5,23284.5,23284.5,0.0,23284.5,0.0,0.0,23284.5,1.0,0.0,0.0,0.0,regular,0,0,0,0,0,0,1,ZERO_VOL,96.0
2026-03-25 10:03:20.662146,10:03,25,3,2026,2,5,23285.5,23285.5,23285.5,23285.5,0.0,23285.5,0.0,0.0,23285.5,1.0,0.0,0.0,0.0,regular,0,0,0,0,0,0,1,ZERO_VOL,63.6
2026-03-25 10:03:20.737702,10:03,25,3,2026,2,5,23284.95,23284.95,23284.95,23284.95,0.0,23284.95,0.0,0.0,23284.95,1.0,0.0,0.0,0.0,regular,0,0,0,0,0,0,1,ZERO_VOL,75.1
2026-03-25 10:03:22.439523,10:03,25,3,2026,2,5,23284.5,23284.5,23284.5,23284.5,0.0,23284.5,0.0,0.0,23284.5,1.0,0.0,0.0,0.0,regular,0,0,0,0,0,0,1,ZERO_VOL,59.3
2026-03-25 10:03:22.554515,10:03,25,3,2026,2,5,23283.0,23283.0,23283.0,23283.0,0.0,23283.0,0.0,0.0,23283.0,1.0,0.0,0.0,0.0,regular,0,0,0,0,0,0,1,ZERO_VOL,114.5
2026-03-25 10:03:22.620718,10:03,25,3,2026,2,5,23285.1,23285.1,23285.1,23285.1,0.0,23285.1,0.0,0.0,23285.1,1.0,0.0,0.0,0.0,regular,0,0,0,0,0,0,1,ZERO_VOL,65.6
2026-03-25 10:03:22.703456,10:03,25,3,2026,2,5,23285.1,23285.1,23285.1,23285.1,0.0,23285.1,0.0,0.0,23285.1,1.0,0.0,0.0,0.0,regular,0,0,0,0,0,0,1,ZERO_VOL,82.2
2026-03-25 10:03:22.864089,10:03,25,3,2026,2,5,23282.5,23282.5,23282.5,23282.5,0.0,23282.5,0.0,0.0,23282.5,1.0,0.0,0.0,0.0,regular,0,0,0,0,0,0,1,ZERO_VOL,159.7
2026-03-25 10:03:24.694437,10:03,25,3,2026,2,5,23282.7,23282.7,23282.7,23282.7,0.0,23282.7,0.0,0.0,23282.7,1.0,0.0,0.0,0.0,regular,0,0,0,0,0,0,1,ZERO_VOL,161.6
2026-03-25 10:03:24.757150,10:03,25,3,2026,2,5,23283.1,23283.1,23283.1,23283.1,0.0,23283.1,0.0,0.0,23283.1,1.0,0.0,0.0,0.0,regular,0,0,0,0,0,0,1,ZERO_VOL,62.2
2026-03-25 10:03:24.809753,10:03,25,3,2026,2,5,23284.95,23284.95,23284.95,23284.95,0.0,23284.95,0.0,0.0,23284.95,1.0,0.0,0.0,0.0,regular,0,0,0,0,0,0,1,ZERO_VOL,52.0
2026-03-25 10:03:24.965678,10:03,25,3,2026,2,5,23282.7,23282.7,23282.7,23282.7,0.0,23282.7,0.0,0.0,23282.7,1.0,0.0,0.0,0.0,regular,0,0,0,0,0,0,1,ZERO_VOL,155.4
2026-03-25 10:03:25.140465,10:03,25,3,2026,2,5,23282.35,23282.35,23282.35,23282.35,0.0,23282.35,0.0,0.0,23282.35,1.0,0.0,0.0,0.0,regular,0,0,0,0,0,0,1,ZERO_VOL,174.2
2026-03-25 10:03:27.029400,10:03,25,3,2026,2,5,23281.35,23281.35,23281.35,23281.35,0.0,23281.35,0.0,0.0,23281.35,1.0,0.0,0.0,0.0,regular,0,0,0,0,0,0,1,ZERO_VOL,133.7
2026-03-25 10:03:27.090465,10:03,25,3,2026,2,5,23283.1,23283.1,23283.1,23283.1,0.0,23283.1,0.0,0.0,23283.1,1.0,0.0,0.0,0.0,regular,0,0,0,0,0,0,1,ZERO_VOL,60.6
2026-03-25 10:03:27.145126,10:03,25,3,2026,2,5,23283.95,23283.95,23283.95,23283.95,0.0,23283.95,0.0,0.0,23283.95,1.0,0.0,0.0,0.0,regular,0,0,0,0,0,0,1,ZERO_VOL,54.1
2026-03-25 10:03:27.315788,10:03,25,3,2026,2,5,23279.05,23279.05,23279.05,23279.05,0.0,23279.05,0.0,0.0,23279.05,1.0,0.0,0.0,0.0,regular,0,0,0,0,0,0,1,ZERO_VOL,170.0
2026-03-25 10:03:27.465960,10:03,25,3,2026,2,5,23279.75,23279.75,23279.75,23279.75,0.0,23279.75,0.0,0.0,23279.75,1.0,0.0,0.0,0.0,regular,0,0,0,0,0,0,1,ZERO_VOL,149.7
2026-03-25 10:03:29.160119,10:03,25,3,2026,2,5,23277.05,23277.05,23277.05,23277.05,0.0,23277.05,0.0,0.0,23277.05,1.0,0.0,0.0,0.0,regular,0,0,0,0,0,0,1,ZERO_VOL,87.5
2026-03-25 10:03:29.272253,10:03,25,3,2026,2,5,23279.0,23279.0,23279.0,23279.0,0.0,23279.0,0.0,0.0,23279.0,1.0,0.0,0.0,0.0,regular,0,0,0,0,0,0,1,ZERO_VOL,111.6
2026-03-25 10:03:29.391845,10:03,25,3,2026,2,5,23278.05,23278.05,23278.05,23278.05,0.0,23278.05,0.0,0.0,23278.05,1.0,0.0,0.0,0.0,regular,0,0,0,0,0,0,1,ZERO_VOL,118.8
2026-03-25 10:03:29.454126,10:03,25,3,2026,2,5,23282.35,23282.35,23282.35,23282.35,0.0,23282.35,0.0,0.0,23282.35,1.0,0.0,0.0,0.0,regular,0,0,0,0,0,0,1,ZERO_VOL,61.7
2026-03-25 10:03:29.602244,10:03,25,3,2026,2,5,23279.0,23279.0,23279.0,23279.0,0.0,23279.0,0.0,0.0,23279.0,1.0,0.0,0.0,0.0,regular,0,0,0,0,0,0,1,ZERO_VOL,147.5
2026-03-25 10:03:31.468574,10:03,25,3,2026,2,5,23282.7,23282.7,23282.7,23282.7,0.0,23282.7,0.0,0.0,23282.7,1.0,0.0,0.0,0.0,regular,0,0,0,0,0,0,1,ZERO_VOL,77.4
2026-03-25 10:03:31.588597,10:03,25,3,2026,2,5,23278.5,23278.5,23278.5,23278.5,0.0,23278.5,0.0,0.0,23278.5,1.0,0.0,0.0,0.0,regular,0,0,0,0,0,0,1,ZERO_VOL,119.5
2026-03-25 10:03:31.674289,10:03,25,3,2026,2,5,23280.1,23280.1,23280.1,23280.1,0.0,23280.1,0.0,0.0,23280.1,1.0,0.0,0.0,0.0,regular,0,0,0,0,0,0,1,ZERO_VOL,85.2
2026-03-25 10:03:31.739144,10:03,25,3,2026,2,5,23281.35,23281.35,23281.35,23281.35,0.0,23281.35,0.0,0.0,23281.35,1.0,0.0,0.0,0.0,regular,0,0,0,0,0,0,1,ZERO_VOL,64.3
2026-03-25 10:03:31.797810,10:03,25,3,2026,2,5,23282.7,23282.7,23282.7,23282.7,0.0,23282.7,0.0,0.0,23282.7,1.0,0.0,0.0,0.0,regular,0,0,0,0,0,0,1,ZERO_VOL,58.2
2026-03-25 10:03:33.633506,10:03,25,3,2026,2,5,23279.0,23279.0,23279.0,23279.0,0.0,23279.0,0.0,0.0,23279.0,1.0,0.0,0.0,0.0,regular,0,0,0,0,0,0,1,ZERO_VOL,57.3
2026-03-25 10:03:33.740900,10:03,25,3,2026,2,5,23280.15,23280.15,23280.15,23280.15,0.0,23280.15,0.0,0.0,23280.15,1.0,0.0,0.0,0.0,regular,0,0,0,0,0,0,1,ZERO_VOL,106.9
2026-03-25 10:03:33.798681,10:03,25,3,2026,2,5,23279.05,23279.05,23279.05,23279.05,0.0,23279.05,0.0,0.0,23279.05,1.0,0.0,0.0,0.0,regular,0,0,0,0,0,0,1,ZERO_VOL,57.3
2026-03-25 10:03:33.854137,10:03,25,3,2026,2,5,23281.35,23281.35,23281.35,23281.35,0.0,23281.35,0.0,0.0,23281.35,1.0,0.0,0.0,0.0,regular,0,0,0,0,0,0,1,ZERO_VOL,54.7
2026-03-25 10:03:34.001279,10:03,25,3,2026,2,5,23280.15,23280.15,23280.15,23280.15,0.0,23280.15,0.0,0.0,23280.15,1.0,0.0,0.0,0.0,regular,0,0,0,0,0,0,1,ZERO_VOL,146.6
2026-03-25 10:03:35.657802,10:03,25,3,2026,2,5,23277.05,23277.05,23277.05,23277.05,0.0,23277.05,0.0,0.0,23277.05,1.0,0.0,0.0,0.0,regular,0,0,0,0,0,0,1,ZERO_VOL,63.0
2026-03-25 10:03:35.719750,10:03,25,3,2026,2,5,23281.35,23281.35,23281.35,23281.35,0.0,23281.35,0.0,0.0,23281.35,1.0,0.0,0.0,0.0,regular,0,0,0,0,0,0,1,ZERO_VOL,61.2
2026-03-25 10:03:35.823148,10:03,25,3,2026,2,5,23280.75,23280.75,23280.75,23280.75,0.0,23280.75,0.0,0.0,23280.75,1.0,0.0,0.0,0.0,regular,0,0,0,0,0,0,1,ZERO_VOL,102.9
2026-03-25 10:03:36.170626,10:03,25,3,2026,2,5,23278.05,23278.05,23278.05,23278.05,0.0,23278.05,0.0,0.0,23278.05,1.0,0.0,0.0,0.0,regular,0,0,0,0,0,0,1,ZERO_VOL,346.9
2026-03-25 10:03:36.313343,10:03,25,3,2026,2,5,23279.85,23279.85,23279.85,23279.85,0.0,23279.85,0.0,0.0,23279.85,1.0,0.0,0.0,0.0,regular,0,0,0,0,0,0,1,ZERO_VOL,142.1
2026-03-25 10:03:38.181548,10:03,25,3,2026,2,5,23279.85,23279.85,23279.85,23279.85,0.0,23279.85,0.0,0.0,23279.85,1.0,0.0,0.0,0.0,regular,0,0,0,0,0,0,1,ZERO_VOL,57.0
2026-03-25 10:03:38.269224,10:03,25,3,2026,2,5,23281.35,23281.35,23281.35,23281.35,0.0,23281.35,0.0,0.0,23281.35,1.0,0.0,0.0,0.0,regular,0,0,0,0,0,0,1,ZERO_VOL,87.2
2026-03-25 10:03:38.647707,10:03,25,3,2026,2,5,23280.1,23280.1,23280.1,23280.1,0.0,23280.1,0.0,0.0,23280.1,1.0,0.0,0.0,0.0,regular,0,0,0,0,0,0,1,ZERO_VOL,377.9
2026-03-25 10:03:38.746034,10:03,25,3,2026,2,5,23281.35,23281.35,23281.35,23281.35,0.0,23281.35,0.0,0.0,23281.35,1.0,0.0,0.0,0.0,regular,0,0,0,0,0,0,1,ZERO_VOL,97.8
2026-03-25 10:03:38.797649,10:03,25,3,2026,2,5,23280.15,23280.15,23280.15,23280.15,0.0,23280.15,0.0,0.0,23280.15,1.0,0.0,0.0,0.0,regular,0,0,0,0,0,0,1,ZERO_VOL,51.1
2026-03-25 10:03:40.517195,10:03,25,3,2026,2,5,23279.85,23279.85,23279.85,23279.85,0.0,23279.85,0.0,0.0,23279.85,1.0,0.0,0.0,0.0,regular,0,0,0,0,0,0,1,ZERO_VOL,59.6
2026-03-25 10:03:40.570944,10:03,25,3,2026,2,5,23280.1,23280.1,23280.1,23280.1,0.0,23280.1,0.0,0.0,23280.1,1.0,0.0,0.0,0.0,regular,0,0,0,0,0,0,1,ZERO_VOL,53.2
2026-03-25 10:03:40.698684,10:03,25,3,2026,2,5,23280.55,23280.55,23280.55,23280.55,0.0,23280.55,0.0,0.0,23280.55,1.0,0.0,0.0,0.0,regular,0,0,0,0,0,0,1,ZERO_VOL,127.2
2026-03-25 10:03:40.902790,10:03,25,3,2026,2,5,23279.75,23279.75,23279.75,23279.75,0.0,23279.75,0.0,0.0,23279.75,1.0,0.0,0.0,0.0,regular,0,0,0,0,0,0,1,ZERO_VOL,203.5
2026-03-25 10:03:40.993482,10:03,25,3,2026,2,5,23280.55,23280.55,23280.55,23280.55,0.0,23280.55,0.0,0.0,23280.55,1.0,0.0,0.0,0.0,regular,0,0,0,0,0,0,1,ZERO_VOL,90.2
2026-03-25 10:03:42.858753,10:03,25,3,2026,2,5,23281.3,23281.3,23281.3,23281.3,0.0,23281.3,0.0,0.0,23281.3,1.0,0.0,0.0,0.0,regular,0,0,0,0,0,0,1,ZERO_VOL,77.2
2026-03-25 10:03:42.975497,10:03,25,3,2026,2,5,23281.3,23281.3,23281.3,23281.3,0.0,23281.3,0.0,0.0,23281.3,1.0,0.0,0.0,0.0,regular,0,0,0,0,0,0,1,ZERO_VOL,116.2
2026-03-25 10:03:43.061991,10:03,25,3,2026,2,5,23281.3,23281.3,23281.3,23281.3,0.0,23281.3,0.0,0.0,23281.3,1.0,0.0,0.0,0.0,regular,0,0,0,0,0,0,1,ZERO_VOL,86.0
2026-03-25 10:03:43.221957,10:03,25,3,2026,2,5,23280.95,23280.95,23280.95,23280.95,0.0,23280.95,0.0,0.0,23280.95,1.0,0.0,0.0,0.0,regular,0,0,0,0,0,0,1,ZERO_VOL,159.3
2026-03-25 10:03:43.312142,10:03,25,3,2026,2,5,23280.95,23280.95,23280.95,23280.95,0.0,23280.95,0.0,0.0,23280.95,1.0,0.0,0.0,0.0,regular,0,0,0,0,0,0,1,ZERO_VOL,89.7
2026-03-25 10:03:45.036558,10:03,25,3,2026,2,5,23281.75,23281.75,23281.75,23281.75,0.0,23281.75,0.0,0.0,23281.75,1.0,0.0,0.0,0.0,regular,0,0,0,0,0,0,1,ZERO_VOL,247.5
2026-03-25 10:03:45.191931,10:03,25,3,2026,2,5,23281.75,23281.75,23281.75,23281.75,0.0,23281.75,0.0,0.0,23281.75,1.0,0.0,0.0,0.0,regular,0,0,0,0,0,0,1,ZERO_VOL,154.6
2026-03-25 10:03:45.292318,10:03,25,3,2026,2,5,23281.5,23281.5,23281.5,23281.5,0.0,23281.5,0.0,0.0,23281.5,1.0,0.0,0.0,0.0,regular,0,0,0,0,0,0,1,ZERO_VOL,99.9
2026-03-25 10:03:45.353824,10:03,25,3,2026,2,5,23281.75,23281.75,23281.75,23281.75,0.0,23281.75,0.0,0.0,23281.75,1.0,0.0,0.0,0.0,regular,0,0,0,0,0,0,1,ZERO_VOL,60.9
2026-03-25 10:03:45.502132,10:03,25,3,2026,2,5,23281.5,23281.5,23281.5,23281.5,0.0,23281.5,0.0,0.0,23281.5,1.0,0.0,0.0,0.0,regular,0,0,0,0,0,0,1,ZERO_VOL,147.8
2026-03-25 10:03:47.175205,10:03,25,3,2026,2,5,23281.5,23281.5,23281.5,23281.5,0.0,23281.5,0.0,0.0,23281.5,1.0,0.0,0.0,0.0,regular,0,0,0,0,0,0,1,ZERO_VOL,100.2
2026-03-25 10:03:47.253354,10:03,25,3,2026,2,5,23280.8,23280.8,23280.8,23280.8,0.0,23280.8,0.0,0.0,23280.8,1.0,0.0,0.0,0.0,regular,0,0,0,0,0,0,1,ZERO_VOL,77.6
2026-03-25 10:03:47.349300,10:03,25,3,2026,2,5,23280.8,23280.8,23280.8,23280.8,0.0,23280.8,0.0,0.0,23280.8,1.0,0.0,0.0,0.0,regular,0,0,0,0,0,0,1,ZERO_VOL,95.4
2026-03-25 10:03:47.444090,10:03,25,3,2026,2,5,23280.8,23280.8,23280.8,23280.8,0.0,23280.8,0.0,0.0,23280.8,1.0,0.0,0.0,0.0,regular,0,0,0,0,0,0,1,ZERO_VOL,94.3
2026-03-25 10:03:47.501948,10:03,25,3,2026,2,5,23281.35,23281.35,23281.35,23281.35,0.0,23281.35,0.0,0.0,23281.35,1.0,0.0,0.0,0.0,regular,0,0,0,0,0,0,1,ZERO_VOL,57.3
2026-03-25 10:03:49.929284,10:03,25,3,2026,2,5,23280.35,23280.35,23280.35,23280.35,0.0,23280.35,0.0,0.0,23280.35,1.0,0.0,0.0,0.0,regular,0,0,0,0,0,0,1,ZERO_VOL,427.0
2026-03-25 10:03:50.026158,10:03,25,3,2026,2,5,23280.95,23280.95,23280.95,23280.95,0.0,23280.95,0.0,0.0,23280.95,1.0,0.0,0.0,0.0,regular,0,0,0,0,0,0,1,ZERO_VOL,96.3
2026-03-25 10:03:50.129928,10:03,25,3,2026,2,5,23280.95,23280.95,23280.95,23280.95,0.0,23280.95,0.0,0.0,23280.95,1.0,0.0,0.0,0.0,regular,0,0,0,0,0,0,1,ZERO_VOL,103.3
2026-03-25 10:03:50.212750,10:03,25,3,2026,2,5,23281.25,23281.25,23281.25,23281.25,0.0,23281.25,0.0,0.0,23281.25,1.0,0.0,0.0,0.0,regular,0,0,0,0,0,0,1,ZERO_VOL,82.3
2026-03-25 10:03:50.269890,10:03,25,3,2026,2,5,23281.25,23281.25,23281.25,23281.25,0.0,23281.25,0.0,0.0,23281.25,1.0,0.0,0.0,0.0,regular,0,0,0,0,0,0,1,ZERO_VOL,56.6
2026-03-25 10:03:52.314036,10:03,25,3,2026,2,5,23281.65,23281.65,23281.65,23281.65,0.0,23281.65,0.0,0.0,23281.65,1.0,0.0,0.0,0.0,regular,0,0,0,0,0,0,1,ZERO_VOL,157.7
2026-03-25 10:03:52.375960,10:03,25,3,2026,2,5,23281.5,23281.5,23281.5,23281.5,0.0,23281.5,0.0,0.0,23281.5,1.0,0.0,0.0,0.0,regular,0,0,0,0,0,0,1,ZERO_VOL,61.4
2026-03-25 10:03:52.484146,10:03,25,3,2026,2,5,23281.65,23281.65,23281.65,23281.65,0.0,23281.65,0.0,0.0,23281.65,1.0,0.0,0.0,0.0,regular,0,0,0,0,0,0,1,ZERO_VOL,107.7
2026-03-25 10:03:52.548541,10:03,25,3,2026,2,5,23280.8,23280.8,23280.8,23280.8,0.0,23280.8,0.0,0.0,23280.8,1.0,0.0,0.0,0.0,regular,0,0,0,0,0,0,1,ZERO_VOL,63.9
2026-03-25 10:03:52.603351,10:03,25,3,2026,2,5,23281.5,23281.5,23281.5,23281.5,0.0,23281.5,0.0,0.0,23281.5,1.0,0.0,0.0,0.0,regular,0,0,0,0,0,0,1,ZERO_VOL,54.4
2026-03-25 10:04:03.673019,10:04,25,3,2026,2,5,23282.75,23282.75,23282.75,23282.75,0.0,23282.75,0.0,0.0,23282.75,1.0,0.0,0.0,0.0,regular,0,0,0,0,0,0,1,ZERO_VOL,144.4
2026-03-25 10:04:03.756553,10:04,25,3,2026,2,5,23282.75,23282.75,23282.75,23282.75,0.0,23282.75,0.0,0.0,23282.75,1.0,0.0,0.0,0.0,regular,0,0,0,0,0,0,1,ZERO_VOL,83.0
2026-03-25 10:04:03.903354,10:04,25,3,2026,2,5,23282.75,23282.75,23282.75,23282.75,0.0,23282.75,0.0,0.0,23282.75,1.0,0.0,0.0,0.0,regular,0,0,0,0,0,0,1,ZERO_VOL,146.3
2026-03-25 10:04:03.990273,10:04,25,3,2026,2,5,23282.75,23282.75,23282.75,23282.75,0.0,23282.75,0.0,0.0,23282.75,1.0,0.0,0.0,0.0,regular,0,0,0,0,0,0,1,ZERO_VOL,86.5
2026-03-25 10:04:04.100784,10:04,25,3,2026,2,5,23283.7,23283.7,23283.7,23283.7,0.0,23283.7,0.0,0.0,23283.7,1.0,0.0,0.0,0.0,regular,0,0,0,0,0,0,1,ZERO_VOL,110.0
2026-03-25 10:04:05.990910,10:04,25,3,2026,2,5,23285.5,23285.5,23285.5,23285.5,0.0,23285.5,0.0,0.0,23285.5,1.0,0.0,0.0,0.0,regular,0,0,0,0,0,0,1,ZERO_VOL,84.1
2026-03-25 10:04:06.086618,10:04,25,3,2026,2,5,23285.5,23285.5,23285.5,23285.5,0.0,23285.5,0.0,0.0,23285.5,1.0,0.0,0.0,0.0,regular,0,0,0,0,0,0,1,ZERO_VOL,95.2
2026-03-25 10:04:06.184495,10:04,25,3,2026,2,5,23285.65,23285.65,23285.65,23285.65,0.0,23285.65,0.0,0.0,23285.65,1.0,0.0,0.0,0.0,regular,0,0,0,0,0,0,1,ZERO_VOL,97.4
2026-03-25 10:04:06.287956,10:04,25,3,2026,2,5,23285.65,23285.65,23285.65,23285.65,0.0,23285.65,0.0,0.0,23285.65,1.0,0.0,0.0,0.0,regular,0,0,0,0,0,0,1,ZERO_VOL,102.8
2026-03-25 10:04:06.377721,10:04,25,3,2026,2,5,23285.65,23285.65,23285.65,23285.65,0.0,23285.65,0.0,0.0,23285.65,1.0,0.0,0.0,0.0,regular,0,0,0,0,0,0,1,ZERO_VOL,89.3
2026-03-25 10:04:08.177253,10:04,25,3,2026,2,5,23284.2,23284.2,23284.2,23284.2,0.0,23284.2,0.0,0.0,23284.2,1.0,0.0,0.0,0.0,regular,0,0,0,0,0,0,1,ZERO_VOL,146.0
2026-03-25 10:04:08.273442,10:04,25,3,2026,2,5,23284.35,23284.35,23284.35,23284.35,0.0,23284.35,0.0,0.0,23284.35,1.0,0.0,0.0,0.0,regular,0,0,0,0,0,0,1,ZERO_VOL,95.7
2026-03-25 10:04:08.372131,10:04,25,3,2026,2,5,23284.35,23284.35,23284.35,23284.35,0.0,23284.35,0.0,0.0,23284.35,1.0,0.0,0.0,0.0,regular,0,0,0,0,0,0,1,ZERO_VOL,98.1
2026-03-25 10:04:08.529415,10:04,25,3,2026,2,5,23284.2,23284.2,23284.2,23284.2,0.0,23284.2,0.0,0.0,23284.2,1.0,0.0,0.0,0.0,regular,0,0,0,0,0,0,1,ZERO_VOL,156.8
2026-03-25 10:04:08.624052,10:04,25,3,2026,2,5,23284.35,23284.35,23284.35,23284.35,0.0,23284.35,0.0,0.0,23284.35,1.0,0.0,0.0,0.0,regular,0,0,0,0,0,0,1,ZERO_VOL,93.9
2026-03-25 10:04:10.202001,10:04,25,3,2026,2,5,23282.95,23282.95,23282.95,23282.95,0.0,23282.95,0.0,0.0,23282.95,1.0,0.0,0.0,0.0,regular,0,0,0,0,0,0,1,ZERO_VOL,108.6
2026-03-25 10:04:10.265976,10:04,25,3,2026,2,5,23284.35,23284.35,23284.35,23284.35,0.0,23284.35,0.0,0.0,23284.35,1.0,0.0,0.0,0.0,regular,0,0,0,0,0,0,1,ZERO_VOL,63.5
2026-03-25 10:04:10.359360,10:04,25,3,2026,2,5,23282.95,23282.95,23282.95,23282.95,0.0,23282.95,0.0,0.0,23282.95,1.0,0.0,0.0,0.0,regular,0,0,0,0,0,0,1,ZERO_VOL,92.9
2026-03-25 10:04:10.422228,10:04,25,3,2026,2,5,23283.7,23283.7,23283.7,23283.7,0.0,23283.7,0.0,0.0,23283.7,1.0,0.0,0.0,0.0,regular,0,0,0,0,0,0,1,ZERO_VOL,62.3
2026-03-25 10:04:10.582768,10:04,25,3,2026,2,5,23282.95,23282.95,23282.95,23282.95,0.0,23282.95,0.0,0.0,23282.95,1.0,0.0,0.0,0.0,regular,0,0,0,0,0,0,1,ZERO_VOL,160.0
2026-03-25 10:04:12.442343,10:04,25,3,2026,2,5,23284.2,23284.2,23284.2,23284.2,0.0,23284.2,0.0,0.0,23284.2,1.0,0.0,0.0,0.0,regular,0,0,0,0,0,0,1,ZERO_VOL,58.7
2026-03-25 10:04:12.529375,10:04,25,3,2026,2,5,23280.5,23280.5,23280.5,23280.5,0.0,23280.5,0.0,0.0,23280.5,1.0,0.0,0.0,0.0,regular,0,0,0,0,0,0,1,ZERO_VOL,86.6
2026-03-25 10:04:12.683773,10:04,25,3,2026,2,5,23280.5,23280.5,23280.5,23280.5,0.0,23280.5,0.0,0.0,23280.5,1.0,0.0,0.0,0.0,regular,0,0,0,0,0,0,1,ZERO_VOL,153.8
2026-03-25 10:04:12.813028,10:04,25,3,2026,2,5,23281.6,23281.6,23281.6,23281.6,0.0,23281.6,0.0,0.0,23281.6,1.0,0.0,0.0,0.0,regular,0,0,0,0,0,0,1,ZERO_VOL,128.7
2026-03-25 10:04:12.956625,10:04,25,3,2026,2,5,23280.5,23280.5,23280.5,23280.5,0.0,23280.5,0.0,0.0,23280.5,1.0,0.0,0.0,0.0,regular,0,0,0,0,0,0,1,ZERO_VOL,143.1
2026-03-25 10:04:15.084625,10:04,25,3,2026,2,5,23284.35,23284.35,23284.35,23284.35,0.0,23284.35,0.0,0.0,23284.35,1.0,0.0,0.0,0.0,regular,0,0,0,0,0,0,1,ZERO_VOL,55.0
2026-03-25 10:04:15.176463,10:04,25,3,2026,2,5,23282.1,23282.1,23282.1,23282.1,0.0,23282.1,0.0,0.0,23282.1,1.0,0.0,0.0,0.0,regular,0,0,0,0,0,0,1,ZERO_VOL,91.3
2026-03-25 10:04:15.239507,10:04,25,3,2026,2,5,23280.5,23280.5,23280.5,23280.5,0.0,23280.5,0.0,0.0,23280.5,1.0,0.0,0.0,0.0,regular,0,0,0,0,0,0,1,ZERO_VOL,62.5
2026-03-25 10:04:15.385571,10:04,25,3,2026,2,5,23282.2,23282.2,23282.2,23282.2,0.0,23282.2,0.0,0.0,23282.2,1.0,0.0,0.0,0.0,regular,0,0,0,0,0,0,1,ZERO_VOL,145.5
2026-03-25 10:04:15.472325,10:04,25,3,2026,2,5,23282.55,23282.55,23282.55,23282.55,0.0,23282.55,0.0,0.0,23282.55,1.0,0.0,0.0,0.0,regular,0,0,0,0,0,0,1,ZERO_VOL,86.2
2026-03-25 10:04:17.361648,10:04,25,3,2026,2,5,23282.2,23282.2,23282.2,23282.2,0.0,23282.2,0.0,0.0,23282.2,1.0,0.0,0.0,0.0,regular,0,0,0,0,0,0,1,ZERO_VOL,147.6
2026-03-25 10:04:17.421978,10:04,25,3,2026,2,5,23280.5,23280.5,23280.5,23280.5,0.0,23280.5,0.0,0.0,23280.5,1.0,0.0,0.0,0.0,regular,0,0,0,0,0,0,1,ZERO_VOL,59.8
2026-03-25 10:04:17.483447,10:04,25,3,2026,2,5,23282.95,23282.95,23282.95,23282.95,0.0,23282.95,0.0,0.0,23282.95,1.0,0.0,0.0,0.0,regular,0,0,0,0,0,0,1,ZERO_VOL,60.9
2026-03-25 10:04:17.632838,10:04,25,3,2026,2,5,23282.2,23282.2,23282.2,23282.2,0.0,23282.2,0.0,0.0,23282.2,1.0,0.0,0.0,0.0,regular,0,0,0,0,0,0,1,ZERO_VOL,148.8
2026-03-25 10:04:17.750664,10:04,25,3,2026,2,5,23280.15,23280.15,23280.15,23280.15,0.0,23280.15,0.0,0.0,23280.15,1.0,0.0,0.0,0.0,regular,0,0,0,0,0,0,1,ZERO_VOL,117.3
2026-03-25 10:04:19.603842,10:04,25,3,2026,2,5,23280.7,23280.7,23280.7,23280.7,0.0,23280.7,0.0,0.0,23280.7,1.0,0.0,0.0,0.0,regular,0,0,0,0,0,0,1,ZERO_VOL,169.1
2026-03-25 10:04:19.658486,10:04,25,3,2026,2,5,23282.95,23282.95,23282.95,23282.95,0.0,23282.95,0.0,0.0,23282.95,1.0,0.0,0.0,0.0,regular,0,0,0,0,0,0,1,ZERO_VOL,54.2
2026-03-25 10:04:19.714623,10:04,25,3,2026,2,5,23280.7,23280.7,23280.7,23280.7,0.0,23280.7,0.0,0.0,23280.7,1.0,0.0,0.0,0.0,regular,0,0,0,0,0,0,1,ZERO_VOL,55.6
2026-03-25 10:04:19.805794,10:04,25,3,2026,2,5,23281.25,23281.25,23281.25,23281.25,0.0,23281.25,0.0,0.0,23281.25,1.0,0.0,0.0,0.0,regular,0,0,0,0,0,0,1,ZERO_VOL,90.7
2026-03-25 10:04:19.900875,10:04,25,3,2026,2,5,23281.25,23281.25,23281.25,23281.25,0.0,23281.25,0.0,0.0,23281.25,1.0,0.0,0.0,0.0,regular,0,0,0,0,0,0,1,ZERO_VOL,94.6
2026-03-25 10:04:21.601857,10:04,25,3,2026,2,5,23282.45,23282.45,23282.45,23282.45,0.0,23282.45,0.0,0.0,23282.45,1.0,0.0,0.0,0.0,regular,0,0,0,0,0,0,1,ZERO_VOL,107.5
2026-03-25 10:04:21.697066,10:04,25,3,2026,2,5,23282.45,23282.45,23282.45,23282.45,0.0,23282.45,0.0,0.0,23282.45,1.0,0.0,0.0,0.0,regular,0,0,0,0,0,0,1,ZERO_VOL,94.7
2026-03-25 10:04:21.788151,10:04,25,3,2026,2,5,23282.45,23282.45,23282.45,23282.45,0.0,23282.45,0.0,0.0,23282.45,1.0,0.0,0.0,0.0,regular,0,0,0,0,0,0,1,ZERO_VOL,90.6
2026-03-25 10:04:21.932460,10:04,25,3,2026,2,5,23282.45,23282.45,23282.45,23282.45,0.0,23282.45,0.0,0.0,23282.45,1.0,0.0,0.0,0.0,regular,0,0,0,0,0,0,1,ZERO_VOL,143.8
2026-03-25 10:04:21.991028,10:04,25,3,2026,2,5,23282.2,23282.2,23282.2,23282.2,0.0,23282.2,0.0,0.0,23282.2,1.0,0.0,0.0,0.0,regular,0,0,0,0,0,0,1,ZERO_VOL,58.0
2026-03-25 10:04:24.189292,10:04,25,3,2026,2,5,23281.3,23281.3,23281.3,23281.3,0.0,23281.3,0.0,0.0,23281.3,1.0,0.0,0.0,0.0,regular,0,0,0,0,0,0,1,ZERO_VOL,113.6
2026-03-25 10:04:24.334042,10:04,25,3,2026,2,5,23281.3,23281.3,23281.3,23281.3,0.0,23281.3,0.0,0.0,23281.3,1.0,0.0,0.0,0.0,regular,0,0,0,0,0,0,1,ZERO_VOL,144.3
2026-03-25 10:04:24.390597,10:04,25,3,2026,2,5,23280.7,23280.7,23280.7,23280.7,0.0,23280.7,0.0,0.0,23280.7,1.0,0.0,0.0,0.0,regular,0,0,0,0,0,0,1,ZERO_VOL,56.0
2026-03-25 10:04:24.529362,10:04,25,3,2026,2,5,23281.45,23281.45,23281.45,23281.45,0.0,23281.45,0.0,0.0,23281.45,1.0,0.0,0.0,0.0,regular,0,0,0,0,0,0,1,ZERO_VOL,138.3
2026-03-25 10:04:24.626588,10:04,25,3,2026,2,5,23281.45,23281.45,23281.45,23281.45,0.0,23281.45,0.0,0.0,23281.45,1.0,0.0,0.0,0.0,regular,0,0,0,0,0,0,1,ZERO_VOL,96.7
2026-03-25 10:04:26.302355,10:04,25,3,2026,2,5,23282.2,23282.2,23282.2,23282.2,0.0,23282.2,0.0,0.0,23282.2,1.0,0.0,0.0,0.0,regular,0,0,0,0,0,0,1,ZERO_VOL,56.3
2026-03-25 10:04:26.358869,10:04,25,3,2026,2,5,23282.45,23282.45,23282.45,23282.45,0.0,23282.45,0.0,0.0,23282.45,1.0,0.0,0.0,0.0,regular,0,0,0,0,0,0,1,ZERO_VOL,56.0
2026-03-25 10:04:26.476662,10:04,25,3,2026,2,5,23280.8,23280.8,23280.8,23280.8,0.0,23280.8,0.0,0.0,23280.8,1.0,0.0,0.0,0.0,regular,0,0,0,0,0,0,1,ZERO_VOL,117.3
2026-03-25 10:04:26.610946,10:04,25,3,2026,2,5,23281.45,23281.45,23281.45,23281.45,0.0,23281.45,0.0,0.0,23281.45,1.0,0.0,0.0,0.0,regular,0,0,0,0,0,0,1,ZERO_VOL,133.7
2026-03-25 10:04:26.755640,10:04,25,3,2026,2,5,23280.7,23280.7,23280.7,23280.7,0.0,23280.7,0.0,0.0,23280.7,1.0,0.0,0.0,0.0,regular,0,0,0,0,0,0,1,ZERO_VOL,144.2
2026-03-25 10:04:28.409384,10:04,25,3,2026,2,5,23281.3,23281.3,23281.3,23281.3,0.0,23281.3,0.0,0.0,23281.3,1.0,0.0,0.0,0.0,regular,0,0,0,0,0,0,1,ZERO_VOL,75.3
2026-03-25 10:04:28.557013,10:04,25,3,2026,2,5,23280.7,23280.7,23280.7,23280.7,0.0,23280.7,0.0,0.0,23280.7,1.0,0.0,0.0,0.0,regular,0,0,0,0,0,0,1,ZERO_VOL,147.1
2026-03-25 10:04:28.638211,10:04,25,3,2026,2,5,23281.2,23281.2,23281.2,23281.2,0.0,23281.2,0.0,0.0,23281.2,1.0,0.0,0.0,0.0,regular,0,0,0,0,0,0,1,ZERO_VOL,80.6
2026-03-25 10:04:28.732388,10:04,25,3,2026,2,5,23281.2,23281.2,23281.2,23281.2,0.0,23281.2,0.0,0.0,23281.2,1.0,0.0,0.0,0.0,regular,0,0,0,0,0,0,1,ZERO_VOL,93.5
2026-03-25 10:04:28.826589,10:04,25,3,2026,2,5,23281.2,23281.2,23281.2,23281.2,0.0,23281.2,0.0,0.0,23281.2,1.0,0.0,0.0,0.0,regular,0,0,0,0,0,0,1,ZERO_VOL,93.7
2026-03-25 10:04:30.440465,10:04,25,3,2026,2,5,23281.45,23281.45,23281.45,23281.45,0.0,23281.45,0.0,0.0,23281.45,1.0,0.0,0.0,0.0,regular,0,0,0,0,0,0,1,ZERO_VOL,53.0
2026-03-25 10:04:30.515075,10:04,25,3,2026,2,5,23281.2,23281.2,23281.2,23281.2,0.0,23281.2,0.0,0.0,23281.2,1.0,0.0,0.0,0.0,regular,0,0,0,0,0,0,1,ZERO_VOL,74.1
2026-03-25 10:04:30.568983,10:04,25,3,2026,2,5,23281.45,23281.45,23281.45,23281.45,0.0,23281.45,0.0,0.0,23281.45,1.0,0.0,0.0,0.0,regular,0,0,0,0,0,0,1,ZERO_VOL,53.4
2026-03-25 10:04:30.638024,10:04,25,3,2026,2,5,23280.7,23280.7,23280.7,23280.7,0.0,23280.7,0.0,0.0,23280.7,1.0,0.0,0.0,0.0,regular,0,0,0,0,0,0,1,ZERO_VOL,68.6
2026-03-25 10:04:30.701923,10:04,25,3,2026,2,5,23280.7,23280.7,23280.7,23280.7,0.0,23280.7,0.0,0.0,23280.7,1.0,0.0,0.0,0.0,regular,0,0,0,0,0,0,1,ZERO_VOL,63.3
2026-03-25 10:04:32.488302,10:04,25,3,2026,2,5,23282.35,23282.35,23282.35,23282.35,0.0,23282.35,0.0,0.0,23282.35,1.0,0.0,0.0,0.0,regular,0,0,0,0,0,0,1,ZERO_VOL,128.4
2026-03-25 10:04:32.652648,10:04,25,3,2026,2,5,23282.35,23282.35,23282.35,23282.35,0.0,23282.35,0.0,0.0,23282.35,1.0,0.0,0.0,0.0,regular,0,0,0,0,0,0,1,ZERO_VOL,163.9
2026-03-25 10:04:32.797178,10:04,25,3,2026,2,5,23282.6,23282.6,23282.6,23282.6,0.0,23282.6,0.0,0.0,23282.6,1.0,0.0,0.0,0.0,regular,0,0,0,0,0,0,1,ZERO_VOL,144.0
2026-03-25 10:04:32.893642,10:04,25,3,2026,2,5,23282.35,23282.35,23282.35,23282.35,0.0,23282.35,0.0,0.0,23282.35,1.0,0.0,0.0,0.0,regular,0,0,0,0,0,0,1,ZERO_VOL,95.9
2026-03-25 10:04:32.951127,10:04,25,3,2026,2,5,23281.3,23281.3,23281.3,23281.3,0.0,23281.3,0.0,0.0,23281.3,1.0,0.0,0.0,0.0,regular,0,0,0,0,0,0,1,ZERO_VOL,57.0
2026-03-25 10:04:34.740938,10:04,25,3,2026,2,5,23282.3,23282.3,23282.3,23282.3,0.0,23282.3,0.0,0.0,23282.3,1.0,0.0,0.0,0.0,regular,0,0,0,0,0,0,1,ZERO_VOL,111.3
2026-03-25 10:04:34.862766,10:04,25,3,2026,2,5,23282.3,23282.3,23282.3,23282.3,0.0,23282.3,0.0,0.0,23282.3,1.0,0.0,0.0,0.0,regular,0,0,0,0,0,0,1,ZERO_VOL,121.3
2026-03-25 10:04:34.982046,10:04,25,3,2026,2,5,23281.8,23281.8,23281.8,23281.8,0.0,23281.8,0.0,0.0,23281.8,1.0,0.0,0.0,0.0,regular,0,0,0,0,0,0,1,ZERO_VOL,118.8
2026-03-25 10:04:35.166851,10:04,25,3,2026,2,5,23282.3,23282.3,23282.3,23282.3,0.0,23282.3,0.0,0.0,23282.3,1.0,0.0,0.0,0.0,regular,0,0,0,0,0,0,1,ZERO_VOL,184.3
2026-03-25 10:04:35.263071,10:04,25,3,2026,2,5,23282.45,23282.45,23282.45,23282.45,0.0,23282.45,0.0,0.0,23282.45,1.0,0.0,0.0,0.0,regular,0,0,0,0,0,0,1,ZERO_VOL,95.7
2026-03-25 10:04:37.179445,10:04,25,3,2026,2,5,23282.3,23282.3,23282.3,23282.3,0.0,23282.3,0.0,0.0,23282.3,1.0,0.0,0.0,0.0,regular,0,0,0,0,0,0,1,ZERO_VOL,62.5
2026-03-25 10:04:37.259179,10:04,25,3,2026,2,5,23282.05,23282.05,23282.05,23282.05,0.0,23282.05,0.0,0.0,23282.05,1.0,0.0,0.0,0.0,regular,0,0,0,0,0,0,1,ZERO_VOL,79.2
2026-03-25 10:04:37.403399,10:04,25,3,2026,2,5,23282.05,23282.05,23282.05,23282.05,0.0,23282.05,0.0,0.0,23282.05,1.0,0.0,0.0,0.0,regular,0,0,0,0,0,0,1,ZERO_VOL,143.7
2026-03-25 10:04:37.502126,10:04,25,3,2026,2,5,23282.05,23282.05,23282.05,23282.05,0.0,23282.05,0.0,0.0,23282.05,1.0,0.0,0.0,0.0,regular,0,0,0,0,0,0,1,ZERO_VOL,98.2
2026-03-25 10:04:37.591384,10:04,25,3,2026,2,5,23282.05,23282.05,23282.05,23282.05,0.0,23282.05,0.0,0.0,23282.05,1.0,0.0,0.0,0.0,regular,0,0,0,0,0,0,1,ZERO_VOL,88.8
2026-03-25 10:04:39.299124,10:04,25,3,2026,2,5,23282.7,23282.7,23282.7,23282.7,0.0,23282.7,0.0,0.0,23282.7,1.0,0.0,0.0,0.0,regular,0,0,0,0,0,0,1,ZERO_VOL,135.9
2026-03-25 10:04:39.355756,10:04,25,3,2026,2,5,23282.3,23282.3,23282.3,23282.3,0.0,23282.3,0.0,0.0,23282.3,1.0,0.0,0.0,0.0,regular,0,0,0,0,0,0,1,ZERO_VOL,56.0
2026-03-25 10:04:39.441133,10:04,25,3,2026,2,5,23282.7,23282.7,23282.7,23282.7,0.0,23282.7,0.0,0.0,23282.7,1.0,0.0,0.0,0.0,regular,0,0,0,0,0,0,1,ZERO_VOL,84.9
2026-03-25 10:04:39.556228,10:04,25,3,2026,2,5,23282.25,23282.25,23282.25,23282.25,0.0,23282.25,0.0,0.0,23282.25,1.0,0.0,0.0,0.0,regular,0,0,0,0,0,0,1,ZERO_VOL,114.6
2026-03-25 10:04:39.691133,10:04,25,3,2026,2,5,23282.15,23282.15,23282.15,23282.15,0.0,23282.15,0.0,0.0,23282.15,1.0,0.0,0.0,0.0,regular,0,0,0,0,0,0,1,ZERO_VOL,134.4
2026-03-25 10:04:41.497128,10:04,25,3,2026,2,5,23281.55,23281.55,23281.55,23281.55,0.0,23281.55,0.0,0.0,23281.55,1.0,0.0,0.0,0.0,regular,0,0,0,0,0,0,1,ZERO_VOL,180.6
2026-03-25 10:04:41.657771,10:04,25,3,2026,2,5,23281.55,23281.55,23281.55,23281.55,0.0,23281.55,0.0,0.0,23281.55,1.0,0.0,0.0,0.0,regular,0,0,0,0,0,0,1,ZERO_VOL,160.0
2026-03-25 10:04:41.766757,10:04,25,3,2026,2,5,23281.15,23281.15,23281.15,23281.15,0.0,23281.15,0.0,0.0,23281.15,1.0,0.0,0.0,0.0,regular,0,0,0,0,0,0,1,ZERO_VOL,108.4
2026-03-25 10:04:41.830014,10:04,25,3,2026,2,5,23282.45,23282.45,23282.45,23282.45,0.0,23282.45,0.0,0.0,23282.45,1.0,0.0,0.0,0.0,regular,0,0,0,0,0,0,1,ZERO_VOL,62.7
2026-03-25 10:04:41.896467,10:04,25,3,2026,2,5,23282.3,23282.3,23282.3,23282.3,0.0,23282.3,0.0,0.0,23282.3,1.0,0.0,0.0,0.0,regular,0,0,0,0,0,0,1,ZERO_VOL,65.9
2026-03-25 10:04:43.671369,10:04,25,3,2026,2,5,23283.85,23283.85,23283.85,23283.85,0.0,23283.85,0.0,0.0,23283.85,1.0,0.0,0.0,0.0,regular,0,0,0,0,0,0,1,ZERO_VOL,158.5
2026-03-25 10:04:43.733725,10:04,25,3,2026,2,5,23281.55,23281.55,23281.55,23281.55,0.0,23281.55,0.0,0.0,23281.55,1.0,0.0,0.0,0.0,regular,0,0,0,0,0,0,1,ZERO_VOL,61.9
2026-03-25 10:04:43.789466,10:04,25,3,2026,2,5,23282.7,23282.7,23282.7,23282.7,0.0,23282.7,0.0,0.0,23282.7,1.0,0.0,0.0,0.0,regular,0,0,0,0,0,0,1,ZERO_VOL,55.2
2026-03-25 10:04:43.944518,10:04,25,3,2026,2,5,23280.9,23280.9,23280.9,23280.9,0.0,23280.9,0.0,0.0,23280.9,1.0,0.0,0.0,0.0,regular,0,0,0,0,0,0,1,ZERO_VOL,154.5
2026-03-25 10:04:44.029910,10:04,25,3,2026,2,5,23282.05,23282.05,23282.05,23282.05,0.0,23282.05,0.0,0.0,23282.05,1.0,0.0,0.0,0.0,regular,0,0,0,0,0,0,1,ZERO_VOL,84.8
2026-03-25 10:04:45.881734,10:04,25,3,2026,2,5,23281.55,23281.55,23281.55,23281.55,0.0,23281.55,0.0,0.0,23281.55,1.0,0.0,0.0,0.0,regular,0,0,0,0,0,0,1,ZERO_VOL,159.1
2026-03-25 10:04:45.961145,10:04,25,3,2026,2,5,23281.15,23281.15,23281.15,23281.15,0.0,23281.15,0.0,0.0,23281.15,1.0,0.0,0.0,0.0,regular,0,0,0,0,0,0,1,ZERO_VOL,78.9
2026-03-25 10:04:46.058936,10:04,25,3,2026,2,5,23281.55,23281.55,23281.55,23281.55,0.0,23281.55,0.0,0.0,23281.55,1.0,0.0,0.0,0.0,regular,0,0,0,0,0,0,1,ZERO_VOL,97.2
2026-03-25 10:04:46.112810,10:04,25,3,2026,2,5,23281.55,23281.55,23281.55,23281.55,0.0,23281.55,0.0,0.0,23281.55,1.0,0.0,0.0,0.0,regular,0,0,0,0,0,0,1,ZERO_VOL,53.4
2026-03-25 10:04:46.204828,10:04,25,3,2026,2,5,23281.6,23281.6,23281.6,23281.6,0.0,23281.6,0.0,0.0,23281.6,1.0,0.0,0.0,0.0,regular,0,0,0,0,0,0,1,ZERO_VOL,91.5
2026-03-25 10:04:47.940167,10:04,25,3,2026,2,5,23280.9,23280.9,23280.9,23280.9,0.0,23280.9,0.0,0.0,23280.9,1.0,0.0,0.0,0.0,regular,0,0,0,0,0,0,1,ZERO_VOL,61.6
2026-03-25 10:04:48.076223,10:04,25,3,2026,2,5,23283.6,23283.6,23283.6,23283.6,0.0,23283.6,0.0,0.0,23283.6,1.0,0.0,0.0,0.0,regular,0,0,0,0,0,0,1,ZERO_VOL,135.6
2026-03-25 10:04:48.135455,10:04,25,3,2026,2,5,23282.15,23282.15,23282.15,23282.15,0.0,23282.15,0.0,0.0,23282.15,1.0,0.0,0.0,0.0,regular,0,0,0,0,0,0,1,ZERO_VOL,58.7
2026-03-25 10:04:48.191151,10:04,25,3,2026,2,5,23282.7,23282.7,23282.7,23282.7,0.0,23282.7,0.0,0.0,23282.7,1.0,0.0,0.0,0.0,regular,0,0,0,0,0,0,1,ZERO_VOL,55.2
2026-03-25 10:04:48.250904,10:04,25,3,2026,2,5,23282.7,23282.7,23282.7,23282.7,0.0,23282.7,0.0,0.0,23282.7,1.0,0.0,0.0,0.0,regular,0,0,0,0,0,0,1,ZERO_VOL,59.1
2026-03-25 10:04:49.754099,10:04,25,3,2026,2,5,23280.2,23280.2,23280.2,23280.2,0.0,23280.2,0.0,0.0,23280.2,1.0,0.0,0.0,0.0,regular,0,0,0,0,0,0,1,ZERO_VOL,139.2
2026-03-25 10:04:49.838654,10:04,25,3,2026,2,5,23280.8,23280.8,23280.8,23280.8,0.0,23280.8,0.0,0.0,23280.8,1.0,0.0,0.0,0.0,regular,0,0,0,0,0,0,1,ZERO_VOL,84.1
2026-03-25 10:04:49.921673,10:04,25,3,2026,2,5,23280.8,23280.8,23280.8,23280.8,0.0,23280.8,0.0,0.0,23280.8,1.0,0.0,0.0,0.0,regular,0,0,0,0,0,0,1,ZERO_VOL,82.5
2026-03-25 10:04:49.981496,10:04,25,3,2026,2,5,23281.15,23281.15,23281.15,23281.15,0.0,23281.15,0.0,0.0,23281.15,1.0,0.0,0.0,0.0,regular,0,0,0,0,0,0,1,ZERO_VOL,59.3
2026-03-25 10:04:50.086936,10:04,25,3,2026,2,5,23280.8,23280.8,23280.8,23280.8,0.0,23280.8,0.0,0.0,23280.8,1.0,0.0,0.0,0.0,regular,0,0,0,0,0,0,1,ZERO_VOL,105.0
2026-03-25 10:04:51.712982,10:04,25,3,2026,2,5,23280.8,23280.8,23280.8,23280.8,0.0,23280.8,0.0,0.0,23280.8,1.0,0.0,0.0,0.0,regular,0,0,0,0,0,0,1,ZERO_VOL,58.4
2026-03-25 10:04:51.868995,10:04,25,3,2026,2,5,23282.3,23282.3,23282.3,23282.3,0.0,23282.3,0.0,0.0,23282.3,1.0,0.0,0.0,0.0,regular,0,0,0,0,0,0,1,ZERO_VOL,155.5
2026-03-25 10:04:51.919569,10:04,25,3,2026,2,5,23280.9,23280.9,23280.9,23280.9,0.0,23280.9,0.0,0.0,23280.9,1.0,0.0,0.0,0.0,regular,0,0,0,0,0,0,1,ZERO_VOL,50.0
2026-03-25 10:04:52.085277,10:04,25,3,2026,2,5,23283.8,23283.8,23283.8,23283.8,0.0,23283.8,0.0,0.0,23283.8,1.0,0.0,0.0,0.0,regular,0,0,0,0,0,0,1,ZERO_VOL,164.6
2026-03-25 10:04:52.235004,10:04,25,3,2026,2,5,23283.75,23283.75,23283.75,23283.75,0.0,23283.75,0.0,0.0,23283.75,1.0,0.0,0.0,0.0,regular,0,0,0,0,0,0,1,ZERO_VOL,149.2
2026-03-25 10:04:53.841494,10:04,25,3,2026,2,5,23283.4,23283.4,23283.4,23283.4,0.0,23283.4,0.0,0.0,23283.4,1.0,0.0,0.0,0.0,regular,0,0,0,0,0,0,1,ZERO_VOL,97.7
2026-03-25 10:04:53.925340,10:04,25,3,2026,2,5,23283.4,23283.4,23283.4,23283.4,0.0,23283.4,0.0,0.0,23283.4,1.0,0.0,0.0,0.0,regular,0,0,0,0,0,0,1,ZERO_VOL,83.3
2026-03-25 10:04:54.020771,10:04,25,3,2026,2,5,23283.4,23283.4,23283.4,23283.4,0.0,23283.4,0.0,0.0,23283.4,1.0,0.0,0.0,0.0,regular,0,0,0,0,0,0,1,ZERO_VOL,94.9
2026-03-25 10:04:54.078111,10:04,25,3,2026,2,5,23281.55,23281.55,23281.55,23281.55,0.0,23281.55,0.0,0.0,23281.55,1.0,0.0,0.0,0.0,regular,0,0,0,0,0,0,1,ZERO_VOL,56.8
2026-03-25 10:04:54.252887,10:04,25,3,2026,2,5,23283.6,23283.6,23283.6,23283.6,0.0,23283.6,0.0,0.0,23283.6,1.0,0.0,0.0,0.0,regular,0,0,0,0,0,0,1,ZERO_VOL,174.3
2026-03-25 10:04:55.953715,10:04,25,3,2026,2,5,23283.6,23283.6,23283.6,23283.6,0.0,23283.6,0.0,0.0,23283.6,1.0,0.0,0.0,0.0,regular,0,0,0,0,0,0,1,ZERO_VOL,55.3
2026-03-25 10:04:56.070420,10:04,25,3,2026,2,5,23283.55,23283.55,23283.55,23283.55,0.0,23283.55,0.0,0.0,23283.55,1.0,0.0,0.0,0.0,regular,0,0,0,0,0,0,1,ZERO_VOL,116.1
2026-03-25 10:04:56.199908,10:04,25,3,2026,2,5,23283.75,23283.75,23283.75,23283.75,0.0,23283.75,0.0,0.0,23283.75,1.0,0.0,0.0,0.0,regular,0,0,0,0,0,0,1,ZERO_VOL,128.9
2026-03-25 10:04:56.380058,10:04,25,3,2026,2,5,23283.55,23283.55,23283.55,23283.55,0.0,23283.55,0.0,0.0,23283.55,1.0,0.0,0.0,0.0,regular,0,0,0,0,0,0,1,ZERO_VOL,179.5
2026-03-25 10:04:56.486354,10:04,25,3,2026,2,5,23285.05,23285.05,23285.05,23285.05,0.0,23285.05,0.0,0.0,23285.05,1.0,0.0,0.0,0.0,regular,0,0,0,0,0,0,1,ZERO_VOL,105.8
2026-03-25 10:04:58.188922,10:04,25,3,2026,2,5,23285.15,23285.15,23285.15,23285.15,0.0,23285.15,0.0,0.0,23285.15,1.0,0.0,0.0,0.0,regular,0,0,0,0,0,0,1,ZERO_VOL,168.9
2026-03-25 10:04:58.299551,10:04,25,3,2026,2,5,23283.3,23283.3,23283.3,23283.3,0.0,23283.3,0.0,0.0,23283.3,1.0,0.0,0.0,0.0,regular,0,0,0,0,0,0,1,ZERO_VOL,110.1
2026-03-25 10:04:58.458363,10:04,25,3,2026,2,5,23283.3,23283.3,23283.3,23283.3,0.0,23283.3,0.0,0.0,23283.3,1.0,0.0,0.0,0.0,regular,0,0,0,0,0,0,1,ZERO_VOL,158.2
2026-03-25 10:04:58.521719,10:04,25,3,2026,2,5,23280.8,23280.8,23280.8,23280.8,0.0,23280.8,0.0,0.0,23280.8,1.0,0.0,0.0,0.0,regular,0,0,0,0,0,0,1,ZERO_VOL,62.8
2026-03-25 10:04:58.580374,10:04,25,3,2026,2,5,23283.55,23283.55,23283.55,23283.55,0.0,23283.55,0.0,0.0,23283.55,1.0,0.0,0.0,0.0,regular,0,0,0,0,0,0,1,ZERO_VOL,58.1
2026-03-25 10:05:00.311631,10:05,25,3,2026,2,5,23283.6,23283.6,23283.6,23283.6,0.0,23283.6,0.0,0.0,23283.6,1.0,0.0,0.0,0.0,regular,0,0,0,0,0,0,1,ZERO_VOL,56.1
2026-03-25 10:05:00.402211,10:05,25,3,2026,2,5,23282.25,23285.95,23279.25,23281.8,0.0,23282.33,6.7,-0.0019,23282.33,1.0003,6.71,3.7,2.55,regular,0,0,0,0,0,0,1,ZERO_VOL,90.1
2026-03-25 10:05:00.529465,10:05,25,3,2026,2,5,23282.25,23285.95,23279.25,23280.85,0.0,23282.02,6.7,-0.006,23282.02,1.0003,20.9,3.7,1.6,regular,0,0,0,0,0,0,1,ZERO_VOL,126.8
2026-03-25 10:05:00.614203,10:05,25,3,2026,2,5,23282.25,23285.95,23279.25,23280.85,0.0,23282.02,6.7,-0.006,23282.02,1.0003,20.9,3.7,1.6,regular,0,0,0,0,0,0,1,ZERO_VOL,84.2
2026-03-25 10:05:00.731734,10:05,25,3,2026,2,5,23282.25,23285.95,23279.25,23280.85,0.0,23282.02,6.7,-0.006,23282.02,1.0003,20.9,3.7,1.6,regular,0,0,0,0,0,0,1,ZERO_VOL,116.9
2026-03-25 10:05:02.520725,10:05,25,3,2026,2,5,23283.15,23283.15,23283.15,23283.15,0.0,23283.15,0.0,0.0,23283.15,1.0,0.0,0.0,0.0,regular,0,0,0,0,0,0,1,ZERO_VOL,129.0
2026-03-25 10:05:02.621970,10:05,25,3,2026,2,5,23283.15,23283.15,23283.15,23283.15,0.0,23283.15,0.0,0.0,23283.15,1.0,0.0,0.0,0.0,regular,0,0,0,0,0,0,1,ZERO_VOL,100.7
2026-03-25 10:05:02.684230,10:05,25,3,2026,2,5,23283.3,23283.3,23283.3,23283.3,0.0,23283.3,0.0,0.0,23283.3,1.0,0.0,0.0,0.0,regular,0,0,0,0,0,0,1,ZERO_VOL,61.7
2026-03-25 10:05:02.752719,10:05,25,3,2026,2,5,23283.55,23283.55,23283.55,23283.55,0.0,23283.55,0.0,0.0,23283.55,1.0,0.0,0.0,0.0,regular,0,0,0,0,0,0,1,ZERO_VOL,68.0
2026-03-25 10:05:02.884099,10:05,25,3,2026,2,5,23283.15,23283.15,23283.15,23283.15,0.0,23283.15,0.0,0.0,23283.15,1.0,0.0,0.0,0.0,regular,0,0,0,0,0,0,1,ZERO_VOL,130.9
2026-03-25 10:05:04.525389,10:05,25,3,2026,2,5,23282.95,23282.95,23282.95,23282.95,0.0,23282.95,0.0,0.0,23282.95,1.0,0.0,0.0,0.0,regular,0,0,0,0,0,0,1,ZERO_VOL,149.7
2026-03-25 10:05:04.620780,10:05,25,3,2026,2,5,23282.6,23282.6,23282.6,23282.6,0.0,23282.6,0.0,0.0,23282.6,1.0,0.0,0.0,0.0,regular,0,0,0,0,0,0,1,ZERO_VOL,94.9
2026-03-25 10:05:04.798853,10:05,25,3,2026,2,5,23282.6,23282.6,23282.6,23282.6,0.0,23282.6,0.0,0.0,23282.6,1.0,0.0,0.0,0.0,regular,0,0,0,0,0,0,1,ZERO_VOL,177.5
2026-03-25 10:05:04.973961,10:05,25,3,2026,2,5,23282.55,23282.55,23282.55,23282.55,0.0,23282.55,0.0,0.0,23282.55,1.0,0.0,0.0,0.0,regular,0,0,0,0,0,0,1,ZERO_VOL,174.6
2026-03-25 10:05:05.069893,10:05,25,3,2026,2,5,23282.6,23282.6,23282.6,23282.6,0.0,23282.6,0.0,0.0,23282.6,1.0,0.0,0.0,0.0,regular,0,0,0,0,0,0,1,ZERO_VOL,95.3
2026-03-25 10:05:07.075894,10:05,25,3,2026,2,5,23285.45,23285.45,23285.45,23285.45,0.0,23285.45,0.0,0.0,23285.45,1.0,0.0,0.0,0.0,regular,0,0,0,0,0,0,1,ZERO_VOL,149.6
2026-03-25 10:05:07.231950,10:05,25,3,2026,2,5,23283.25,23283.25,23283.25,23283.25,0.0,23283.25,0.0,0.0,23283.25,1.0,0.0,0.0,0.0,regular,0,0,0,0,0,0,1,ZERO_VOL,155.5
2026-03-25 10:05:07.379217,10:05,25,3,2026,2,5,23285.45,23285.45,23285.45,23285.45,0.0,23285.45,0.0,0.0,23285.45,1.0,0.0,0.0,0.0,regular,0,0,0,0,0,0,1,ZERO_VOL,146.7
2026-03-25 10:05:07.467544,10:05,25,3,2026,2,5,23283.25,23283.25,23283.25,23283.25,0.0,23283.25,0.0,0.0,23283.25,1.0,0.0,0.0,0.0,regular,0,0,0,0,0,0,1,ZERO_VOL,87.8
2026-03-25 10:05:07.563684,10:05,25,3,2026,2,5,23283.25,23283.25,23283.25,23283.25,0.0,23283.25,0.0,0.0,23283.25,1.0,0.0,0.0,0.0,regular,0,0,0,0,0,0,1,ZERO_VOL,95.4
2026-03-25 10:05:09.299267,10:05,25,3,2026,2,5,23285.05,23285.05,23285.05,23285.05,0.0,23285.05,0.0,0.0,23285.05,1.0,0.0,0.0,0.0,regular,0,0,0,0,0,0,1,ZERO_VOL,174.3
2026-03-25 10:05:09.477138,10:05,25,3,2026,2,5,23285.05,23285.05,23285.05,23285.05,0.0,23285.05,0.0,0.0,23285.05,1.0,0.0,0.0,0.0,regular,0,0,0,0,0,0,1,ZERO_VOL,177.4
2026-03-25 10:05:09.533369,10:05,25,3,2026,2,5,23283.25,23283.25,23283.25,23283.25,0.0,23283.25,0.0,0.0,23283.25,1.0,0.0,0.0,0.0,regular,0,0,0,0,0,0,1,ZERO_VOL,55.7
2026-03-25 10:05:09.645457,10:05,25,3,2026,2,5,23284.85,23284.85,23284.85,23284.85,0.0,23284.85,0.0,0.0,23284.85,1.0,0.0,0.0,0.0,regular,0,0,0,0,0,0,1,ZERO_VOL,111.6
2026-03-25 10:05:09.715439,10:05,25,3,2026,2,5,23282.95,23282.95,23282.95,23282.95,0.0,23282.95,0.0,0.0,23282.95,1.0,0.0,0.0,0.0,regular,0,0,0,0,0,0,1,ZERO_VOL,69.4
2026-03-25 10:05:11.367348,10:05,25,3,2026,2,5,23283.15,23283.15,23283.15,23283.15,0.0,23283.15,0.0,0.0,23283.15,1.0,0.0,0.0,0.0,regular,0,0,0,0,0,0,1,ZERO_VOL,73.2
2026-03-25 10:05:11.532688,10:05,25,3,2026,2,5,23286.95,23286.95,23286.95,23286.95,0.0,23286.95,0.0,0.0,23286.95,1.0,0.0,0.0,0.0,regular,0,0,0,0,0,0,1,ZERO_VOL,164.8
2026-03-25 10:05:11.588576,10:05,25,3,2026,2,5,23282.95,23282.95,23282.95,23282.95,0.0,23282.95,0.0,0.0,23282.95,1.0,0.0,0.0,0.0,regular,0,0,0,0,0,0,1,ZERO_VOL,55.3
2026-03-25 10:05:11.734872,10:05,25,3,2026,2,5,23286.95,23286.95,23286.95,23286.95,0.0,23286.95,0.0,0.0,23286.95,1.0,0.0,0.0,0.0,regular,0,0,0,0,0,0,1,ZERO_VOL,145.5
2026-03-25 10:05:11.881457,10:05,25,3,2026,2,5,23287.45,23287.45,23287.45,23287.45,0.0,23287.45,0.0,0.0,23287.45,1.0,0.0,0.0,0.0,regular,0,0,0,0,0,0,1,ZERO_VOL,145.6
2026-03-25 10:05:13.521545,10:05,25,3,2026,2,5,23286.0,23286.0,23286.0,23286.0,0.0,23286.0,0.0,0.0,23286.0,1.0,0.0,0.0,0.0,regular,0,0,0,0,0,0,1,ZERO_VOL,217.4
2026-03-25 10:05:13.706095,10:05,25,3,2026,2,5,23285.0,23285.0,23285.0,23285.0,0.0,23285.0,0.0,0.0,23285.0,1.0,0.0,0.0,0.0,regular,0,0,0,0,0,0,1,ZERO_VOL,184.0
2026-03-25 10:05:13.791544,10:05,25,3,2026,2,5,23286.0,23286.0,23286.0,23286.0,0.0,23286.0,0.0,0.0,23286.0,1.0,0.0,0.0,0.0,regular,0,0,0,0,0,0,1,ZERO_VOL,85.0
2026-03-25 10:05:13.856783,10:05,25,3,2026,2,5,23285.45,23285.45,23285.45,23285.45,0.0,23285.45,0.0,0.0,23285.45,1.0,0.0,0.0,0.0,regular,0,0,0,0,0,0,1,ZERO_VOL,64.5
2026-03-25 10:05:14.116151,10:05,25,3,2026,2,5,23286.0,23286.0,23286.0,23286.0,0.0,23286.0,0.0,0.0,23286.0,1.0,0.0,0.0,0.0,regular,0,0,0,0,0,0,1,ZERO_VOL,258.9
2026-03-25 10:05:15.533514,10:05,25,3,2026,2,5,23283.25,23283.25,23283.25,23283.25,0.0,23283.25,0.0,0.0,23283.25,1.0,0.0,0.0,0.0,regular,0,0,0,0,0,0,1,ZERO_VOL,60.9
2026-03-25 10:05:15.651848,10:05,25,3,2026,2,5,23287.05,23287.05,23287.05,23287.05,0.0,23287.05,0.0,0.0,23287.05,1.0,0.0,0.0,0.0,regular,0,0,0,0,0,0,1,ZERO_VOL,117.8
2026-03-25 10:05:15.730543,10:05,25,3,2026,2,5,23285.0,23285.0,23285.0,23285.0,0.0,23285.0,0.0,0.0,23285.0,1.0,0.0,0.0,0.0,regular,0,0,0,0,0,0,1,ZERO_VOL,77.3
2026-03-25 10:05:15.822598,10:05,25,3,2026,2,5,23285.0,23285.0,23285.0,23285.0,0.0,23285.0,0.0,0.0,23285.0,1.0,0.0,0.0,0.0,regular,0,0,0,0,0,0,1,ZERO_VOL,91.4
2026-03-25 10:05:15.977611,10:05,25,3,2026,2,5,23285.0,23285.0,23285.0,23285.0,0.0,23285.0,0.0,0.0,23285.0,1.0,0.0,0.0,0.0,regular,0,0,0,0,0,0,1,ZERO_VOL,154.5
2026-03-25 10:05:17.731312,10:05,25,3,2026,2,5,23283.05,23283.05,23283.05,23283.05,0.0,23283.05,0.0,0.0,23283.05,1.0,0.0,0.0,0.0,regular,0,0,0,0,0,0,1,ZERO_VOL,141.2
2026-03-25 10:05:17.822144,10:05,25,3,2026,2,5,23283.05,23283.05,23283.05,23283.05,0.0,23283.05,0.0,0.0,23283.05,1.0,0.0,0.0,0.0,regular,0,0,0,0,0,0,1,ZERO_VOL,90.3
2026-03-25 10:05:17.997627,10:05,25,3,2026,2,5,23283.4,23283.4,23283.4,23283.4,0.0,23283.4,0.0,0.0,23283.4,1.0,0.0,0.0,0.0,regular,0,0,0,0,0,0,1,ZERO_VOL,175.0
2026-03-25 10:05:18.093517,10:05,25,3,2026,2,5,23283.05,23283.05,23283.05,23283.05,0.0,23283.05,0.0,0.0,23283.05,1.0,0.0,0.0,0.0,regular,0,0,0,0,0,0,1,ZERO_VOL,95.4
2026-03-25 10:05:18.272043,10:05,25,3,2026,2,5,23283.4,23283.4,23283.4,23283.4,0.0,23283.4,0.0,0.0,23283.4,1.0,0.0,0.0,0.0,regular,0,0,0,0,0,0,1,ZERO_VOL,178.0
2026-03-25 10:05:19.946515,10:05,25,3,2026,2,5,23281.5,23281.5,23281.5,23281.5,0.0,23281.5,0.0,0.0,23281.5,1.0,0.0,0.0,0.0,regular,0,0,0,0,0,0,1,ZERO_VOL,151.9
2026-03-25 10:05:20.088578,10:05,25,3,2026,2,5,23281.5,23281.5,23281.5,23281.5,0.0,23281.5,0.0,0.0,23281.5,1.0,0.0,0.0,0.0,regular,0,0,0,0,0,0,1,ZERO_VOL,141.6
2026-03-25 10:05:20.148262,10:05,25,3,2026,2,5,23283.4,23283.4,23283.4,23283.4,0.0,23283.4,0.0,0.0,23283.4,1.0,0.0,0.0,0.0,regular,0,0,0,0,0,0,1,ZERO_VOL,59.1
2026-03-25 10:05:20.225754,10:05,25,3,2026,2,5,23281.95,23281.95,23281.95,23281.95,0.0,23281.95,0.0,0.0,23281.95,1.0,0.0,0.0,0.0,regular,0,0,0,0,0,0,1,ZERO_VOL,77.0
2026-03-25 10:05:20.277640,10:05,25,3,2026,2,5,23285.0,23285.0,23285.0,23285.0,0.0,23285.0,0.0,0.0,23285.0,1.0,0.0,0.0,0.0,regular,0,0,0,0,0,0,1,ZERO_VOL,51.4
2026-03-25 10:05:22.105286,10:05,25,3,2026,2,5,23282.7,23282.7,23282.7,23282.7,0.0,23282.7,0.0,0.0,23282.7,1.0,0.0,0.0,0.0,regular,0,0,0,0,0,0,1,ZERO_VOL,97.8
2026-03-25 10:05:22.160413,10:05,25,3,2026,2,5,23283.05,23283.05,23283.05,23283.05,0.0,23283.05,0.0,0.0,23283.05,1.0,0.0,0.0,0.0,regular,0,0,0,0,0,0,1,ZERO_VOL,54.6
2026-03-25 10:05:22.269339,10:05,25,3,2026,2,5,23283.8,23283.8,23283.8,23283.8,0.0,23283.8,0.0,0.0,23283.8,1.0,0.0,0.0,0.0,regular,0,0,0,0,0,0,1,ZERO_VOL,108.4
2026-03-25 10:05:22.366816,10:05,25,3,2026,2,5,23283.8,23283.8,23283.8,23283.8,0.0,23283.8,0.0,0.0,23283.8,1.0,0.0,0.0,0.0,regular,0,0,0,0,0,0,1,ZERO_VOL,96.9
2026-03-25 10:05:22.553397,10:05,25,3,2026,2,5,23283.3,23283.3,23283.3,23283.3,0.0,23283.3,0.0,0.0,23283.3,1.0,0.0,0.0,0.0,regular,0,0,0,0,0,0,1,ZERO_VOL,186.1
2026-03-25 10:05:24.647449,10:05,25,3,2026,2,5,23283.8,23283.8,23283.8,23283.8,0.0,23283.8,0.0,0.0,23283.8,1.0,0.0,0.0,0.0,regular,0,0,0,0,0,0,1,ZERO_VOL,62.8
2026-03-25 10:05:24.744495,10:05,25,3,2026,2,5,23284.9,23284.9,23284.9,23284.9,0.0,23284.9,0.0,0.0,23284.9,1.0,0.0,0.0,0.0,regular,0,0,0,0,0,0,1,ZERO_VOL,96.5
2026-03-25 10:05:24.897921,10:05,25,3,2026,2,5,23284.7,23284.7,23284.7,23284.7,0.0,23284.7,0.0,0.0,23284.7,1.0,0.0,0.0,0.0,regular,0,0,0,0,0,0,1,ZERO_VOL,152.2
2026-03-25 10:05:24.996787,10:05,25,3,2026,2,5,23284.9,23284.9,23284.9,23284.9,0.0,23284.9,0.0,0.0,23284.9,1.0,0.0,0.0,0.0,regular,0,0,0,0,0,0,1,ZERO_VOL,98.3
2026-03-25 10:05:25.085387,10:05,25,3,2026,2,5,23284.9,23284.9,23284.9,23284.9,0.0,23284.9,0.0,0.0,23284.9,1.0,0.0,0.0,0.0,regular,0,0,0,0,0,0,1,ZERO_VOL,88.1
2026-03-25 10:05:26.954685,10:05,25,3,2026,2,5,23283.8,23283.8,23283.8,23283.8,0.0,23283.8,0.0,0.0,23283.8,1.0,0.0,0.0,0.0,regular,0,0,0,0,0,0,1,ZERO_VOL,136.9
2026-03-25 10:05:27.116795,10:05,25,3,2026,2,5,23285.75,23285.75,23285.75,23285.75,0.0,23285.75,0.0,0.0,23285.75,1.0,0.0,0.0,0.0,regular,0,0,0,0,0,0,1,ZERO_VOL,156.7
2026-03-25 10:05:27.217340,10:05,25,3,2026,2,5,23285.75,23285.75,23285.75,23285.75,0.0,23285.75,0.0,0.0,23285.75,1.0,0.0,0.0,0.0,regular,0,0,0,0,0,0,1,ZERO_VOL,100.0
2026-03-25 10:05:27.304541,10:05,25,3,2026,2,5,23285.95,23285.95,23285.95,23285.95,0.0,23285.95,0.0,0.0,23285.95,1.0,0.0,0.0,0.0,regular,0,0,0,0,0,0,1,ZERO_VOL,86.7
2026-03-25 10:05:27.471168,10:05,25,3,2026,2,5,23285.95,23285.95,23285.95,23285.95,0.0,23285.95,0.0,0.0,23285.95,1.0,0.0,0.0,0.0,regular,0,0,0,0,0,0,1,ZERO_VOL,166.1
2026-03-25 10:05:28.984754,10:05,25,3,2026,2,5,23283.8,23283.8,23283.8,23283.8,0.0,23283.8,0.0,0.0,23283.8,1.0,0.0,0.0,0.0,regular,0,0,0,0,0,0,1,ZERO_VOL,58.9
2026-03-25 10:05:29.094712,10:05,25,3,2026,2,5,23285.8,23285.8,23285.8,23285.8,0.0,23285.8,0.0,0.0,23285.8,1.0,0.0,0.0,0.0,regular,0,0,0,0,0,0,1,ZERO_VOL,109.4
2026-03-25 10:05:29.269611,10:05,25,3,2026,2,5,23284.7,23284.7,23284.7,23284.7,0.0,23284.7,0.0,0.0,23284.7,1.0,0.0,0.0,0.0,regular,0,0,0,0,0,0,1,ZERO_VOL,174.3
2026-03-25 10:05:29.335891,10:05,25,3,2026,2,5,23284.9,23284.9,23284.9,23284.9,0.0,23284.9,0.0,0.0,23284.9,1.0,0.0,0.0,0.0,regular,0,0,0,0,0,0,1,ZERO_VOL,65.5
2026-03-25 10:05:29.469513,10:05,25,3,2026,2,5,23286.15,23286.15,23286.15,23286.15,0.0,23286.15,0.0,0.0,23286.15,1.0,0.0,0.0,0.0,regular,0,0,0,0,0,0,1,ZERO_VOL,133.2
2026-03-25 10:05:31.244211,10:05,25,3,2026,2,5,23285.9,23285.9,23285.9,23285.9,0.0,23285.9,0.0,0.0,23285.9,1.0,0.0,0.0,0.0,regular,0,0,0,0,0,0,1,ZERO_VOL,161.1
2026-03-25 10:05:31.302864,10:05,25,3,2026,2,5,23285.75,23285.75,23285.75,23285.75,0.0,23285.75,0.0,0.0,23285.75,1.0,0.0,0.0,0.0,regular,0,0,0,0,0,0,1,ZERO_VOL,58.1
2026-03-25 10:05:31.361224,10:05,25,3,2026,2,5,23285.75,23285.75,23285.75,23285.75,0.0,23285.75,0.0,0.0,23285.75,1.0,0.0,0.0,0.0,regular,0,0,0,0,0,0,1,ZERO_VOL,57.8
2026-03-25 10:05:31.419287,10:05,25,3,2026,2,5,23285.75,23285.75,23285.75,23285.75,0.0,23285.75,0.0,0.0,23285.75,1.0,0.0,0.0,0.0,regular,0,0,0,0,0,0,1,ZERO_VOL,57.6
2026-03-25 10:05:31.534073,10:05,25,3,2026,2,5,23285.9,23285.9,23285.9,23285.9,0.0,23285.9,0.0,0.0,23285.9,1.0,0.0,0.0,0.0,regular,0,0,0,0,0,0,1,ZERO_VOL,114.3
2026-03-25 10:05:33.095951,10:05,25,3,2026,2,5,23287.15,23287.15,23287.15,23287.15,0.0,23287.15,0.0,0.0,23287.15,1.0,0.0,0.0,0.0,regular,0,0,0,0,0,0,1,ZERO_VOL,124.7
2026-03-25 10:05:33.149841,10:05,25,3,2026,2,5,23284.9,23284.9,23284.9,23284.9,0.0,23284.9,0.0,0.0,23284.9,1.0,0.0,0.0,0.0,regular,0,0,0,0,0,0,1,ZERO_VOL,53.4
2026-03-25 10:05:33.284593,10:05,25,3,2026,2,5,23287.65,23287.65,23287.65,23287.65,0.0,23287.65,0.0,0.0,23287.65,1.0,0.0,0.0,0.0,regular,0,0,0,0,0,0,1,ZERO_VOL,134.3
2026-03-25 10:05:33.380708,10:05,25,3,2026,2,5,23287.65,23287.65,23287.65,23287.65,0.0,23287.65,0.0,0.0,23287.65,1.0,0.0,0.0,0.0,regular,0,0,0,0,0,0,1,ZERO_VOL,95.6
2026-03-25 10:05:33.444833,10:05,25,3,2026,2,5,23285.95,23285.95,23285.95,23285.95,0.0,23285.95,0.0,0.0,23285.95,1.0,0.0,0.0,0.0,regular,0,0,0,0,0,0,1,ZERO_VOL,63.6
2026-03-25 10:05:35.022252,10:05,25,3,2026,2,5,23286.2,23286.2,23286.2,23286.2,0.0,23286.2,0.0,0.0,23286.2,1.0,0.0,0.0,0.0,regular,0,0,0,0,0,0,1,ZERO_VOL,98.9
2026-03-25 10:05:35.107986,10:05,25,3,2026,2,5,23286.2,23286.2,23286.2,23286.2,0.0,23286.2,0.0,0.0,23286.2,1.0,0.0,0.0,0.0,regular,0,0,0,0,0,0,1,ZERO_VOL,85.2
2026-03-25 10:05:35.284409,10:05,25,3,2026,2,5,23287.9,23287.9,23287.9,23287.9,0.0,23287.9,0.0,0.0,23287.9,1.0,0.0,0.0,0.0,regular,0,0,0,0,0,0,1,ZERO_VOL,175.9
2026-03-25 10:05:35.383413,10:05,25,3,2026,2,5,23287.9,23287.9,23287.9,23287.9,0.0,23287.9,0.0,0.0,23287.9,1.0,0.0,0.0,0.0,regular,0,0,0,0,0,0,1,ZERO_VOL,98.5
2026-03-25 10:05:35.446045,10:05,25,3,2026,2,5,23285.9,23285.9,23285.9,23285.9,0.0,23285.9,0.0,0.0,23285.9,1.0,0.0,0.0,0.0,regular,0,0,0,0,0,0,1,ZERO_VOL,62.1
2026-03-25 10:05:37.281232,10:05,25,3,2026,2,5,23288.85,23288.85,23288.85,23288.85,0.0,23288.85,0.0,0.0,23288.85,1.0,0.0,0.0,0.0,regular,0,0,0,0,0,0,1,ZERO_VOL,116.8
2026-03-25 10:05:37.339030,10:05,25,3,2026,2,5,23285.95,23285.95,23285.95,23285.95,0.0,23285.95,0.0,0.0,23285.95,1.0,0.0,0.0,0.0,regular,0,0,0,0,0,0,1,ZERO_VOL,57.3
2026-03-25 10:05:37.498866,10:05,25,3,2026,2,5,23289.0,23289.0,23289.0,23289.0,0.0,23289.0,0.0,0.0,23289.0,1.0,0.0,0.0,0.0,regular,0,0,0,0,0,0,1,ZERO_VOL,159.4
2026-03-25 10:05:37.556392,10:05,25,3,2026,2,5,23285.8,23285.8,23285.8,23285.8,0.0,23285.8,0.0,0.0,23285.8,1.0,0.0,0.0,0.0,regular,0,0,0,0,0,0,1,ZERO_VOL,57.0
2026-03-25 10:05:37.646488,10:05,25,3,2026,2,5,23289.0,23289.0,23289.0,23289.0,0.0,23289.0,0.0,0.0,23289.0,1.0,0.0,0.0,0.0,regular,0,0,0,0,0,0,1,ZERO_VOL,89.6
2026-03-25 10:05:39.362649,10:05,25,3,2026,2,5,23284.7,23284.7,23284.7,23284.7,0.0,23284.7,0.0,0.0,23284.7,1.0,0.0,0.0,0.0,regular,0,0,0,0,0,0,1,ZERO_VOL,57.0
2026-03-25 10:05:39.415828,10:05,25,3,2026,2,5,23286.2,23286.2,23286.2,23286.2,0.0,23286.2,0.0,0.0,23286.2,1.0,0.0,0.0,0.0,regular,0,0,0,0,0,0,1,ZERO_VOL,52.7
2026-03-25 10:05:39.593583,10:05,25,3,2026,2,5,23288.4,23288.4,23288.4,23288.4,0.0,23288.4,0.0,0.0,23288.4,1.0,0.0,0.0,0.0,regular,0,0,0,0,0,0,1,ZERO_VOL,177.0
2026-03-25 10:05:39.654487,10:05,25,3,2026,2,5,23285.9,23285.9,23285.9,23285.9,0.0,23285.9,0.0,0.0,23285.9,1.0,0.0,0.0,0.0,regular,0,0,0,0,0,0,1,ZERO_VOL,60.2
2026-03-25 10:05:39.749817,10:05,25,3,2026,2,5,23288.5,23288.5,23288.5,23288.5,0.0,23288.5,0.0,0.0,23288.5,1.0,0.0,0.0,0.0,regular,0,0,0,0,0,0,1,ZERO_VOL,94.9
2026-03-25 10:05:41.582526,10:05,25,3,2026,2,5,23288.95,23288.95,23288.95,23288.95,0.0,23288.95,0.0,0.0,23288.95,1.0,0.0,0.0,0.0,regular,0,0,0,0,0,0,1,ZERO_VOL,103.7
2026-03-25 10:05:41.721075,10:05,25,3,2026,2,5,23288.85,23288.85,23288.85,23288.85,0.0,23288.85,0.0,0.0,23288.85,1.0,0.0,0.0,0.0,regular,0,0,0,0,0,0,1,ZERO_VOL,138.1
2026-03-25 10:05:41.915145,10:05,25,3,2026,2,5,23288.85,23288.85,23288.85,23288.85,0.0,23288.85,0.0,0.0,23288.85,1.0,0.0,0.0,0.0,regular,0,0,0,0,0,0,1,ZERO_VOL,193.5
2026-03-25 10:05:42.006351,10:05,25,3,2026,2,5,23288.95,23288.95,23288.95,23288.95,0.0,23288.95,0.0,0.0,23288.95,1.0,0.0,0.0,0.0,regular,0,0,0,0,0,0,1,ZERO_VOL,90.7
2026-03-25 10:05:42.153889,10:05,25,3,2026,2,5,23288.95,23288.95,23288.95,23288.95,0.0,23288.95,0.0,0.0,23288.95,1.0,0.0,0.0,0.0,regular,0,0,0,0,0,0,1,ZERO_VOL,147.0
2026-03-25 10:05:43.828121,10:05,25,3,2026,2,5,23289.0,23289.0,23289.0,23289.0,0.0,23289.0,0.0,0.0,23289.0,1.0,0.0,0.0,0.0,regular,0,0,0,0,0,0,1,ZERO_VOL,60.0
2026-03-25 10:05:43.933948,10:05,25,3,2026,2,5,23284.9,23284.9,23284.9,23284.9,0.0,23284.9,0.0,0.0,23284.9,1.0,0.0,0.0,0.0,regular,0,0,0,0,0,0,1,ZERO_VOL,105.4
2026-03-25 10:05:43.993129,10:05,25,3,2026,2,5,23288.95,23288.95,23288.95,23288.95,0.0,23288.95,0.0,0.0,23288.95,1.0,0.0,0.0,0.0,regular,0,0,0,0,0,0,1,ZERO_VOL,58.6
2026-03-25 10:05:44.077290,10:05,25,3,2026,2,5,23286.2,23286.2,23286.2,23286.2,0.0,23286.2,0.0,0.0,23286.2,1.0,0.0,0.0,0.0,regular,0,0,0,0,0,0,1,ZERO_VOL,83.7
2026-03-25 10:05:44.135387,10:05,25,3,2026,2,5,23288.85,23288.85,23288.85,23288.85,0.0,23288.85,0.0,0.0,23288.85,1.0,0.0,0.0,0.0,regular,0,0,0,0,0,0,1,ZERO_VOL,57.6
2026-03-25 10:05:45.807252,10:05,25,3,2026,2,5,23286.05,23286.05,23286.05,23286.05,0.0,23286.05,0.0,0.0,23286.05,1.0,0.0,0.0,0.0,regular,0,0,0,0,0,0,1,ZERO_VOL,176.9
2026-03-25 10:05:45.941235,10:05,25,3,2026,2,5,23286.05,23286.05,23286.05,23286.05,0.0,23286.05,0.0,0.0,23286.05,1.0,0.0,0.0,0.0,regular,0,0,0,0,0,0,1,ZERO_VOL,133.4
2026-03-25 10:05:46.121090,10:05,25,3,2026,2,5,23286.05,23286.05,23286.05,23286.05,0.0,23286.05,0.0,0.0,23286.05,1.0,0.0,0.0,0.0,regular,0,0,0,0,0,0,1,ZERO_VOL,179.3
2026-03-25 10:05:46.281653,10:05,25,3,2026,2,5,23286.8,23286.8,23286.8,23286.8,0.0,23286.8,0.0,0.0,23286.8,1.0,0.0,0.0,0.0,regular,0,0,0,0,0,0,1,ZERO_VOL,160.1
2026-03-25 10:05:46.416143,10:05,25,3,2026,2,5,23286.8,23286.8,23286.8,23286.8,0.0,23286.8,0.0,0.0,23286.8,1.0,0.0,0.0,0.0,regular,0,0,0,0,0,0,1,ZERO_VOL,134.0
2026-03-25 10:05:48.320713,10:05,25,3,2026,2,5,23285.65,23285.65,23285.65,23285.65,0.0,23285.65,0.0,0.0,23285.65,1.0,0.0,0.0,0.0,regular,0,0,0,0,0,0,1,ZERO_VOL,179.2
2026-03-25 10:05:48.380087,10:05,25,3,2026,2,5,23286.05,23286.05,23286.05,23286.05,0.0,23286.05,0.0,0.0,23286.05,1.0,0.0,0.0,0.0,regular,0,0,0,0,0,0,1,ZERO_VOL,58.9
2026-03-25 10:05:48.467081,10:05,25,3,2026,2,5,23285.15,23285.15,23285.15,23285.15,0.0,23285.15,0.0,0.0,23285.15,1.0,0.0,0.0,0.0,regular,0,0,0,0,0,0,1,ZERO_VOL,86.5
2026-03-25 10:05:48.524999,10:05,25,3,2026,2,5,23285.15,23285.15,23285.15,23285.15,0.0,23285.15,0.0,0.0,23285.15,1.0,0.0,0.0,0.0,regular,0,0,0,0,0,0,1,ZERO_VOL,57.4
2026-03-25 10:05:48.581027,10:05,25,3,2026,2,5,23288.95,23288.95,23288.95,23288.95,0.0,23288.95,0.0,0.0,23288.95,1.0,0.0,0.0,0.0,regular,0,0,0,0,0,0,1,ZERO_VOL,55.5
2026-03-25 10:05:53.283695,10:05,25,3,2026,2,5,23287.4,23287.4,23287.4,23287.4,0.0,23287.4,0.0,0.0,23287.4,1.0,0.0,0.0,0.0,regular,0,0,0,0,0,0,1,ZERO_VOL,166.2
2026-03-25 10:05:53.369863,10:05,25,3,2026,2,5,23286.95,23286.95,23286.95,23286.95,0.0,23286.95,0.0,0.0,23286.95,1.0,0.0,0.0,0.0,regular,0,0,0,0,0,0,1,ZERO_VOL,85.7
2026-03-25 10:05:53.424772,10:05,25,3,2026,2,5,23286.05,23286.05,23286.05,23286.05,0.0,23286.05,0.0,0.0,23286.05,1.0,0.0,0.0,0.0,regular,0,0,0,0,0,0,1,ZERO_VOL,54.4
2026-03-25 10:05:53.520092,10:05,25,3,2026,2,5,23286.95,23286.95,23286.95,23286.95,0.0,23286.95,0.0,0.0,23286.95,1.0,0.0,0.0,0.0,regular,0,0,0,0,0,0,1,ZERO_VOL,94.4
2026-03-25 10:05:53.615771,10:05,25,3,2026,2,5,23286.95,23286.95,23286.95,23286.95,0.0,23286.95,0.0,0.0,23286.95,1.0,0.0,0.0,0.0,regular,0,0,0,0,0,0,1,ZERO_VOL,95.2
2026-03-25 10:05:55.145072,10:05,25,3,2026,2,5,23286.25,23286.25,23286.25,23286.25,0.0,23286.25,0.0,0.0,23286.25,1.0,0.0,0.0,0.0,regular,0,0,0,0,0,0,1,ZERO_VOL,98.0
2026-03-25 10:05:55.262448,10:05,25,3,2026,2,5,23286.3,23286.3,23286.3,23286.3,0.0,23286.3,0.0,0.0,23286.3,1.0,0.0,0.0,0.0,regular,0,0,0,0,0,0,1,ZERO_VOL,116.8
2026-03-25 10:05:55.363826,10:05,25,3,2026,2,5,23285.75,23285.75,23285.75,23285.75,0.0,23285.75,0.0,0.0,23285.75,1.0,0.0,0.0,0.0,regular,0,0,0,0,0,0,1,ZERO_VOL,100.8
2026-03-25 10:05:55.440177,10:05,25,3,2026,2,5,23286.8,23286.8,23286.8,23286.8,0.0,23286.8,0.0,0.0,23286.8,1.0,0.0,0.0,0.0,regular,0,0,0,0,0,0,1,ZERO_VOL,75.9
2026-03-25 10:05:55.554504,10:05,25,3,2026,2,5,23285.75,23285.75,23285.75,23285.75,0.0,23285.75,0.0,0.0,23285.75,1.0,0.0,0.0,0.0,regular,0,0,0,0,0,0,1,ZERO_VOL,113.8
2026-03-25 10:05:57.149064,10:05,25,3,2026,2,5,23285.65,23285.65,23285.65,23285.65,0.0,23285.65,0.0,0.0,23285.65,1.0,0.0,0.0,0.0,regular,0,0,0,0,0,0,1,ZERO_VOL,78.2
2026-03-25 10:05:57.315209,10:05,25,3,2026,2,5,23285.8,23285.8,23285.8,23285.8,0.0,23285.8,0.0,0.0,23285.8,1.0,0.0,0.0,0.0,regular,0,0,0,0,0,0,1,ZERO_VOL,165.7
2026-03-25 10:05:57.494992,10:05,25,3,2026,2,5,23285.8,23285.8,23285.8,23285.8,0.0,23285.8,0.0,0.0,23285.8,1.0,0.0,0.0,0.0,regular,0,0,0,0,0,0,1,ZERO_VOL,179.3
2026-03-25 10:05:57.640888,10:05,25,3,2026,2,5,23285.8,23285.8,23285.8,23285.8,0.0,23285.8,0.0,0.0,23285.8,1.0,0.0,0.0,0.0,regular,0,0,0,0,0,0,1,ZERO_VOL,145.4
2026-03-25 10:05:57.728663,10:05,25,3,2026,2,5,23285.8,23285.8,23285.8,23285.8,0.0,23285.8,0.0,0.0,23285.8,1.0,0.0,0.0,0.0,regular,0,0,0,0,0,0,1,ZERO_VOL,87.3
2026-03-25 10:05:59.221868,10:05,25,3,2026,2,5,23286.95,23286.95,23286.95,23286.95,0.0,23286.95,0.0,0.0,23286.95,1.0,0.0,0.0,0.0,regular,0,0,0,0,0,0,1,ZERO_VOL,60.7
2026-03-25 10:05:59.304815,10:05,25,3,2026,2,5,23283.75,23283.75,23283.75,23283.75,0.0,23283.75,0.0,0.0,23283.75,1.0,0.0,0.0,0.0,regular,0,0,0,0,0,0,1,ZERO_VOL,82.5
2026-03-25 10:05:59.395812,10:05,25,3,2026,2,5,23282.55,23282.55,23282.55,23282.55,0.0,23282.55,0.0,0.0,23282.55,1.0,0.0,0.0,0.0,regular,0,0,0,0,0,0,1,ZERO_VOL,90.5
2026-03-25 10:05:59.523615,10:05,25,3,2026,2,5,23283.4,23283.4,23283.4,23283.4,0.0,23283.4,0.0,0.0,23283.4,1.0,0.0,0.0,0.0,regular,0,0,0,0,0,0,1,ZERO_VOL,127.2
2026-03-25 10:05:59.617359,10:05,25,3,2026,2,5,23282.55,23282.55,23282.55,23282.55,0.0,23282.55,0.0,0.0,23282.55,1.0,0.0,0.0,0.0,regular,0,0,0,0,0,0,1,ZERO_VOL,93.0
2026-03-25 10:06:01.103727,10:06,25,3,2026,2,5,23285.8,23285.8,23285.8,23285.8,0.0,23285.8,0.0,0.0,23285.8,1.0,0.0,0.0,0.0,regular,0,0,0,0,0,0,1,ZERO_VOL,56.0
2026-03-25 10:06:01.200373,10:06,25,3,2026,2,5,23281.7,23289.35,23281.05,23282.7,0.0,23284.37,8.3,0.0043,23284.37,1.0004,12.05,6.65,0.65,regular,0,0,0,0,0,0,1,ZERO_VOL,96.2
2026-03-25 10:06:01.304666,10:06,25,3,2026,2,5,23281.7,23289.35,23281.05,23282.7,0.0,23284.37,8.3,0.0043,23284.37,1.0004,12.05,6.65,0.65,regular,0,0,0,0,0,0,1,ZERO_VOL,103.8
2026-03-25 10:06:01.403275,10:06,25,3,2026,2,5,23286.25,23286.25,23286.25,23286.25,0.0,23286.25,0.0,0.0,23286.25,1.0,0.0,0.0,0.0,regular,0,0,0,0,0,0,1,ZERO_VOL,98.1
2026-03-25 10:06:01.463347,10:06,25,3,2026,2,5,23286.95,23286.95,23286.95,23286.95,0.0,23286.95,0.0,0.0,23286.95,1.0,0.0,0.0,0.0,regular,0,0,0,0,0,0,1,ZERO_VOL,59.6
2026-03-25 10:06:03.024553,10:06,25,3,2026,2,5,23283.4,23283.4,23283.4,23283.4,0.0,23283.4,0.0,0.0,23283.4,1.0,0.0,0.0,0.0,regular,0,0,0,0,0,0,1,ZERO_VOL,55.5
2026-03-25 10:06:03.141921,10:06,25,3,2026,2,5,23281.75,23281.75,23281.75,23281.75,0.0,23281.75,0.0,0.0,23281.75,1.0,0.0,0.0,0.0,regular,0,0,0,0,0,0,1,ZERO_VOL,116.8
2026-03-25 10:06:03.227190,10:06,25,3,2026,2,5,23281.35,23281.35,23281.35,23281.35,0.0,23281.35,0.0,0.0,23281.35,1.0,0.0,0.0,0.0,regular,0,0,0,0,0,0,1,ZERO_VOL,84.8
2026-03-25 10:06:03.378491,10:06,25,3,2026,2,5,23280.8,23280.8,23280.8,23280.8,0.0,23280.8,0.0,0.0,23280.8,1.0,0.0,0.0,0.0,regular,0,0,0,0,0,0,1,ZERO_VOL,150.8
2026-03-25 10:06:03.499453,10:06,25,3,2026,2,5,23280.8,23280.8,23280.8,23280.8,0.0,23280.8,0.0,0.0,23280.8,1.0,0.0,0.0,0.0,regular,0,0,0,0,0,0,1,ZERO_VOL,120.5
2026-03-25 10:06:05.263427,10:06,25,3,2026,2,5,23279.95,23279.95,23279.95,23279.95,0.0,23279.95,0.0,0.0,23279.95,1.0,0.0,0.0,0.0,regular,0,0,0,0,0,0,1,ZERO_VOL,98.1
2026-03-25 10:06:05.348434,10:06,25,3,2026,2,5,23281.7,23289.35,23281.05,23282.7,0.0,23284.37,8.3,0.0043,23284.37,1.0004,12.05,6.65,0.65,regular,0,0,0,0,0,0,1,ZERO_VOL,84.5
2026-03-25 10:06:05.441338,10:06,25,3,2026,2,5,23279.95,23279.95,23279.95,23279.95,0.0,23279.95,0.0,0.0,23279.95,1.0,0.0,0.0,0.0,regular,0,0,0,0,0,0,1,ZERO_VOL,92.4
2026-03-25 10:06:05.586182,10:06,25,3,2026,2,5,23279.75,23279.75,23279.75,23279.75,0.0,23279.75,0.0,0.0,23279.75,1.0,0.0,0.0,0.0,regular,0,0,0,0,0,0,1,ZERO_VOL,144.3
2026-03-25 10:06:05.660141,10:06,25,3,2026,2,5,23280.8,23280.8,23280.8,23280.8,0.0,23280.8,0.0,0.0,23280.8,1.0,0.0,0.0,0.0,regular,0,0,0,0,0,0,1,ZERO_VOL,73.5
2026-03-25 10:06:07.180540,10:06,25,3,2026,2,5,23279.75,23279.75,23279.75,23279.75,0.0,23279.75,0.0,0.0,23279.75,1.0,0.0,0.0,0.0,regular,0,0,0,0,0,0,1,ZERO_VOL,53.6
2026-03-25 10:06:07.325339,10:06,25,3,2026,2,5,23281.3,23281.3,23281.3,23281.3,0.0,23281.3,0.0,0.0,23281.3,1.0,0.0,0.0,0.0,regular,0,0,0,0,0,0,1,ZERO_VOL,144.3
2026-03-25 10:06:07.382969,10:06,25,3,2026,2,5,23280.8,23280.8,23280.8,23280.8,0.0,23280.8,0.0,0.0,23280.8,1.0,0.0,0.0,0.0,regular,0,0,0,0,0,0,1,ZERO_VOL,57.1
2026-03-25 10:06:07.437475,10:06,25,3,2026,2,5,23285.8,23285.8,23285.8,23285.8,0.0,23285.8,0.0,0.0,23285.8,1.0,0.0,0.0,0.0,regular,0,0,0,0,0,0,1,ZERO_VOL,54.0
2026-03-25 10:06:07.572582,10:06,25,3,2026,2,5,23280.9,23280.9,23280.9,23280.9,0.0,23280.9,0.0,0.0,23280.9,1.0,0.0,0.0,0.0,regular,0,0,0,0,0,0,1,ZERO_VOL,134.6
2026-03-25 10:06:09.220957,10:06,25,3,2026,2,5,23281.05,23281.05,23281.05,23281.05,0.0,23281.05,0.0,0.0,23281.05,1.0,0.0,0.0,0.0,regular,0,0,0,0,0,0,1,ZERO_VOL,119.1
2026-03-25 10:06:09.342638,10:06,25,3,2026,2,5,23281.05,23281.05,23281.05,23281.05,0.0,23281.05,0.0,0.0,23281.05,1.0,0.0,0.0,0.0,regular,0,0,0,0,0,0,1,ZERO_VOL,121.2
2026-03-25 10:06:09.441384,10:06,25,3,2026,2,5,23281.35,23281.35,23281.35,23281.35,0.0,23281.35,0.0,0.0,23281.35,1.0,0.0,0.0,0.0,regular,0,0,0,0,0,0,1,ZERO_VOL,98.2
2026-03-25 10:06:09.595313,10:06,25,3,2026,2,5,23281.05,23281.05,23281.05,23281.05,0.0,23281.05,0.0,0.0,23281.05,1.0,0.0,0.0,0.0,regular,0,0,0,0,0,0,1,ZERO_VOL,153.5
2026-03-25 10:06:09.650277,10:06,25,3,2026,2,5,23282.55,23282.55,23282.55,23282.55,0.0,23282.55,0.0,0.0,23282.55,1.0,0.0,0.0,0.0,regular,0,0,0,0,0,0,1,ZERO_VOL,54.4
2026-03-25 10:06:11.458030,10:06,25,3,2026,2,5,23280.25,23280.25,23280.25,23280.25,0.0,23280.25,0.0,0.0,23280.25,1.0,0.0,0.0,0.0,regular,0,0,0,0,0,0,1,ZERO_VOL,146.6
2026-03-25 10:06:11.520111,10:06,25,3,2026,2,5,23281.75,23281.75,23281.75,23281.75,0.0,23281.75,0.0,0.0,23281.75,1.0,0.0,0.0,0.0,regular,0,0,0,0,0,0,1,ZERO_VOL,61.6
2026-03-25 10:06:11.613759,10:06,25,3,2026,2,5,23276.7,23276.7,23276.7,23276.7,0.0,23276.7,0.0,0.0,23276.7,1.0,0.0,0.0,0.0,regular,0,0,0,0,0,0,1,ZERO_VOL,93.1
2026-03-25 10:06:11.734554,10:06,25,3,2026,2,5,23276.7,23276.7,23276.7,23276.7,0.0,23276.7,0.0,0.0,23276.7,1.0,0.0,0.0,0.0,regular,0,0,0,0,0,0,1,ZERO_VOL,120.3
2026-03-25 10:06:11.883910,10:06,25,3,2026,2,5,23268.05,23268.05,23268.05,23268.05,0.0,23268.05,0.0,0.0,23268.05,1.0,0.0,0.0,0.0,regular,0,0,0,0,0,0,1,ZERO_VOL,148.8
2026-03-25 10:06:13.557849,10:06,25,3,2026,2,5,23263.1,23263.1,23263.1,23263.1,0.0,23263.1,0.0,0.0,23263.1,1.0,0.0,0.0,0.0,regular,0,0,0,0,0,0,1,ZERO_VOL,144.4
2026-03-25 10:06:13.616851,10:06,25,3,2026,2,5,23280.8,23280.8,23280.8,23280.8,0.0,23280.8,0.0,0.0,23280.8,1.0,0.0,0.0,0.0,regular,0,0,0,0,0,0,1,ZERO_VOL,58.4
2026-03-25 10:06:13.682511,10:06,25,3,2026,2,5,23280.9,23280.9,23280.9,23280.9,0.0,23280.9,0.0,0.0,23280.9,1.0,0.0,0.0,0.0,regular,0,0,0,0,0,0,1,ZERO_VOL,65.1
2026-03-25 10:06:13.831233,10:06,25,3,2026,2,5,23256.05,23256.05,23256.05,23256.05,0.0,23256.05,0.0,0.0,23256.05,1.0,0.0,0.0,0.0,regular,0,0,0,0,0,0,1,ZERO_VOL,148.2
2026-03-25 10:06:14.000827,10:06,25,3,2026,2,5,23259.9,23259.9,23259.9,23259.9,0.0,23259.9,0.0,0.0,23259.9,1.0,0.0,0.0,0.0,regular,0,0,0,0,0,0,1,ZERO_VOL,169.1
2026-03-25 10:06:15.437029,10:06,25,3,2026,2,5,23258.1,23258.1,23258.1,23258.1,0.0,23258.1,0.0,0.0,23258.1,1.0,0.0,0.0,0.0,regular,0,0,0,0,0,0,1,ZERO_VOL,78.6
2026-03-25 10:06:15.533720,10:06,25,3,2026,2,5,23258.1,23258.1,23258.1,23258.1,0.0,23258.1,0.0,0.0,23258.1,1.0,0.0,0.0,0.0,regular,0,0,0,0,0,0,1,ZERO_VOL,96.2
2026-03-25 10:06:15.644268,10:06,25,3,2026,2,5,23257.8,23257.8,23257.8,23257.8,0.0,23257.8,0.0,0.0,23257.8,1.0,0.0,0.0,0.0,regular,0,0,0,0,0,0,1,ZERO_VOL,110.1
2026-03-25 10:06:15.856085,10:06,25,3,2026,2,5,23279.95,23279.95,23279.95,23279.95,0.0,23279.95,0.0,0.0,23279.95,1.0,0.0,0.0,0.0,regular,0,0,0,0,0,0,1,ZERO_VOL,211.2
2026-03-25 10:06:15.914197,10:06,25,3,2026,2,5,23279.75,23279.75,23279.75,23279.75,0.0,23279.75,0.0,0.0,23279.75,1.0,0.0,0.0,0.0,regular,0,0,0,0,0,0,1,ZERO_VOL,57.6
2026-03-25 10:06:17.856599,10:06,25,3,2026,2,5,23247.65,23247.65,23247.65,23247.65,0.0,23247.65,0.0,0.0,23247.65,1.0,0.0,0.0,0.0,regular,0,0,0,0,0,0,1,ZERO_VOL,103.8
2026-03-25 10:06:17.930006,10:06,25,3,2026,2,5,23276.7,23276.7,23276.7,23276.7,0.0,23276.7,0.0,0.0,23276.7,1.0,0.0,0.0,0.0,regular,0,0,0,0,0,0,1,ZERO_VOL,73.0
2026-03-25 10:06:18.008164,10:06,25,3,2026,2,5,23247.65,23247.65,23247.65,23247.65,0.0,23247.65,0.0,0.0,23247.65,1.0,0.0,0.0,0.0,regular,0,0,0,0,0,0,1,ZERO_VOL,77.7
2026-03-25 10:06:18.065165,10:06,25,3,2026,2,5,23276.7,23276.7,23276.7,23276.7,0.0,23276.7,0.0,0.0,23276.7,1.0,0.0,0.0,0.0,regular,0,0,0,0,0,0,1,ZERO_VOL,56.5
2026-03-25 10:06:18.165498,10:06,25,3,2026,2,5,23247.65,23247.65,23247.65,23247.65,0.0,23247.65,0.0,0.0,23247.65,1.0,0.0,0.0,0.0,regular,0,0,0,0,0,0,1,ZERO_VOL,99.9
2026-03-25 10:06:19.838006,10:06,25,3,2026,2,5,23252.65,23252.65,23252.65,23252.65,0.0,23252.65,0.0,0.0,23252.65,1.0,0.0,0.0,0.0,regular,0,0,0,0,0,0,1,ZERO_VOL,81.0
2026-03-25 10:06:19.980592,10:06,25,3,2026,2,5,23252.65,23252.65,23252.65,23252.65,0.0,23252.65,0.0,0.0,23252.65,1.0,0.0,0.0,0.0,regular,0,0,0,0,0,0,1,ZERO_VOL,142.1
2026-03-25 10:06:20.138262,10:06,25,3,2026,2,5,23255.4,23255.4,23255.4,23255.4,0.0,23255.4,0.0,0.0,23255.4,1.0,0.0,0.0,0.0,regular,0,0,0,0,0,0,1,ZERO_VOL,157.1
2026-03-25 10:06:20.198773,10:06,25,3,2026,2,5,23257.8,23257.8,23257.8,23257.8,0.0,23257.8,0.0,0.0,23257.8,1.0,0.0,0.0,0.0,regular,0,0,0,0,0,0,1,ZERO_VOL,60.0
2026-03-25 10:06:20.257692,10:06,25,3,2026,2,5,23258.1,23258.1,23258.1,23258.1,0.0,23258.1,0.0,0.0,23258.1,1.0,0.0,0.0,0.0,regular,0,0,0,0,0,0,1,ZERO_VOL,58.4
2026-03-25 10:06:21.744401,10:06,25,3,2026,2,5,23276.7,23276.7,23276.7,23276.7,0.0,23276.7,0.0,0.0,23276.7,1.0,0.0,0.0,0.0,regular,0,0,0,0,0,0,1,ZERO_VOL,56.2
2026-03-25 10:06:21.808108,10:06,25,3,2026,2,5,23280.25,23280.25,23280.25,23280.25,0.0,23280.25,0.0,0.0,23280.25,1.0,0.0,0.0,0.0,regular,0,0,0,0,0,0,1,ZERO_VOL,63.2
2026-03-25 10:06:21.941920,10:06,25,3,2026,2,5,23257.75,23257.75,23257.75,23257.75,0.0,23257.75,0.0,0.0,23257.75,1.0,0.0,0.0,0.0,regular,0,0,0,0,0,0,1,ZERO_VOL,133.3
2026-03-25 10:06:22.028213,10:06,25,3,2026,2,5,23257.75,23257.75,23257.75,23257.75,0.0,23257.75,0.0,0.0,23257.75,1.0,0.0,0.0,0.0,regular,0,0,0,0,0,0,1,ZERO_VOL,85.7
2026-03-25 10:06:22.084873,10:06,25,3,2026,2,5,23263.1,23263.1,23263.1,23263.1,0.0,23263.1,0.0,0.0,23263.1,1.0,0.0,0.0,0.0,regular,0,0,0,0,0,0,1,ZERO_VOL,56.2
2026-03-25 10:06:23.658188,10:06,25,3,2026,2,5,23255.95,23255.95,23255.95,23255.95,0.0,23255.95,0.0,0.0,23255.95,1.0,0.0,0.0,0.0,regular,0,0,0,0,0,0,1,ZERO_VOL,135.2
2026-03-25 10:06:23.822469,10:06,25,3,2026,2,5,23255.95,23255.95,23255.95,23255.95,0.0,23255.95,0.0,0.0,23255.95,1.0,0.0,0.0,0.0,regular,0,0,0,0,0,0,1,ZERO_VOL,163.8
2026-03-25 10:06:23.893100,10:06,25,3,2026,2,5,23257.8,23257.8,23257.8,23257.8,0.0,23257.8,0.0,0.0,23257.8,1.0,0.0,0.0,0.0,regular,0,0,0,0,0,0,1,ZERO_VOL,69.9
2026-03-25 10:06:24.004737,10:06,25,3,2026,2,5,23255.95,23255.95,23255.95,23255.95,0.0,23255.95,0.0,0.0,23255.95,1.0,0.0,0.0,0.0,regular,0,0,0,0,0,0,1,ZERO_VOL,111.1
2026-03-25 10:06:24.081417,10:06,25,3,2026,2,5,23255.95,23255.95,23255.95,23255.95,0.0,23255.95,0.0,0.0,23255.95,1.0,0.0,0.0,0.0,regular,0,0,0,0,0,0,1,ZERO_VOL,76.2
2026-03-25 10:06:25.763375,10:06,25,3,2026,2,5,23254.6,23254.6,23254.6,23254.6,0.0,23254.6,0.0,0.0,23254.6,1.0,0.0,0.0,0.0,regular,0,0,0,0,0,0,1,ZERO_VOL,102.2
2026-03-25 10:06:25.911409,10:06,25,3,2026,2,5,23254.35,23254.35,23254.35,23254.35,0.0,23254.35,0.0,0.0,23254.35,1.0,0.0,0.0,0.0,regular,0,0,0,0,0,0,1,ZERO_VOL,147.5
2026-03-25 10:06:25.991854,10:06,25,3,2026,2,5,23254.6,23254.6,23254.6,23254.6,0.0,23254.6,0.0,0.0,23254.6,1.0,0.0,0.0,0.0,regular,0,0,0,0,0,0,1,ZERO_VOL,79.7
2026-03-25 10:06:26.138506,10:06,25,3,2026,2,5,23254.35,23254.35,23254.35,23254.35,0.0,23254.35,0.0,0.0,23254.35,1.0,0.0,0.0,0.0,regular,0,0,0,0,0,0,1,ZERO_VOL,146.2
2026-03-25 10:06:26.205415,10:06,25,3,2026,2,5,23247.65,23247.65,23247.65,23247.65,0.0,23247.65,0.0,0.0,23247.65,1.0,0.0,0.0,0.0,regular,0,0,0,0,0,0,1,ZERO_VOL,66.3
2026-03-25 10:06:27.979160,10:06,25,3,2026,2,5,23255.95,23255.95,23255.95,23255.95,0.0,23255.95,0.0,0.0,23255.95,1.0,0.0,0.0,0.0,regular,0,0,0,0,0,0,1,ZERO_VOL,148.2
2026-03-25 10:06:28.032967,10:06,25,3,2026,2,5,23257.75,23257.75,23257.75,23257.75,0.0,23257.75,0.0,0.0,23257.75,1.0,0.0,0.0,0.0,regular,0,0,0,0,0,0,1,ZERO_VOL,53.3
2026-03-25 10:06:28.190056,10:06,25,3,2026,2,5,23256.9,23256.9,23256.9,23256.9,0.0,23256.9,0.0,0.0,23256.9,1.0,0.0,0.0,0.0,regular,0,0,0,0,0,0,1,ZERO_VOL,156.6
2026-03-25 10:06:28.318804,10:06,25,3,2026,2,5,23258.35,23258.35,23258.35,23258.35,0.0,23258.35,0.0,0.0,23258.35,1.0,0.0,0.0,0.0,regular,0,0,0,0,0,0,1,ZERO_VOL,128.2
2026-03-25 10:06:28.376322,10:06,25,3,2026,2,5,23252.65,23252.65,23252.65,23252.65,0.0,23252.65,0.0,0.0,23252.65,1.0,0.0,0.0,0.0,regular,0,0,0,0,0,0,1,ZERO_VOL,57.0
2026-03-25 10:06:29.973778,10:06,25,3,2026,2,5,23259.2,23259.2,23259.2,23259.2,0.0,23259.2,0.0,0.0,23259.2,1.0,0.0,0.0,0.0,regular,0,0,0,0,0,0,1,ZERO_VOL,76.1
2026-03-25 10:06:30.074162,10:06,25,3,2026,2,5,23259.2,23259.2,23259.2,23259.2,0.0,23259.2,0.0,0.0,23259.2,1.0,0.0,0.0,0.0,regular,0,0,0,0,0,0,1,ZERO_VOL,99.9
2026-03-25 10:06:30.181173,10:06,25,3,2026,2,5,23259.2,23259.2,23259.2,23259.2,0.0,23259.2,0.0,0.0,23259.2,1.0,0.0,0.0,0.0,regular,0,0,0,0,0,0,1,ZERO_VOL,106.5
2026-03-25 10:06:30.239059,10:06,25,3,2026,2,5,23255.95,23255.95,23255.95,23255.95,0.0,23255.95,0.0,0.0,23255.95,1.0,0.0,0.0,0.0,regular,0,0,0,0,0,0,1,ZERO_VOL,57.4
2026-03-25 10:06:30.393266,10:06,25,3,2026,2,5,23258.05,23258.05,23258.05,23258.05,0.0,23258.05,0.0,0.0,23258.05,1.0,0.0,0.0,0.0,regular,0,0,0,0,0,0,1,ZERO_VOL,153.8
2026-03-25 10:06:32.325077,10:06,25,3,2026,2,5,23255.95,23255.95,23255.95,23255.95,0.0,23255.95,0.0,0.0,23255.95,1.0,0.0,0.0,0.0,regular,0,0,0,0,0,0,1,ZERO_VOL,63.5
2026-03-25 10:06:32.505337,10:06,25,3,2026,2,5,23257.15,23257.15,23257.15,23257.15,0.0,23257.15,0.0,0.0,23257.15,1.0,0.0,0.0,0.0,regular,0,0,0,0,0,0,1,ZERO_VOL,179.8
2026-03-25 10:06:32.613022,10:06,25,3,2026,2,5,23256.45,23256.45,23256.45,23256.45,0.0,23256.45,0.0,0.0,23256.45,1.0,0.0,0.0,0.0,regular,0,0,0,0,0,0,1,ZERO_VOL,107.2
2026-03-25 10:06:32.780101,10:06,25,3,2026,2,5,23256.45,23256.45,23256.45,23256.45,0.0,23256.45,0.0,0.0,23256.45,1.0,0.0,0.0,0.0,regular,0,0,0,0,0,0,1,ZERO_VOL,166.6
2026-03-25 10:06:32.874330,10:06,25,3,2026,2,5,23256.45,23256.45,23256.45,23256.45,0.0,23256.45,0.0,0.0,23256.45,1.0,0.0,0.0,0.0,regular,0,0,0,0,0,0,1,ZERO_VOL,93.7
2026-03-25 10:06:34.763497,10:06,25,3,2026,2,5,23257.9,23257.9,23257.9,23257.9,0.0,23257.9,0.0,0.0,23257.9,1.0,0.0,0.0,0.0,regular,0,0,0,0,0,0,1,ZERO_VOL,101.6
2026-03-25 10:06:34.920013,10:06,25,3,2026,2,5,23259.0,23259.0,23259.0,23259.0,0.0,23259.0,0.0,0.0,23259.0,1.0,0.0,0.0,0.0,regular,0,0,0,0,0,0,1,ZERO_VOL,155.8
2026-03-25 10:06:35.010190,10:06,25,3,2026,2,5,23257.9,23257.9,23257.9,23257.9,0.0,23257.9,0.0,0.0,23257.9,1.0,0.0,0.0,0.0,regular,0,0,0,0,0,0,1,ZERO_VOL,89.7
2026-03-25 10:06:35.098431,10:06,25,3,2026,2,5,23257.9,23257.9,23257.9,23257.9,0.0,23257.9,0.0,0.0,23257.9,1.0,0.0,0.0,0.0,regular,0,0,0,0,0,0,1,ZERO_VOL,87.8
2026-03-25 10:06:35.174352,10:06,25,3,2026,2,5,23256.9,23256.9,23256.9,23256.9,0.0,23256.9,0.0,0.0,23256.9,1.0,0.0,0.0,0.0,regular,0,0,0,0,0,0,1,ZERO_VOL,75.4
2026-03-25 10:06:36.739415,10:06,25,3,2026,2,5,23260.85,23260.85,23260.85,23260.85,0.0,23260.85,0.0,0.0,23260.85,1.0,0.0,0.0,0.0,regular,0,0,0,0,0,0,1,ZERO_VOL,74.9
2026-03-25 10:06:36.869918,10:06,25,3,2026,2,5,23260.85,23260.85,23260.85,23260.85,0.0,23260.85,0.0,0.0,23260.85,1.0,0.0,0.0,0.0,regular,0,0,0,0,0,0,1,ZERO_VOL,130.0
2026-03-25 10:06:36.924121,10:06,25,3,2026,2,5,23256.45,23256.45,23256.45,23256.45,0.0,23256.45,0.0,0.0,23256.45,1.0,0.0,0.0,0.0,regular,0,0,0,0,0,0,1,ZERO_VOL,53.7
2026-03-25 10:06:37.072150,10:06,25,3,2026,2,5,23260.85,23260.85,23260.85,23260.85,0.0,23260.85,0.0,0.0,23260.85,1.0,0.0,0.0,0.0,regular,0,0,0,0,0,0,1,ZERO_VOL,147.6
2026-03-25 10:06:37.172995,10:06,25,3,2026,2,5,23260.85,23260.85,23260.85,23260.85,0.0,23260.85,0.0,0.0,23260.85,1.0,0.0,0.0,0.0,regular,0,0,0,0,0,0,1,ZERO_VOL,100.4
2026-03-25 10:06:38.918303,10:06,25,3,2026,2,5,23262.15,23262.15,23262.15,23262.15,0.0,23262.15,0.0,0.0,23262.15,1.0,0.0,0.0,0.0,regular,0,0,0,0,0,0,1,ZERO_VOL,165.7
2026-03-25 10:06:39.009494,10:06,25,3,2026,2,5,23262.15,23262.15,23262.15,23262.15,0.0,23262.15,0.0,0.0,23262.15,1.0,0.0,0.0,0.0,regular,0,0,0,0,0,0,1,ZERO_VOL,90.7
2026-03-25 10:06:39.155848,10:06,25,3,2026,2,5,23262.0,23262.0,23262.0,23262.0,0.0,23262.0,0.0,0.0,23262.0,1.0,0.0,0.0,0.0,regular,0,0,0,0,0,0,1,ZERO_VOL,145.6
2026-03-25 10:06:39.306817,10:06,25,3,2026,2,5,23262.0,23262.0,23262.0,23262.0,0.0,23262.0,0.0,0.0,23262.0,1.0,0.0,0.0,0.0,regular,0,0,0,0,0,0,1,ZERO_VOL,150.5
2026-03-25 10:06:39.494112,10:06,25,3,2026,2,5,23263.65,23263.65,23263.65,23263.65,0.0,23263.65,0.0,0.0,23263.65,1.0,0.0,0.0,0.0,regular,0,0,0,0,0,0,1,ZERO_VOL,186.7
2026-03-25 10:06:41.313854,10:06,25,3,2026,2,5,23255.0,23255.0,23255.0,23255.0,0.0,23255.0,0.0,0.0,23255.0,1.0,0.0,0.0,0.0,regular,0,0,0,0,0,0,1,ZERO_VOL,104.8
2026-03-25 10:06:41.421625,10:06,25,3,2026,2,5,23255.0,23255.0,23255.0,23255.0,0.0,23255.0,0.0,0.0,23255.0,1.0,0.0,0.0,0.0,regular,0,0,0,0,0,0,1,ZERO_VOL,107.3
2026-03-25 10:06:41.476043,10:06,25,3,2026,2,5,23255.0,23255.0,23255.0,23255.0,0.0,23255.0,0.0,0.0,23255.0,1.0,0.0,0.0,0.0,regular,0,0,0,0,0,0,1,ZERO_VOL,53.9
2026-03-25 10:06:41.574109,10:06,25,3,2026,2,5,23255.0,23255.0,23255.0,23255.0,0.0,23255.0,0.0,0.0,23255.0,1.0,0.0,0.0,0.0,regular,0,0,0,0,0,0,1,ZERO_VOL,97.6
2026-03-25 10:06:41.629678,10:06,25,3,2026,2,5,23255.0,23255.0,23255.0,23255.0,0.0,23255.0,0.0,0.0,23255.0,1.0,0.0,0.0,0.0,regular,0,0,0,0,0,0,1,ZERO_VOL,55.1
2026-03-25 10:06:43.190332,10:06,25,3,2026,2,5,23257.6,23257.6,23257.6,23257.6,0.0,23257.6,0.0,0.0,23257.6,1.0,0.0,0.0,0.0,regular,0,0,0,0,0,0,1,ZERO_VOL,83.2
2026-03-25 10:06:43.289017,10:06,25,3,2026,2,5,23255.0,23255.0,23255.0,23255.0,0.0,23255.0,0.0,0.0,23255.0,1.0,0.0,0.0,0.0,regular,0,0,0,0,0,0,1,ZERO_VOL,98.2
2026-03-25 10:06:43.454478,10:06,25,3,2026,2,5,23257.6,23257.6,23257.6,23257.6,0.0,23257.6,0.0,0.0,23257.6,1.0,0.0,0.0,0.0,regular,0,0,0,0,0,0,1,ZERO_VOL,165.0
2026-03-25 10:06:43.603774,10:06,25,3,2026,2,5,23257.3,23257.3,23257.3,23257.3,0.0,23257.3,0.0,0.0,23257.3,1.0,0.0,0.0,0.0,regular,0,0,0,0,0,0,1,ZERO_VOL,148.7
2026-03-25 10:06:43.689858,10:06,25,3,2026,2,5,23255.0,23255.0,23255.0,23255.0,0.0,23255.0,0.0,0.0,23255.0,1.0,0.0,0.0,0.0,regular,0,0,0,0,0,0,1,ZERO_VOL,85.6
2026-03-25 10:06:45.183384,10:06,25,3,2026,2,5,23255.0,23255.0,23255.0,23255.0,0.0,23255.0,0.0,0.0,23255.0,1.0,0.0,0.0,0.0,regular,0,0,0,0,0,0,1,ZERO_VOL,53.3
2026-03-25 10:06:45.263979,10:06,25,3,2026,2,5,23259.2,23259.2,23259.2,23259.2,0.0,23259.2,0.0,0.0,23259.2,1.0,0.0,0.0,0.0,regular,0,0,0,0,0,0,1,ZERO_VOL,80.1
2026-03-25 10:06:45.322874,10:06,25,3,2026,2,5,23262.0,23262.0,23262.0,23262.0,0.0,23262.0,0.0,0.0,23262.0,1.0,0.0,0.0,0.0,regular,0,0,0,0,0,0,1,ZERO_VOL,58.4
2026-03-25 10:06:45.377901,10:06,25,3,2026,2,5,23262.15,23262.15,23262.15,23262.15,0.0,23262.15,0.0,0.0,23262.15,1.0,0.0,0.0,0.0,regular,0,0,0,0,0,0,1,ZERO_VOL,54.5
2026-03-25 10:06:45.433010,10:06,25,3,2026,2,5,23255.0,23255.0,23255.0,23255.0,0.0,23255.0,0.0,0.0,23255.0,1.0,0.0,0.0,0.0,regular,0,0,0,0,0,0,1,ZERO_VOL,54.6
2026-03-25 10:06:47.210790,10:06,25,3,2026,2,5,23262.0,23262.0,23262.0,23262.0,0.0,23262.0,0.0,0.0,23262.0,1.0,0.0,0.0,0.0,regular,0,0,0,0,0,0,1,ZERO_VOL,74.1
2026-03-25 10:06:47.304889,10:06,25,3,2026,2,5,23259.0,23259.0,23259.0,23259.0,0.0,23259.0,0.0,0.0,23259.0,1.0,0.0,0.0,0.0,regular,0,0,0,0,0,0,1,ZERO_VOL,93.6
2026-03-25 10:06:47.464227,10:06,25,3,2026,2,5,23259.0,23259.0,23259.0,23259.0,0.0,23259.0,0.0,0.0,23259.0,1.0,0.0,0.0,0.0,regular,0,0,0,0,0,0,1,ZERO_VOL,158.9
2026-03-25 10:06:47.547963,10:06,25,3,2026,2,5,23259.0,23259.0,23259.0,23259.0,0.0,23259.0,0.0,0.0,23259.0,1.0,0.0,0.0,0.0,regular,0,0,0,0,0,0,1,ZERO_VOL,83.2
2026-03-25 10:06:47.602892,10:06,25,3,2026,2,5,23262.15,23262.15,23262.15,23262.15,0.0,23262.15,0.0,0.0,23262.15,1.0,0.0,0.0,0.0,regular,0,0,0,0,0,0,1,ZERO_VOL,54.5
2026-03-25 10:06:49.293042,10:06,25,3,2026,2,5,23260.15,23260.15,23260.15,23260.15,0.0,23260.15,0.0,0.0,23260.15,1.0,0.0,0.0,0.0,regular,0,0,0,0,0,0,1,ZERO_VOL,158.5
2026-03-25 10:06:49.440256,10:06,25,3,2026,2,5,23260.15,23260.15,23260.15,23260.15,0.0,23260.15,0.0,0.0,23260.15,1.0,0.0,0.0,0.0,regular,0,0,0,0,0,0,1,ZERO_VOL,146.8
2026-03-25 10:06:49.501410,10:06,25,3,2026,2,5,23255.0,23255.0,23255.0,23255.0,0.0,23255.0,0.0,0.0,23255.0,1.0,0.0,0.0,0.0,regular,0,0,0,0,0,0,1,ZERO_VOL,60.6
2026-03-25 10:06:49.585353,10:06,25,3,2026,2,5,23260.15,23260.15,23260.15,23260.15,0.0,23260.15,0.0,0.0,23260.15,1.0,0.0,0.0,0.0,regular,0,0,0,0,0,0,1,ZERO_VOL,83.5
2026-03-25 10:06:49.772065,10:06,25,3,2026,2,5,23259.15,23259.15,23259.15,23259.15,0.0,23259.15,0.0,0.0,23259.15,1.0,0.0,0.0,0.0,regular,0,0,0,0,0,0,1,ZERO_VOL,186.3
2026-03-25 10:06:51.395234,10:06,25,3,2026,2,5,23255.0,23255.0,23255.0,23255.0,0.0,23255.0,0.0,0.0,23255.0,1.0,0.0,0.0,0.0,regular,0,0,0,0,0,0,1,ZERO_VOL,60.6
2026-03-25 10:06:51.571121,10:06,25,3,2026,2,5,23260.5,23260.5,23260.5,23260.5,0.0,23260.5,0.0,0.0,23260.5,1.0,0.0,0.0,0.0,regular,0,0,0,0,0,0,1,ZERO_VOL,175.4
2026-03-25 10:06:51.632723,10:06,25,3,2026,2,5,23255.0,23255.0,23255.0,23255.0,0.0,23255.0,0.0,0.0,23255.0,1.0,0.0,0.0,0.0,regular,0,0,0,0,0,0,1,ZERO_VOL,61.0
2026-03-25 10:06:51.809769,10:06,25,3,2026,2,5,23260.0,23260.0,23260.0,23260.0,0.0,23260.0,0.0,0.0,23260.0,1.0,0.0,0.0,0.0,regular,0,0,0,0,0,0,1,ZERO_VOL,176.6
2026-03-25 10:06:51.974606,10:06,25,3,2026,2,5,23260.15,23260.15,23260.15,23260.15,0.0,23260.15,0.0,0.0,23260.15,1.0,0.0,0.0,0.0,regular,0,0,0,0,0,0,1,ZERO_VOL,164.3
2026-03-25 10:06:53.823225,10:06,25,3,2026,2,5,23260.5,23260.5,23260.5,23260.5,0.0,23260.5,0.0,0.0,23260.5,1.0,0.0,0.0,0.0,regular,0,0,0,0,0,0,1,ZERO_VOL,77.3
2026-03-25 10:06:53.941017,10:06,25,3,2026,2,5,23261.15,23261.15,23261.15,23261.15,0.0,23261.15,0.0,0.0,23261.15,1.0,0.0,0.0,0.0,regular,0,0,0,0,0,0,1,ZERO_VOL,117.1
2026-03-25 10:06:54.097503,10:06,25,3,2026,2,5,23262.45,23262.45,23262.45,23262.45,0.0,23262.45,0.0,0.0,23262.45,1.0,0.0,0.0,0.0,regular,0,0,0,0,0,0,1,ZERO_VOL,156.0
2026-03-25 10:06:54.194398,10:06,25,3,2026,2,5,23261.15,23261.15,23261.15,23261.15,0.0,23261.15,0.0,0.0,23261.15,1.0,0.0,0.0,0.0,regular,0,0,0,0,0,0,1,ZERO_VOL,96.4
2026-03-25 10:06:54.310618,10:06,25,3,2026,2,5,23262.4,23262.4,23262.4,23262.4,0.0,23262.4,0.0,0.0,23262.4,1.0,0.0,0.0,0.0,regular,0,0,0,0,0,0,1,ZERO_VOL,115.7
2026-03-25 10:06:55.898439,10:06,25,3,2026,2,5,23256.75,23256.75,23256.75,23256.75,0.0,23256.75,0.0,0.0,23256.75,1.0,0.0,0.0,0.0,regular,0,0,0,0,0,0,1,ZERO_VOL,98.6
2026-03-25 10:06:56.081254,10:06,25,3,2026,2,5,23256.75,23256.75,23256.75,23256.75,0.0,23256.75,0.0,0.0,23256.75,1.0,0.0,0.0,0.0,regular,0,0,0,0,0,0,1,ZERO_VOL,182.3
2026-03-25 10:06:56.145665,10:06,25,3,2026,2,5,23260.15,23260.15,23260.15,23260.15,0.0,23260.15,0.0,0.0,23260.15,1.0,0.0,0.0,0.0,regular,0,0,0,0,0,0,1,ZERO_VOL,63.7
2026-03-25 10:06:56.240678,10:06,25,3,2026,2,5,23258.15,23258.15,23258.15,23258.15,0.0,23258.15,0.0,0.0,23258.15,1.0,0.0,0.0,0.0,regular,0,0,0,0,0,0,1,ZERO_VOL,94.5
2026-03-25 10:06:56.365561,10:06,25,3,2026,2,5,23258.15,23258.15,23258.15,23258.15,0.0,23258.15,0.0,0.0,23258.15,1.0,0.0,0.0,0.0,regular,0,0,0,0,0,0,1,ZERO_VOL,124.4
2026-03-25 10:06:57.968978,10:06,25,3,2026,2,5,23260.15,23260.15,23260.15,23260.15,0.0,23260.15,0.0,0.0,23260.15,1.0,0.0,0.0,0.0,regular,0,0,0,0,0,0,1,ZERO_VOL,130.1
2026-03-25 10:06:58.046167,10:06,25,3,2026,2,5,23258.2,23258.2,23258.2,23258.2,0.0,23258.2,0.0,0.0,23258.2,1.0,0.0,0.0,0.0,regular,0,0,0,0,0,0,1,ZERO_VOL,76.7
2026-03-25 10:06:58.169239,10:06,25,3,2026,2,5,23256.65,23256.65,23256.65,23256.65,0.0,23256.65,0.0,0.0,23256.65,1.0,0.0,0.0,0.0,regular,0,0,0,0,0,0,1,ZERO_VOL,122.5
2026-03-25 10:06:58.324525,10:06,25,3,2026,2,5,23256.05,23256.05,23256.05,23256.05,0.0,23256.05,0.0,0.0,23256.05,1.0,0.0,0.0,0.0,regular,0,0,0,0,0,0,1,ZERO_VOL,154.8
2026-03-25 10:06:58.378282,10:06,25,3,2026,2,5,23260.15,23260.15,23260.15,23260.15,0.0,23260.15,0.0,0.0,23260.15,1.0,0.0,0.0,0.0,regular,0,0,0,0,0,0,1,ZERO_VOL,53.2
2026-03-25 10:07:00.080958,10:07,25,3,2026,2,5,23255.15,23255.15,23255.15,23255.15,0.0,23255.15,0.0,0.0,23255.15,1.0,0.0,0.0,0.0,regular,0,0,0,0,0,0,1,ZERO_VOL,97.2
2026-03-25 10:07:00.142222,10:07,25,3,2026,2,5,23261.15,23261.15,23261.15,23261.15,0.0,23261.15,0.0,0.0,23261.15,1.0,0.0,0.0,0.0,regular,0,0,0,0,0,0,1,ZERO_VOL,60.8
2026-03-25 10:07:00.195950,10:07,25,3,2026,2,5,23258.15,23258.15,23258.15,23258.15,0.0,23258.15,0.0,0.0,23258.15,1.0,0.0,0.0,0.0,regular,0,0,0,0,0,0,1,ZERO_VOL,53.1
2026-03-25 10:07:00.252382,10:07,25,3,2026,2,5,23256.75,23256.75,23256.75,23256.75,0.0,23256.75,0.0,0.0,23256.75,1.0,0.0,0.0,0.0,regular,0,0,0,0,0,0,1,ZERO_VOL,55.9
2026-03-25 10:07:00.393607,10:07,25,3,2026,2,5,23256.0,23256.0,23256.0,23256.0,0.0,23256.0,0.0,0.0,23256.0,1.0,0.0,0.0,0.0,regular,0,0,0,0,0,0,1,ZERO_VOL,140.7
2026-03-25 10:07:02.315739,10:07,25,3,2026,2,5,23254.45,23254.45,23254.45,23254.45,0.0,23254.45,0.0,0.0,23254.45,1.0,0.0,0.0,0.0,regular,0,0,0,0,0,0,1,ZERO_VOL,100.9
2026-03-25 10:07:02.412804,10:07,25,3,2026,2,5,23254.45,23254.45,23254.45,23254.45,0.0,23254.45,0.0,0.0,23254.45,1.0,0.0,0.0,0.0,regular,0,0,0,0,0,0,1,ZERO_VOL,96.6
2026-03-25 10:07:02.486809,10:07,25,3,2026,2,5,23256.65,23256.65,23256.65,23256.65,0.0,23256.65,0.0,0.0,23256.65,1.0,0.0,0.0,0.0,regular,0,0,0,0,0,0,1,ZERO_VOL,73.5
2026-03-25 10:07:02.595644,10:07,25,3,2026,2,5,23254.45,23254.45,23254.45,23254.45,0.0,23254.45,0.0,0.0,23254.45,1.0,0.0,0.0,0.0,regular,0,0,0,0,0,0,1,ZERO_VOL,108.2
2026-03-25 10:07:02.693370,10:07,25,3,2026,2,5,23254.45,23254.45,23254.45,23254.45,0.0,23254.45,0.0,0.0,23254.45,1.0,0.0,0.0,0.0,regular,0,0,0,0,0,0,1,ZERO_VOL,97.2
2026-03-25 10:07:04.287522,10:07,25,3,2026,2,5,23253.55,23253.55,23253.55,23253.55,0.0,23253.55,0.0,0.0,23253.55,1.0,0.0,0.0,0.0,regular,0,0,0,0,0,0,1,ZERO_VOL,154.6
2026-03-25 10:07:04.486557,10:07,25,3,2026,2,5,23253.55,23253.55,23253.55,23253.55,0.0,23253.55,0.0,0.0,23253.55,1.0,0.0,0.0,0.0,regular,0,0,0,0,0,0,1,ZERO_VOL,198.5
2026-03-25 10:07:04.570818,10:07,25,3,2026,2,5,23253.55,23253.55,23253.55,23253.55,0.0,23253.55,0.0,0.0,23253.55,1.0,0.0,0.0,0.0,regular,0,0,0,0,0,0,1,ZERO_VOL,83.7
2026-03-25 10:07:04.678330,10:07,25,3,2026,2,5,23253.55,23253.55,23253.55,23253.55,0.0,23253.55,0.0,0.0,23253.55,1.0,0.0,0.0,0.0,regular,0,0,0,0,0,0,1,ZERO_VOL,107.0
2026-03-25 10:07:04.826195,10:07,25,3,2026,2,5,23253.5,23253.5,23253.5,23253.5,0.0,23253.5,0.0,0.0,23253.5,1.0,0.0,0.0,0.0,regular,0,0,0,0,0,0,1,ZERO_VOL,147.2
2026-03-25 10:07:06.620559,10:07,25,3,2026,2,5,23255.2,23255.2,23255.2,23255.2,0.0,23255.2,0.0,0.0,23255.2,1.0,0.0,0.0,0.0,regular,0,0,0,0,0,0,1,ZERO_VOL,86.3
2026-03-25 10:07:06.680905,10:07,25,3,2026,2,5,23254.45,23254.45,23254.45,23254.45,0.0,23254.45,0.0,0.0,23254.45,1.0,0.0,0.0,0.0,regular,0,0,0,0,0,0,1,ZERO_VOL,59.9
2026-03-25 10:07:06.730825,10:07,25,3,2026,2,5,23254.45,23254.45,23254.45,23254.45,0.0,23254.45,0.0,0.0,23254.45,1.0,0.0,0.0,0.0,regular,0,0,0,0,0,0,1,ZERO_VOL,49.4
2026-03-25 10:07:06.845717,10:07,25,3,2026,2,5,23255.75,23255.75,23255.75,23255.75,0.0,23255.75,0.0,0.0,23255.75,1.0,0.0,0.0,0.0,regular,0,0,0,0,0,0,1,ZERO_VOL,114.4
2026-03-25 10:07:06.939551,10:07,25,3,2026,2,5,23255.2,23255.2,23255.2,23255.2,0.0,23255.2,0.0,0.0,23255.2,1.0,0.0,0.0,0.0,regular,0,0,0,0,0,0,1,ZERO_VOL,93.0
2026-03-25 10:07:08.722552,10:07,25,3,2026,2,5,23255.75,23255.75,23255.75,23255.75,0.0,23255.75,0.0,0.0,23255.75,1.0,0.0,0.0,0.0,regular,0,0,0,0,0,0,1,ZERO_VOL,95.9
2026-03-25 10:07:08.810352,10:07,25,3,2026,2,5,23255.75,23255.75,23255.75,23255.75,0.0,23255.75,0.0,0.0,23255.75,1.0,0.0,0.0,0.0,regular,0,0,0,0,0,0,1,ZERO_VOL,87.3
2026-03-25 10:07:08.930119,10:07,25,3,2026,2,5,23256.7,23256.7,23256.7,23256.7,0.0,23256.7,0.0,0.0,23256.7,1.0,0.0,0.0,0.0,regular,0,0,0,0,0,0,1,ZERO_VOL,119.1
2026-03-25 10:07:09.027477,10:07,25,3,2026,2,5,23255.75,23255.75,23255.75,23255.75,0.0,23255.75,0.0,0.0,23255.75,1.0,0.0,0.0,0.0,regular,0,0,0,0,0,0,1,ZERO_VOL,96.7
2026-03-25 10:07:09.174364,10:07,25,3,2026,2,5,23255.75,23255.75,23255.75,23255.75,0.0,23255.75,0.0,0.0,23255.75,1.0,0.0,0.0,0.0,regular,0,0,0,0,0,0,1,ZERO_VOL,146.4
2026-03-25 10:07:10.782610,10:07,25,3,2026,2,5,23253.55,23253.55,23253.55,23253.55,0.0,23253.55,0.0,0.0,23253.55,1.0,0.0,0.0,0.0,regular,0,0,0,0,0,0,1,ZERO_VOL,76.1
2026-03-25 10:07:10.913522,10:07,25,3,2026,2,5,23257.7,23257.7,23257.7,23257.7,0.0,23257.7,0.0,0.0,23257.7,1.0,0.0,0.0,0.0,regular,0,0,0,0,0,0,1,ZERO_VOL,130.4
2026-03-25 10:07:10.968267,10:07,25,3,2026,2,5,23255.75,23255.75,23255.75,23255.75,0.0,23255.75,0.0,0.0,23255.75,1.0,0.0,0.0,0.0,regular,0,0,0,0,0,0,1,ZERO_VOL,54.3
2026-03-25 10:07:11.144877,10:07,25,3,2026,2,5,23257.7,23257.7,23257.7,23257.7,0.0,23257.7,0.0,0.0,23257.7,1.0,0.0,0.0,0.0,regular,0,0,0,0,0,0,1,ZERO_VOL,176.1
2026-03-25 10:07:11.299237,10:07,25,3,2026,2,5,23257.7,23257.7,23257.7,23257.7,0.0,23257.7,0.0,0.0,23257.7,1.0,0.0,0.0,0.0,regular,0,0,0,0,0,0,1,ZERO_VOL,153.9
2026-03-25 10:07:12.877072,10:07,25,3,2026,2,5,23258.85,23258.85,23258.85,23258.85,0.0,23258.85,0.0,0.0,23258.85,1.0,0.0,0.0,0.0,regular,0,0,0,0,0,0,1,ZERO_VOL,103.9
2026-03-25 10:07:12.940922,10:07,25,3,2026,2,5,23257.7,23257.7,23257.7,23257.7,0.0,23257.7,0.0,0.0,23257.7,1.0,0.0,0.0,0.0,regular,0,0,0,0,0,0,1,ZERO_VOL,63.3
2026-03-25 10:07:13.046677,10:07,25,3,2026,2,5,23258.85,23258.85,23258.85,23258.85,0.0,23258.85,0.0,0.0,23258.85,1.0,0.0,0.0,0.0,regular,0,0,0,0,0,0,1,ZERO_VOL,105.2
2026-03-25 10:07:13.103216,10:07,25,3,2026,2,5,23255.2,23255.2,23255.2,23255.2,0.0,23255.2,0.0,0.0,23255.2,1.0,0.0,0.0,0.0,regular,0,0,0,0,0,0,1,ZERO_VOL,56.0
2026-03-25 10:07:13.162068,10:07,25,3,2026,2,5,23257.7,23257.7,23257.7,23257.7,0.0,23257.7,0.0,0.0,23257.7,1.0,0.0,0.0,0.0,regular,0,0,0,0,0,0,1,ZERO_VOL,58.4
2026-03-25 10:07:14.916008,10:07,25,3,2026,2,5,23253.55,23253.55,23253.55,23253.55,0.0,23253.55,0.0,0.0,23253.55,1.0,0.0,0.0,0.0,regular,0,0,0,0,0,0,1,ZERO_VOL,63.9
2026-03-25 10:07:15.068545,10:07,25,3,2026,2,5,23259.8,23259.8,23259.8,23259.8,0.0,23259.8,0.0,0.0,23259.8,1.0,0.0,0.0,0.0,regular,0,0,0,0,0,0,1,ZERO_VOL,152.0
2026-03-25 10:07:15.166014,10:07,25,3,2026,2,5,23259.8,23259.8,23259.8,23259.8,0.0,23259.8,0.0,0.0,23259.8,1.0,0.0,0.0,0.0,regular,0,0,0,0,0,0,1,ZERO_VOL,96.9
2026-03-25 10:07:15.222574,10:07,25,3,2026,2,5,23255.75,23255.75,23255.75,23255.75,0.0,23255.75,0.0,0.0,23255.75,1.0,0.0,0.0,0.0,regular,0,0,0,0,0,0,1,ZERO_VOL,56.1
2026-03-25 10:07:15.373725,10:07,25,3,2026,2,5,23258.95,23258.95,23258.95,23258.95,0.0,23258.95,0.0,0.0,23258.95,1.0,0.0,0.0,0.0,regular,0,0,0,0,0,0,1,ZERO_VOL,150.7
2026-03-25 10:07:16.978901,10:07,25,3,2026,2,5,23255.2,23255.2,23255.2,23255.2,0.0,23255.2,0.0,0.0,23255.2,1.0,0.0,0.0,0.0,regular,0,0,0,0,0,0,1,ZERO_VOL,61.2
2026-03-25 10:07:17.094262,10:07,25,3,2026,2,5,23257.75,23257.75,23257.75,23257.75,0.0,23257.75,0.0,0.0,23257.75,1.0,0.0,0.0,0.0,regular,0,0,0,0,0,0,1,ZERO_VOL,114.9
2026-03-25 10:07:17.180996,10:07,25,3,2026,2,5,23257.75,23257.75,23257.75,23257.75,0.0,23257.75,0.0,0.0,23257.75,1.0,0.0,0.0,0.0,regular,0,0,0,0,0,0,1,ZERO_VOL,86.2
2026-03-25 10:07:17.328961,10:07,25,3,2026,2,5,23260.5,23260.5,23260.5,23260.5,0.0,23260.5,0.0,0.0,23260.5,1.0,0.0,0.0,0.0,regular,0,0,0,0,0,0,1,ZERO_VOL,147.4
2026-03-25 10:07:17.416968,10:07,25,3,2026,2,5,23260.5,23260.5,23260.5,23260.5,0.0,23260.5,0.0,0.0,23260.5,1.0,0.0,0.0,0.0,regular,0,0,0,0,0,0,1,ZERO_VOL,87.5
2026-03-25 10:07:19.101437,10:07,25,3,2026,2,5,23258.3,23258.3,23258.3,23258.3,0.0,23258.3,0.0,0.0,23258.3,1.0,0.0,0.0,0.0,regular,0,0,0,0,0,0,1,ZERO_VOL,74.1
2026-03-25 10:07:19.197391,10:07,25,3,2026,2,5,23257.55,23257.55,23257.55,23257.55,0.0,23257.55,0.0,0.0,23257.55,1.0,0.0,0.0,0.0,regular,0,0,0,0,0,0,1,ZERO_VOL,95.5
2026-03-25 10:07:19.261036,10:07,25,3,2026,2,5,23257.7,23257.7,23257.7,23257.7,0.0,23257.7,0.0,0.0,23257.7,1.0,0.0,0.0,0.0,regular,0,0,0,0,0,0,1,ZERO_VOL,63.1
2026-03-25 10:07:19.369128,10:07,25,3,2026,2,5,23257.55,23257.55,23257.55,23257.55,0.0,23257.55,0.0,0.0,23257.55,1.0,0.0,0.0,0.0,regular,0,0,0,0,0,0,1,ZERO_VOL,107.5
2026-03-25 10:07:19.461733,10:07,25,3,2026,2,5,23257.55,23257.55,23257.55,23257.55,0.0,23257.55,0.0,0.0,23257.55,1.0,0.0,0.0,0.0,regular,0,0,0,0,0,0,1,ZERO_VOL,92.1
2026-03-25 10:07:21.163030,10:07,25,3,2026,2,5,23259.85,23259.85,23259.85,23259.85,0.0,23259.85,0.0,0.0,23259.85,1.0,0.0,0.0,0.0,regular,0,0,0,0,0,0,1,ZERO_VOL,152.1
2026-03-25 10:07:21.324336,10:07,25,3,2026,2,5,23259.8,23259.8,23259.8,23259.8,0.0,23259.8,0.0,0.0,23259.8,1.0,0.0,0.0,0.0,regular,0,0,0,0,0,0,1,ZERO_VOL,160.8
2026-03-25 10:07:21.521489,10:07,25,3,2026,2,5,23259.8,23259.8,23259.8,23259.8,0.0,23259.8,0.0,0.0,23259.8,1.0,0.0,0.0,0.0,regular,0,0,0,0,0,0,1,ZERO_VOL,196.6
2026-03-25 10:07:21.693829,10:07,25,3,2026,2,5,23259.8,23259.8,23259.8,23259.8,0.0,23259.8,0.0,0.0,23259.8,1.0,0.0,0.0,0.0,regular,0,0,0,0,0,0,1,ZERO_VOL,171.8
2026-03-25 10:07:21.811401,10:07,25,3,2026,2,5,23260.1,23260.1,23260.1,23260.1,0.0,23260.1,0.0,0.0,23260.1,1.0,0.0,0.0,0.0,regular,0,0,0,0,0,0,1,ZERO_VOL,117.1
2026-03-25 10:07:24.205993,10:07,25,3,2026,2,5,23258.9,23258.9,23258.9,23258.9,0.0,23258.9,0.0,0.0,23258.9,1.0,0.0,0.0,0.0,regular,0,0,0,0,0,0,1,ZERO_VOL,417.2
2026-03-25 10:07:24.262287,10:07,25,3,2026,2,5,23260.1,23260.1,23260.1,23260.1,0.0,23260.1,0.0,0.0,23260.1,1.0,0.0,0.0,0.0,regular,0,0,0,0,0,0,1,ZERO_VOL,55.8
2026-03-25 10:07:24.360057,10:07,25,3,2026,2,5,23258.9,23258.9,23258.9,23258.9,0.0,23258.9,0.0,0.0,23258.9,1.0,0.0,0.0,0.0,regular,0,0,0,0,0,0,1,ZERO_VOL,97.3
2026-03-25 10:07:24.439000,10:07,25,3,2026,2,5,23258.9,23258.9,23258.9,23258.9,0.0,23258.9,0.0,0.0,23258.9,1.0,0.0,0.0,0.0,regular,0,0,0,0,0,0,1,ZERO_VOL,78.5
2026-03-25 10:07:24.553458,10:07,25,3,2026,2,5,23259.8,23259.8,23259.8,23259.8,0.0,23259.8,0.0,0.0,23259.8,1.0,0.0,0.0,0.0,regular,0,0,0,0,0,0,1,ZERO_VOL,113.9
2026-03-25 10:07:26.276106,10:07,25,3,2026,2,5,23258.9,23258.9,23258.9,23258.9,0.0,23258.9,0.0,0.0,23258.9,1.0,0.0,0.0,0.0,regular,0,0,0,0,0,0,1,ZERO_VOL,182.4
2026-03-25 10:07:26.331670,10:07,25,3,2026,2,5,23257.55,23257.55,23257.55,23257.55,0.0,23257.55,0.0,0.0,23257.55,1.0,0.0,0.0,0.0,regular,0,0,0,0,0,0,1,ZERO_VOL,55.0
2026-03-25 10:07:26.388158,10:07,25,3,2026,2,5,23257.55,23257.55,23257.55,23257.55,0.0,23257.55,0.0,0.0,23257.55,1.0,0.0,0.0,0.0,regular,0,0,0,0,0,0,1,ZERO_VOL,56.0
2026-03-25 10:07:26.443371,10:07,25,3,2026,2,5,23257.55,23257.55,23257.55,23257.55,0.0,23257.55,0.0,0.0,23257.55,1.0,0.0,0.0,0.0,regular,0,0,0,0,0,0,1,ZERO_VOL,54.7
2026-03-25 10:07:26.504980,10:07,25,3,2026,2,5,23259.8,23259.8,23259.8,23259.8,0.0,23259.8,0.0,0.0,23259.8,1.0,0.0,0.0,0.0,regular,0,0,0,0,0,0,1,ZERO_VOL,61.1
2026-03-25 10:07:28.244058,10:07,25,3,2026,2,5,23258.7,23258.7,23258.7,23258.7,0.0,23258.7,0.0,0.0,23258.7,1.0,0.0,0.0,0.0,regular,0,0,0,0,0,0,1,ZERO_VOL,95.3
2026-03-25 10:07:28.348638,10:07,25,3,2026,2,5,23258.7,23258.7,23258.7,23258.7,0.0,23258.7,0.0,0.0,23258.7,1.0,0.0,0.0,0.0,regular,0,0,0,0,0,0,1,ZERO_VOL,104.1
2026-03-25 10:07:28.453649,10:07,25,3,2026,2,5,23260.45,23260.45,23260.45,23260.45,0.0,23260.45,0.0,0.0,23260.45,1.0,0.0,0.0,0.0,regular,0,0,0,0,0,0,1,ZERO_VOL,104.5
2026-03-25 10:07:28.564903,10:07,25,3,2026,2,5,23260.45,23260.45,23260.45,23260.45,0.0,23260.45,0.0,0.0,23260.45,1.0,0.0,0.0,0.0,regular,0,0,0,0,0,0,1,ZERO_VOL,110.7
2026-03-25 10:07:28.620973,10:07,25,3,2026,2,5,23258.9,23258.9,23258.9,23258.9,0.0,23258.9,0.0,0.0,23258.9,1.0,0.0,0.0,0.0,regular,0,0,0,0,0,0,1,ZERO_VOL,55.6
2026-03-25 10:07:30.284346,10:07,25,3,2026,2,5,23262.65,23262.65,23262.65,23262.65,0.0,23262.65,0.0,0.0,23262.65,1.0,0.0,0.0,0.0,regular,0,0,0,0,0,0,1,ZERO_VOL,83.3
2026-03-25 10:07:30.349023,10:07,25,3,2026,2,5,23258.9,23258.9,23258.9,23258.9,0.0,23258.9,0.0,0.0,23258.9,1.0,0.0,0.0,0.0,regular,0,0,0,0,0,0,1,ZERO_VOL,64.2
2026-03-25 10:07:30.458117,10:07,25,3,2026,2,5,23263.65,23263.65,23263.65,23263.65,0.0,23263.65,0.0,0.0,23263.65,1.0,0.0,0.0,0.0,regular,0,0,0,0,0,0,1,ZERO_VOL,108.6
2026-03-25 10:07:30.565968,10:07,25,3,2026,2,5,23262.65,23262.65,23262.65,23262.65,0.0,23262.65,0.0,0.0,23262.65,1.0,0.0,0.0,0.0,regular,0,0,0,0,0,0,1,ZERO_VOL,107.3
2026-03-25 10:07:30.644096,10:07,25,3,2026,2,5,23259.8,23259.8,23259.8,23259.8,0.0,23259.8,0.0,0.0,23259.8,1.0,0.0,0.0,0.0,regular,0,0,0,0,0,0,1,ZERO_VOL,77.6
2026-03-25 10:07:32.526347,10:07,25,3,2026,2,5,23266.25,23266.25,23266.25,23266.25,0.0,23266.25,0.0,0.0,23266.25,1.0,0.0,0.0,0.0,regular,0,0,0,0,0,0,1,ZERO_VOL,73.8
2026-03-25 10:07:32.691213,10:07,25,3,2026,2,5,23266.25,23266.25,23266.25,23266.25,0.0,23266.25,0.0,0.0,23266.25,1.0,0.0,0.0,0.0,regular,0,0,0,0,0,0,1,ZERO_VOL,164.4
2026-03-25 10:07:32.832758,10:07,25,3,2026,2,5,23266.3,23266.3,23266.3,23266.3,0.0,23266.3,0.0,0.0,23266.3,1.0,0.0,0.0,0.0,regular,0,0,0,0,0,0,1,ZERO_VOL,140.9
2026-03-25 10:07:32.887968,10:07,25,3,2026,2,5,23258.9,23258.9,23258.9,23258.9,0.0,23258.9,0.0,0.0,23258.9,1.0,0.0,0.0,0.0,regular,0,0,0,0,0,0,1,ZERO_VOL,54.2
2026-03-25 10:07:32.985570,10:07,25,3,2026,2,5,23266.25,23266.25,23266.25,23266.25,0.0,23266.25,0.0,0.0,23266.25,1.0,0.0,0.0,0.0,regular,0,0,0,0,0,0,1,ZERO_VOL,97.1
2026-03-25 10:07:34.535638,10:07,25,3,2026,2,5,23265.55,23265.55,23265.55,23265.55,0.0,23265.55,0.0,0.0,23265.55,1.0,0.0,0.0,0.0,regular,0,0,0,0,0,0,1,ZERO_VOL,174.7
2026-03-25 10:07:34.683888,10:07,25,3,2026,2,5,23266.45,23266.45,23266.45,23266.45,0.0,23266.45,0.0,0.0,23266.45,1.0,0.0,0.0,0.0,regular,0,0,0,0,0,0,1,ZERO_VOL,147.7
2026-03-25 10:07:34.859023,10:07,25,3,2026,2,5,23264.85,23264.85,23264.85,23264.85,0.0,23264.85,0.0,0.0,23264.85,1.0,0.0,0.0,0.0,regular,0,0,0,0,0,0,1,ZERO_VOL,174.6
2026-03-25 10:07:34.923998,10:07,25,3,2026,2,5,23259.8,23259.8,23259.8,23259.8,0.0,23259.8,0.0,0.0,23259.8,1.0,0.0,0.0,0.0,regular,0,0,0,0,0,0,1,ZERO_VOL,64.5
2026-03-25 10:07:35.097877,10:07,25,3,2026,2,5,23264.85,23264.85,23264.85,23264.85,0.0,23264.85,0.0,0.0,23264.85,1.0,0.0,0.0,0.0,regular,0,0,0,0,0,0,1,ZERO_VOL,173.2
2026-03-25 10:07:39.869772,10:07,25,3,2026,2,5,23266.25,23266.25,23266.25,23266.25,0.0,23266.25,0.0,0.0,23266.25,1.0,0.0,0.0,0.0,regular,0,0,0,0,0,0,1,ZERO_VOL,56.7
2026-03-25 10:07:40.005132,10:07,25,3,2026,2,5,23257.75,23257.75,23257.75,23257.75,0.0,23257.75,0.0,0.0,23257.75,1.0,0.0,0.0,0.0,regular,0,0,0,0,0,0,1,ZERO_VOL,134.8
2026-03-25 10:07:40.106414,10:07,25,3,2026,2,5,23264.85,23264.85,23264.85,23264.85,0.0,23264.85,0.0,0.0,23264.85,1.0,0.0,0.0,0.0,regular,0,0,0,0,0,0,1,ZERO_VOL,100.8
2026-03-25 10:07:40.210786,10:07,25,3,2026,2,5,23255.6,23255.6,23255.6,23255.6,0.0,23255.6,0.0,0.0,23255.6,1.0,0.0,0.0,0.0,regular,0,0,0,0,0,0,1,ZERO_VOL,103.8
2026-03-25 10:07:40.289878,10:07,25,3,2026,2,5,23255.6,23255.6,23255.6,23255.6,0.0,23255.6,0.0,0.0,23255.6,1.0,0.0,0.0,0.0,regular,0,0,0,0,0,0,1,ZERO_VOL,78.6
2026-03-25 10:07:42.178257,10:07,25,3,2026,2,5,23255.7,23255.7,23255.7,23255.7,0.0,23255.7,0.0,0.0,23255.7,1.0,0.0,0.0,0.0,regular,0,0,0,0,0,0,1,ZERO_VOL,189.3
2026-03-25 10:07:42.235252,10:07,25,3,2026,2,5,23264.85,23264.85,23264.85,23264.85,0.0,23264.85,0.0,0.0,23264.85,1.0,0.0,0.0,0.0,regular,0,0,0,0,0,0,1,ZERO_VOL,56.5
2026-03-25 10:07:42.289135,10:07,25,3,2026,2,5,23264.85,23264.85,23264.85,23264.85,0.0,23264.85,0.0,0.0,23264.85,1.0,0.0,0.0,0.0,regular,0,0,0,0,0,0,1,ZERO_VOL,53.4
2026-03-25 10:07:42.457289,10:07,25,3,2026,2,5,23254.7,23254.7,23254.7,23254.7,0.0,23254.7,0.0,0.0,23254.7,1.0,0.0,0.0,0.0,regular,0,0,0,0,0,0,1,ZERO_VOL,167.7
2026-03-25 10:07:42.518831,10:07,25,3,2026,2,5,23254.7,23254.7,23254.7,23254.7,0.0,23254.7,0.0,0.0,23254.7,1.0,0.0,0.0,0.0,regular,0,0,0,0,0,0,1,ZERO_VOL,61.0
2026-03-25 10:07:44.251517,10:07,25,3,2026,2,5,23255.5,23255.5,23255.5,23255.5,0.0,23255.5,0.0,0.0,23255.5,1.0,0.0,0.0,0.0,regular,0,0,0,0,0,0,1,ZERO_VOL,150.7
2026-03-25 10:07:44.314004,10:07,25,3,2026,2,5,23255.5,23255.5,23255.5,23255.5,0.0,23255.5,0.0,0.0,23255.5,1.0,0.0,0.0,0.0,regular,0,0,0,0,0,0,1,ZERO_VOL,62.0
2026-03-25 10:07:44.494631,10:07,25,3,2026,2,5,23256.1,23256.1,23256.1,23256.1,0.0,23256.1,0.0,0.0,23256.1,1.0,0.0,0.0,0.0,regular,0,0,0,0,0,0,1,ZERO_VOL,180.1
2026-03-25 10:07:44.570316,10:07,25,3,2026,2,5,23264.85,23264.85,23264.85,23264.85,0.0,23264.85,0.0,0.0,23264.85,1.0,0.0,0.0,0.0,regular,0,0,0,0,0,0,1,ZERO_VOL,75.2
2026-03-25 10:07:44.659714,10:07,25,3,2026,2,5,23255.5,23255.5,23255.5,23255.5,0.0,23255.5,0.0,0.0,23255.5,1.0,0.0,0.0,0.0,regular,0,0,0,0,0,0,1,ZERO_VOL,88.8
2026-03-25 10:07:46.269762,10:07,25,3,2026,2,5,23256.9,23256.9,23256.9,23256.9,0.0,23256.9,0.0,0.0,23256.9,1.0,0.0,0.0,0.0,regular,0,0,0,0,0,0,1,ZERO_VOL,117.6
2026-03-25 10:07:46.421326,10:07,25,3,2026,2,5,23257.9,23257.9,23257.9,23257.9,0.0,23257.9,0.0,0.0,23257.9,1.0,0.0,0.0,0.0,regular,0,0,0,0,0,0,1,ZERO_VOL,151.1
2026-03-25 10:07:46.476048,10:07,25,3,2026,2,5,23256.1,23256.1,23256.1,23256.1,0.0,23256.1,0.0,0.0,23256.1,1.0,0.0,0.0,0.0,regular,0,0,0,0,0,0,1,ZERO_VOL,54.2
2026-03-25 10:07:46.534620,10:07,25,3,2026,2,5,23255.5,23255.5,23255.5,23255.5,0.0,23255.5,0.0,0.0,23255.5,1.0,0.0,0.0,0.0,regular,0,0,0,0,0,0,1,ZERO_VOL,58.1
2026-03-25 10:07:46.693761,10:07,25,3,2026,2,5,23257.9,23257.9,23257.9,23257.9,0.0,23257.9,0.0,0.0,23257.9,1.0,0.0,0.0,0.0,regular,0,0,0,0,0,0,1,ZERO_VOL,158.7
2026-03-25 10:07:48.317765,10:07,25,3,2026,2,5,23256.75,23256.75,23256.75,23256.75,0.0,23256.75,0.0,0.0,23256.75,1.0,0.0,0.0,0.0,regular,0,0,0,0,0,0,1,ZERO_VOL,169.4
2026-03-25 10:07:48.375685,10:07,25,3,2026,2,5,23255.6,23255.6,23255.6,23255.6,0.0,23255.6,0.0,0.0,23255.6,1.0,0.0,0.0,0.0,regular,0,0,0,0,0,0,1,ZERO_VOL,57.3
2026-03-25 10:07:48.453215,10:07,25,3,2026,2,5,23255.65,23255.65,23255.65,23255.65,0.0,23255.65,0.0,0.0,23255.65,1.0,0.0,0.0,0.0,regular,0,0,0,0,0,0,1,ZERO_VOL,76.9
2026-03-25 10:07:48.507167,10:07,25,3,2026,2,5,23255.6,23255.6,23255.6,23255.6,0.0,23255.6,0.0,0.0,23255.6,1.0,0.0,0.0,0.0,regular,0,0,0,0,0,0,1,ZERO_VOL,53.4
2026-03-25 10:07:48.629371,10:07,25,3,2026,2,5,23256.75,23256.75,23256.75,23256.75,0.0,23256.75,0.0,0.0,23256.75,1.0,0.0,0.0,0.0,regular,0,0,0,0,0,0,1,ZERO_VOL,121.7
2026-03-25 10:07:50.179724,10:07,25,3,2026,2,5,23255.6,23255.6,23255.6,23255.6,0.0,23255.6,0.0,0.0,23255.6,1.0,0.0,0.0,0.0,regular,0,0,0,0,0,0,1,ZERO_VOL,96.2
2026-03-25 10:07:50.268336,10:07,25,3,2026,2,5,23261.05,23261.05,23261.05,23261.05,0.0,23261.05,0.0,0.0,23261.05,1.0,0.0,0.0,0.0,regular,0,0,0,0,0,0,1,ZERO_VOL,88.1
2026-03-25 10:07:50.395284,10:07,25,3,2026,2,5,23261.05,23261.05,23261.05,23261.05,0.0,23261.05,0.0,0.0,23261.05,1.0,0.0,0.0,0.0,regular,0,0,0,0,0,0,1,ZERO_VOL,126.5
2026-03-25 10:07:50.551512,10:07,25,3,2026,2,5,23258.05,23258.05,23258.05,23258.05,0.0,23258.05,0.0,0.0,23258.05,1.0,0.0,0.0,0.0,regular,0,0,0,0,0,0,1,ZERO_VOL,155.7
2026-03-25 10:07:50.606142,10:07,25,3,2026,2,5,23261.05,23261.05,23261.05,23261.05,0.0,23261.05,0.0,0.0,23261.05,1.0,0.0,0.0,0.0,regular,0,0,0,0,0,0,1,ZERO_VOL,54.1
2026-03-25 10:07:52.115921,10:07,25,3,2026,2,5,23261.05,23261.05,23261.05,23261.05,0.0,23261.05,0.0,0.0,23261.05,1.0,0.0,0.0,0.0,regular,0,0,0,0,0,0,1,ZERO_VOL,59.8
2026-03-25 10:07:52.208996,10:07,25,3,2026,2,5,23260.95,23260.95,23260.95,23260.95,0.0,23260.95,0.0,0.0,23260.95,1.0,0.0,0.0,0.0,regular,0,0,0,0,0,0,1,ZERO_VOL,92.6
2026-03-25 10:07:52.264430,10:07,25,3,2026,2,5,23255.65,23255.65,23255.65,23255.65,0.0,23255.65,0.0,0.0,23255.65,1.0,0.0,0.0,0.0,regular,0,0,0,0,0,0,1,ZERO_VOL,55.0
2026-03-25 10:07:52.330119,10:07,25,3,2026,2,5,23260.95,23260.95,23260.95,23260.95,0.0,23260.95,0.0,0.0,23260.95,1.0,0.0,0.0,0.0,regular,0,0,0,0,0,0,1,ZERO_VOL,65.0
2026-03-25 10:07:52.485852,10:07,25,3,2026,2,5,23260.95,23260.95,23260.95,23260.95,0.0,23260.95,0.0,0.0,23260.95,1.0,0.0,0.0,0.0,regular,0,0,0,0,0,0,1,ZERO_VOL,155.3
2026-03-25 10:07:54.245323,10:07,25,3,2026,2,5,23261.15,23261.15,23261.15,23261.15,0.0,23261.15,0.0,0.0,23261.15,1.0,0.0,0.0,0.0,regular,0,0,0,0,0,0,1,ZERO_VOL,145.0
2026-03-25 10:07:54.327944,10:07,25,3,2026,2,5,23261.6,23261.6,23261.6,23261.6,0.0,23261.6,0.0,0.0,23261.6,1.0,0.0,0.0,0.0,regular,0,0,0,0,0,0,1,ZERO_VOL,82.0
2026-03-25 10:07:54.444520,10:07,25,3,2026,2,5,23261.15,23261.15,23261.15,23261.15,0.0,23261.15,0.0,0.0,23261.15,1.0,0.0,0.0,0.0,regular,0,0,0,0,0,0,1,ZERO_VOL,116.1
2026-03-25 10:07:54.563915,10:07,25,3,2026,2,5,23261.15,23261.15,23261.15,23261.15,0.0,23261.15,0.0,0.0,23261.15,1.0,0.0,0.0,0.0,regular,0,0,0,0,0,0,1,ZERO_VOL,118.9
2026-03-25 10:07:54.620700,10:07,25,3,2026,2,5,23261.05,23261.05,23261.05,23261.05,0.0,23261.05,0.0,0.0,23261.05,1.0,0.0,0.0,0.0,regular,0,0,0,0,0,0,1,ZERO_VOL,56.3
2026-03-25 10:07:56.257177,10:07,25,3,2026,2,5,23260.95,23260.95,23260.95,23260.95,0.0,23260.95,0.0,0.0,23260.95,1.0,0.0,0.0,0.0,regular,0,0,0,0,0,0,1,ZERO_VOL,175.5
2026-03-25 10:07:56.313130,10:07,25,3,2026,2,5,23260.95,23260.95,23260.95,23260.95,0.0,23260.95,0.0,0.0,23260.95,1.0,0.0,0.0,0.0,regular,0,0,0,0,0,0,1,ZERO_VOL,55.5
2026-03-25 10:07:56.409109,10:07,25,3,2026,2,5,23261.95,23261.95,23261.95,23261.95,0.0,23261.95,0.0,0.0,23261.95,1.0,0.0,0.0,0.0,regular,0,0,0,0,0,0,1,ZERO_VOL,95.4
2026-03-25 10:07:56.494427,10:07,25,3,2026,2,5,23260.95,23260.95,23260.95,23260.95,0.0,23260.95,0.0,0.0,23260.95,1.0,0.0,0.0,0.0,regular,0,0,0,0,0,0,1,ZERO_VOL,84.9
2026-03-25 10:07:56.557451,10:07,25,3,2026,2,5,23261.15,23261.15,23261.15,23261.15,0.0,23261.15,0.0,0.0,23261.15,1.0,0.0,0.0,0.0,regular,0,0,0,0,0,0,1,ZERO_VOL,62.6
2026-03-25 10:07:58.255441,10:07,25,3,2026,2,5,23262.3,23262.3,23262.3,23262.3,0.0,23262.3,0.0,0.0,23262.3,1.0,0.0,0.0,0.0,regular,0,0,0,0,0,0,1,ZERO_VOL,83.9
2026-03-25 10:07:58.377611,10:07,25,3,2026,2,5,23261.95,23261.95,23261.95,23261.95,0.0,23261.95,0.0,0.0,23261.95,1.0,0.0,0.0,0.0,regular,0,0,0,0,0,0,1,ZERO_VOL,121.7
2026-03-25 10:07:58.451277,10:07,25,3,2026,2,5,23256.75,23256.75,23256.75,23256.75,0.0,23256.75,0.0,0.0,23256.75,1.0,0.0,0.0,0.0,regular,0,0,0,0,0,0,1,ZERO_VOL,73.1
2026-03-25 10:07:58.555308,10:07,25,3,2026,2,5,23262.3,23262.3,23262.3,23262.3,0.0,23262.3,0.0,0.0,23262.3,1.0,0.0,0.0,0.0,regular,0,0,0,0,0,0,1,ZERO_VOL,103.6
2026-03-25 10:07:58.719003,10:07,25,3,2026,2,5,23262.3,23262.3,23262.3,23262.3,0.0,23262.3,0.0,0.0,23262.3,1.0,0.0,0.0,0.0,regular,0,0,0,0,0,0,1,ZERO_VOL,163.2
2026-03-25 10:08:00.360414,10:08,25,3,2026,2,5,23263.3,23263.3,23263.3,23263.3,0.0,23263.3,0.0,0.0,23263.3,1.0,0.0,0.0,0.0,regular,0,0,0,0,0,0,1,ZERO_VOL,149.9
2026-03-25 10:08:00.417161,10:08,25,3,2026,2,5,23261.05,23261.05,23261.05,23261.05,0.0,23261.05,0.0,0.0,23261.05,1.0,0.0,0.0,0.0,regular,0,0,0,0,0,0,1,ZERO_VOL,56.3
2026-03-25 10:08:00.585555,10:08,25,3,2026,2,5,23255.25,23266.45,23253.5,23263.75,0.0,23261.23,12.95,0.0366,23261.23,1.0006,65.64,2.7,1.75,regular,0,0,0,0,0,0,1,ZERO_VOL,167.9
2026-03-25 10:08:00.651430,10:08,25,3,2026,2,5,23260.95,23260.95,23260.95,23260.95,0.0,23260.95,0.0,0.0,23260.95,1.0,0.0,0.0,0.0,regular,0,0,0,0,0,0,1,ZERO_VOL,65.4
2026-03-25 10:08:00.705109,10:08,25,3,2026,2,5,23260.95,23260.95,23260.95,23260.95,0.0,23260.95,0.0,0.0,23260.95,1.0,0.0,0.0,0.0,regular,0,0,0,0,0,0,1,ZERO_VOL,53.2
2026-03-25 10:08:02.466860,10:08,25,3,2026,2,5,23262.3,23262.3,23262.3,23262.3,0.0,23262.3,0.0,0.0,23262.3,1.0,0.0,0.0,0.0,regular,0,0,0,0,0,0,1,ZERO_VOL,86.8
2026-03-25 10:08:02.550983,10:08,25,3,2026,2,5,23262.3,23262.3,23262.3,23262.3,0.0,23262.3,0.0,0.0,23262.3,1.0,0.0,0.0,0.0,regular,0,0,0,0,0,0,1,ZERO_VOL,83.6
2026-03-25 10:08:02.666513,10:08,25,3,2026,2,5,23261.45,23261.45,23261.45,23261.45,0.0,23261.45,0.0,0.0,23261.45,1.0,0.0,0.0,0.0,regular,0,0,0,0,0,0,1,ZERO_VOL,115.1
2026-03-25 10:08:02.723800,10:08,25,3,2026,2,5,23261.95,23261.95,23261.95,23261.95,0.0,23261.95,0.0,0.0,23261.95,1.0,0.0,0.0,0.0,regular,0,0,0,0,0,0,1,ZERO_VOL,56.7
2026-03-25 10:08:02.800090,10:08,25,3,2026,2,5,23263.3,23263.3,23263.3,23263.3,0.0,23263.3,0.0,0.0,23263.3,1.0,0.0,0.0,0.0,regular,0,0,0,0,0,0,1,ZERO_VOL,75.8
2026-03-25 10:08:04.494798,10:08,25,3,2026,2,5,23261.95,23261.95,23261.95,23261.95,0.0,23261.95,0.0,0.0,23261.95,1.0,0.0,0.0,0.0,regular,0,0,0,0,0,0,1,ZERO_VOL,77.4
2026-03-25 10:08:04.677511,10:08,25,3,2026,2,5,23261.15,23261.15,23261.15,23261.15,0.0,23261.15,0.0,0.0,23261.15,1.0,0.0,0.0,0.0,regular,0,0,0,0,0,0,1,ZERO_VOL,182.2
2026-03-25 10:08:04.744776,10:08,25,3,2026,2,5,23263.3,23263.3,23263.3,23263.3,0.0,23263.3,0.0,0.0,23263.3,1.0,0.0,0.0,0.0,regular,0,0,0,0,0,0,1,ZERO_VOL,66.8
2026-03-25 10:08:04.810326,10:08,25,3,2026,2,5,23262.3,23262.3,23262.3,23262.3,0.0,23262.3,0.0,0.0,23262.3,1.0,0.0,0.0,0.0,regular,0,0,0,0,0,0,1,ZERO_VOL,65.1
2026-03-25 10:08:04.906532,10:08,25,3,2026,2,5,23264.15,23264.15,23264.15,23264.15,0.0,23264.15,0.0,0.0,23264.15,1.0,0.0,0.0,0.0,regular,0,0,0,0,0,0,1,ZERO_VOL,95.7
2026-03-25 10:08:06.621699,10:08,25,3,2026,2,5,23264.3,23264.3,23264.3,23264.3,0.0,23264.3,0.0,0.0,23264.3,1.0,0.0,0.0,0.0,regular,0,0,0,0,0,0,1,ZERO_VOL,82.6
2026-03-25 10:08:06.682664,10:08,25,3,2026,2,5,23255.25,23266.45,23253.5,23263.75,0.0,23261.23,12.95,0.0366,23261.23,1.0006,65.64,2.7,1.75,regular,0,0,0,0,0,0,1,ZERO_VOL,60.5
2026-03-25 10:08:06.777022,10:08,25,3,2026,2,5,23264.3,23264.3,23264.3,23264.3,0.0,23264.3,0.0,0.0,23264.3,1.0,0.0,0.0,0.0,regular,0,0,0,0,0,0,1,ZERO_VOL,93.9
2026-03-25 10:08:06.833387,10:08,25,3,2026,2,5,23263.3,23263.3,23263.3,23263.3,0.0,23263.3,0.0,0.0,23263.3,1.0,0.0,0.0,0.0,regular,0,0,0,0,0,0,1,ZERO_VOL,55.9
2026-03-25 10:08:06.983189,10:08,25,3,2026,2,5,23262.65,23262.65,23262.65,23262.65,0.0,23262.65,0.0,0.0,23262.65,1.0,0.0,0.0,0.0,regular,0,0,0,0,0,0,1,ZERO_VOL,149.3
2026-03-25 10:08:08.649745,10:08,25,3,2026,2,5,23263.95,23263.95,23263.95,23263.95,0.0,23263.95,0.0,0.0,23263.95,1.0,0.0,0.0,0.0,regular,0,0,0,0,0,0,1,ZERO_VOL,88.4
2026-03-25 10:08:08.724327,10:08,25,3,2026,2,5,23262.65,23262.65,23262.65,23262.65,0.0,23262.65,0.0,0.0,23262.65,1.0,0.0,0.0,0.0,regular,0,0,0,0,0,0,1,ZERO_VOL,74.1
2026-03-25 10:08:08.880045,10:08,25,3,2026,2,5,23262.3,23262.3,23262.3,23262.3,0.0,23262.3,0.0,0.0,23262.3,1.0,0.0,0.0,0.0,regular,0,0,0,0,0,0,1,ZERO_VOL,155.2
2026-03-25 10:08:08.939104,10:08,25,3,2026,2,5,23262.3,23262.3,23262.3,23262.3,0.0,23262.3,0.0,0.0,23262.3,1.0,0.0,0.0,0.0,regular,0,0,0,0,0,0,1,ZERO_VOL,58.5
2026-03-25 10:08:08.999171,10:08,25,3,2026,2,5,23262.3,23262.3,23262.3,23262.3,0.0,23262.3,0.0,0.0,23262.3,1.0,0.0,0.0,0.0,regular,0,0,0,0,0,0,1,ZERO_VOL,59.5
2026-03-25 10:08:10.608091,10:08,25,3,2026,2,5,23261.15,23261.15,23261.15,23261.15,0.0,23261.15,0.0,0.0,23261.15,1.0,0.0,0.0,0.0,regular,0,0,0,0,0,0,1,ZERO_VOL,55.1
2026-03-25 10:08:10.704993,10:08,25,3,2026,2,5,23262.15,23262.15,23262.15,23262.15,0.0,23262.15,0.0,0.0,23262.15,1.0,0.0,0.0,0.0,regular,0,0,0,0,0,0,1,ZERO_VOL,96.3
2026-03-25 10:08:10.782921,10:08,25,3,2026,2,5,23264.15,23264.15,23264.15,23264.15,0.0,23264.15,0.0,0.0,23264.15,1.0,0.0,0.0,0.0,regular,0,0,0,0,0,0,1,ZERO_VOL,77.4
2026-03-25 10:08:10.913232,10:08,25,3,2026,2,5,23262.15,23262.15,23262.15,23262.15,0.0,23262.15,0.0,0.0,23262.15,1.0,0.0,0.0,0.0,regular,0,0,0,0,0,0,1,ZERO_VOL,129.8
2026-03-25 10:08:11.010317,10:08,25,3,2026,2,5,23262.15,23262.15,23262.15,23262.15,0.0,23262.15,0.0,0.0,23262.15,1.0,0.0,0.0,0.0,regular,0,0,0,0,0,0,1,ZERO_VOL,96.6
2026-03-25 10:08:12.582697,10:08,25,3,2026,2,5,23262.3,23262.3,23262.3,23262.3,0.0,23262.3,0.0,0.0,23262.3,1.0,0.0,0.0,0.0,regular,0,0,0,0,0,0,1,ZERO_VOL,84.7
2026-03-25 10:08:12.740790,10:08,25,3,2026,2,5,23258.05,23258.05,23258.05,23258.05,0.0,23258.05,0.0,0.0,23258.05,1.0,0.0,0.0,0.0,regular,0,0,0,0,0,0,1,ZERO_VOL,157.6
2026-03-25 10:08:12.858034,10:08,25,3,2026,2,5,23258.05,23258.05,23258.05,23258.05,0.0,23258.05,0.0,0.0,23258.05,1.0,0.0,0.0,0.0,regular,0,0,0,0,0,0,1,ZERO_VOL,116.7
2026-03-25 10:08:13.032744,10:08,25,3,2026,2,5,23260.25,23260.25,23260.25,23260.25,0.0,23260.25,0.0,0.0,23260.25,1.0,0.0,0.0,0.0,regular,0,0,0,0,0,0,1,ZERO_VOL,174.2
2026-03-25 10:08:13.091092,10:08,25,3,2026,2,5,23264.3,23264.3,23264.3,23264.3,0.0,23264.3,0.0,0.0,23264.3,1.0,0.0,0.0,0.0,regular,0,0,0,0,0,0,1,ZERO_VOL,57.8
2026-03-25 10:08:15.182365,10:08,25,3,2026,2,5,23262.15,23262.15,23262.15,23262.15,0.0,23262.15,0.0,0.0,23262.15,1.0,0.0,0.0,0.0,regular,0,0,0,0,0,0,1,ZERO_VOL,55.7
2026-03-25 10:08:15.278842,10:08,25,3,2026,2,5,23258.05,23258.05,23258.05,23258.05,0.0,23258.05,0.0,0.0,23258.05,1.0,0.0,0.0,0.0,regular,0,0,0,0,0,0,1,ZERO_VOL,96.0
2026-03-25 10:08:15.450047,10:08,25,3,2026,2,5,23260.65,23260.65,23260.65,23260.65,0.0,23260.65,0.0,0.0,23260.65,1.0,0.0,0.0,0.0,regular,0,0,0,0,0,0,1,ZERO_VOL,170.7
2026-03-25 10:08:15.586491,10:08,25,3,2026,2,5,23259.0,23259.0,23259.0,23259.0,0.0,23259.0,0.0,0.0,23259.0,1.0,0.0,0.0,0.0,regular,0,0,0,0,0,0,1,ZERO_VOL,135.9
2026-03-25 10:08:15.654010,10:08,25,3,2026,2,5,23264.3,23264.3,23264.3,23264.3,0.0,23264.3,0.0,0.0,23264.3,1.0,0.0,0.0,0.0,regular,0,0,0,0,0,0,1,ZERO_VOL,67.0
2026-03-25 10:08:17.302169,10:08,25,3,2026,2,5,23267.65,23267.65,23267.65,23267.65,0.0,23267.65,0.0,0.0,23267.65,1.0,0.0,0.0,0.0,regular,0,0,0,0,0,0,1,ZERO_VOL,167.9
2026-03-25 10:08:17.409535,10:08,25,3,2026,2,5,23268.85,23268.85,23268.85,23268.85,0.0,23268.85,0.0,0.0,23268.85,1.0,0.0,0.0,0.0,regular,0,0,0,0,0,0,1,ZERO_VOL,106.9
2026-03-25 10:08:17.500089,10:08,25,3,2026,2,5,23268.85,23268.85,23268.85,23268.85,0.0,23268.85,0.0,0.0,23268.85,1.0,0.0,0.0,0.0,regular,0,0,0,0,0,0,1,ZERO_VOL,90.0
2026-03-25 10:08:17.558487,10:08,25,3,2026,2,5,23258.05,23258.05,23258.05,23258.05,0.0,23258.05,0.0,0.0,23258.05,1.0,0.0,0.0,0.0,regular,0,0,0,0,0,0,1,ZERO_VOL,57.9
2026-03-25 10:08:17.620159,10:08,25,3,2026,2,5,23258.05,23258.05,23258.05,23258.05,0.0,23258.05,0.0,0.0,23258.05,1.0,0.0,0.0,0.0,regular,0,0,0,0,0,0,1,ZERO_VOL,60.9
2026-03-25 10:08:19.212592,10:08,25,3,2026,2,5,23272.85,23272.85,23272.85,23272.85,0.0,23272.85,0.0,0.0,23272.85,1.0,0.0,0.0,0.0,regular,0,0,0,0,0,0,1,ZERO_VOL,87.6
2026-03-25 10:08:19.336912,10:08,25,3,2026,2,5,23272.45,23272.45,23272.45,23272.45,0.0,23272.45,0.0,0.0,23272.45,1.0,0.0,0.0,0.0,regular,0,0,0,0,0,0,1,ZERO_VOL,123.8
2026-03-25 10:08:19.500116,10:08,25,3,2026,2,5,23272.85,23272.85,23272.85,23272.85,0.0,23272.85,0.0,0.0,23272.85,1.0,0.0,0.0,0.0,regular,0,0,0,0,0,0,1,ZERO_VOL,162.7
2026-03-25 10:08:19.616631,10:08,25,3,2026,2,5,23272.85,23272.85,23272.85,23272.85,0.0,23272.85,0.0,0.0,23272.85,1.0,0.0,0.0,0.0,regular,0,0,0,0,0,0,1,ZERO_VOL,116.0
2026-03-25 10:08:19.701773,10:08,25,3,2026,2,5,23272.85,23272.85,23272.85,23272.85,0.0,23272.85,0.0,0.0,23272.85,1.0,0.0,0.0,0.0,regular,0,0,0,0,0,0,1,ZERO_VOL,84.6
2026-03-25 10:08:21.379467,10:08,25,3,2026,2,5,23274.55,23274.55,23274.55,23274.55,0.0,23274.55,0.0,0.0,23274.55,1.0,0.0,0.0,0.0,regular,0,0,0,0,0,0,1,ZERO_VOL,86.3
2026-03-25 10:08:21.531784,10:08,25,3,2026,2,5,23274.55,23274.55,23274.55,23274.55,0.0,23274.55,0.0,0.0,23274.55,1.0,0.0,0.0,0.0,regular,0,0,0,0,0,0,1,ZERO_VOL,151.7
2026-03-25 10:08:21.679198,10:08,25,3,2026,2,5,23273.1,23273.1,23273.1,23273.1,0.0,23273.1,0.0,0.0,23273.1,1.0,0.0,0.0,0.0,regular,0,0,0,0,0,0,1,ZERO_VOL,146.9
2026-03-25 10:08:21.765319,10:08,25,3,2026,2,5,23274.55,23274.55,23274.55,23274.55,0.0,23274.55,0.0,0.0,23274.55,1.0,0.0,0.0,0.0,regular,0,0,0,0,0,0,1,ZERO_VOL,85.6
2026-03-25 10:08:21.856091,10:08,25,3,2026,2,5,23274.55,23274.55,23274.55,23274.55,0.0,23274.55,0.0,0.0,23274.55,1.0,0.0,0.0,0.0,regular,0,0,0,0,0,0,1,ZERO_VOL,89.0
2026-03-25 10:08:23.496343,10:08,25,3,2026,2,5,23271.15,23271.15,23271.15,23271.15,0.0,23271.15,0.0,0.0,23271.15,1.0,0.0,0.0,0.0,regular,0,0,0,0,0,0,1,ZERO_VOL,126.3
2026-03-25 10:08:23.546891,10:08,25,3,2026,2,5,23272.85,23272.85,23272.85,23272.85,0.0,23272.85,0.0,0.0,23272.85,1.0,0.0,0.0,0.0,regular,0,0,0,0,0,0,1,ZERO_VOL,49.9
2026-03-25 10:08:23.611839,10:08,25,3,2026,2,5,23272.85,23272.85,23272.85,23272.85,0.0,23272.85,0.0,0.0,23272.85,1.0,0.0,0.0,0.0,regular,0,0,0,0,0,0,1,ZERO_VOL,64.4
2026-03-25 10:08:23.697676,10:08,25,3,2026,2,5,23258.05,23258.05,23258.05,23258.05,0.0,23258.05,0.0,0.0,23258.05,1.0,0.0,0.0,0.0,regular,0,0,0,0,0,0,1,ZERO_VOL,85.3
2026-03-25 10:08:23.815714,10:08,25,3,2026,2,5,23269.6,23269.6,23269.6,23269.6,0.0,23269.6,0.0,0.0,23269.6,1.0,0.0,0.0,0.0,regular,0,0,0,0,0,0,1,ZERO_VOL,117.5
2026-03-25 10:08:26.010189,10:08,25,3,2026,2,5,23270.25,23270.25,23270.25,23270.25,0.0,23270.25,0.0,0.0,23270.25,1.0,0.0,0.0,0.0,regular,0,0,0,0,0,0,1,ZERO_VOL,121.7
2026-03-25 10:08:26.068638,10:08,25,3,2026,2,5,23274.55,23274.55,23274.55,23274.55,0.0,23274.55,0.0,0.0,23274.55,1.0,0.0,0.0,0.0,regular,0,0,0,0,0,0,1,ZERO_VOL,58.0
2026-03-25 10:08:26.124435,10:08,25,3,2026,2,5,23274.55,23274.55,23274.55,23274.55,0.0,23274.55,0.0,0.0,23274.55,1.0,0.0,0.0,0.0,regular,0,0,0,0,0,0,1,ZERO_VOL,55.3
2026-03-25 10:08:26.213825,10:08,25,3,2026,2,5,23270.0,23270.0,23270.0,23270.0,0.0,23270.0,0.0,0.0,23270.0,1.0,0.0,0.0,0.0,regular,0,0,0,0,0,0,1,ZERO_VOL,88.8
2026-03-25 10:08:26.299194,10:08,25,3,2026,2,5,23270.0,23270.0,23270.0,23270.0,0.0,23270.0,0.0,0.0,23270.0,1.0,0.0,0.0,0.0,regular,0,0,0,0,0,0,1,ZERO_VOL,84.9
2026-03-25 10:08:28.470149,10:08,25,3,2026,2,5,23273.1,23273.1,23273.1,23273.1,0.0,23273.1,0.0,0.0,23273.1,1.0,0.0,0.0,0.0,regular,0,0,0,0,0,0,1,ZERO_VOL,66.5
2026-03-25 10:08:28.520402,10:08,25,3,2026,2,5,23272.85,23272.85,23272.85,23272.85,0.0,23272.85,0.0,0.0,23272.85,1.0,0.0,0.0,0.0,regular,0,0,0,0,0,0,1,ZERO_VOL,49.3
2026-03-25 10:08:28.628505,10:08,25,3,2026,2,5,23276.45,23276.45,23276.45,23276.45,0.0,23276.45,0.0,0.0,23276.45,1.0,0.0,0.0,0.0,regular,0,0,0,0,0,0,1,ZERO_VOL,107.3
2026-03-25 10:08:28.689407,10:08,25,3,2026,2,5,23274.55,23274.55,23274.55,23274.55,0.0,23274.55,0.0,0.0,23274.55,1.0,0.0,0.0,0.0,regular,0,0,0,0,0,0,1,ZERO_VOL,60.4
2026-03-25 10:08:28.831673,10:08,25,3,2026,2,5,23277.9,23277.9,23277.9,23277.9,0.0,23277.9,0.0,0.0,23277.9,1.0,0.0,0.0,0.0,regular,0,0,0,0,0,0,1,ZERO_VOL,141.7
2026-03-25 10:08:30.537790,10:08,25,3,2026,2,5,23281.2,23281.2,23281.2,23281.2,0.0,23281.2,0.0,0.0,23281.2,1.0,0.0,0.0,0.0,regular,0,0,0,0,0,0,1,ZERO_VOL,103.7
2026-03-25 10:08:30.605197,10:08,25,3,2026,2,5,23281.2,23281.2,23281.2,23281.2,0.0,23281.2,0.0,0.0,23281.2,1.0,0.0,0.0,0.0,regular,0,0,0,0,0,0,1,ZERO_VOL,66.9
2026-03-25 10:08:30.747944,10:08,25,3,2026,2,5,23281.2,23281.2,23281.2,23281.2,0.0,23281.2,0.0,0.0,23281.2,1.0,0.0,0.0,0.0,regular,0,0,0,0,0,0,1,ZERO_VOL,142.2
2026-03-25 10:08:30.811455,10:08,25,3,2026,2,5,23273.1,23273.1,23273.1,23273.1,0.0,23273.1,0.0,0.0,23273.1,1.0,0.0,0.0,0.0,regular,0,0,0,0,0,0,1,ZERO_VOL,62.9
2026-03-25 10:08:30.895848,10:08,25,3,2026,2,5,23281.2,23281.2,23281.2,23281.2,0.0,23281.2,0.0,0.0,23281.2,1.0,0.0,0.0,0.0,regular,0,0,0,0,0,0,1,ZERO_VOL,83.7
2026-03-25 10:08:33.241718,10:08,25,3,2026,2,5,23270.25,23270.25,23270.25,23270.25,0.0,23270.25,0.0,0.0,23270.25,1.0,0.0,0.0,0.0,regular,0,0,0,0,0,0,1,ZERO_VOL,56.8
2026-03-25 10:08:33.323562,10:08,25,3,2026,2,5,23280.75,23280.75,23280.75,23280.75,0.0,23280.75,0.0,0.0,23280.75,1.0,0.0,0.0,0.0,regular,0,0,0,0,0,0,1,ZERO_VOL,81.2
2026-03-25 10:08:33.413732,10:08,25,3,2026,2,5,23280.75,23280.75,23280.75,23280.75,0.0,23280.75,0.0,0.0,23280.75,1.0,0.0,0.0,0.0,regular,0,0,0,0,0,0,1,ZERO_VOL,89.7
2026-03-25 10:08:33.523306,10:08,25,3,2026,2,5,23280.75,23280.75,23280.75,23280.75,0.0,23280.75,0.0,0.0,23280.75,1.0,0.0,0.0,0.0,regular,0,0,0,0,0,0,1,ZERO_VOL,109.0
2026-03-25 10:08:33.632240,10:08,25,3,2026,2,5,23280.75,23280.75,23280.75,23280.75,0.0,23280.75,0.0,0.0,23280.75,1.0,0.0,0.0,0.0,regular,0,0,0,0,0,0,1,ZERO_VOL,108.4
2026-03-25 10:08:35.398186,10:08,25,3,2026,2,5,23277.05,23277.05,23277.05,23277.05,0.0,23277.05,0.0,0.0,23277.05,1.0,0.0,0.0,0.0,regular,0,0,0,0,0,0,1,ZERO_VOL,170.8
2026-03-25 10:08:35.568316,10:08,25,3,2026,2,5,23278.7,23278.7,23278.7,23278.7,0.0,23278.7,0.0,0.0,23278.7,1.0,0.0,0.0,0.0,regular,0,0,0,0,0,0,1,ZERO_VOL,169.6
2026-03-25 10:08:35.717804,10:08,25,3,2026,2,5,23280.4,23280.4,23280.4,23280.4,0.0,23280.4,0.0,0.0,23280.4,1.0,0.0,0.0,0.0,regular,0,0,0,0,0,0,1,ZERO_VOL,148.9
2026-03-25 10:08:35.813958,10:08,25,3,2026,2,5,23277.05,23277.05,23277.05,23277.05,0.0,23277.05,0.0,0.0,23277.05,1.0,0.0,0.0,0.0,regular,0,0,0,0,0,0,1,ZERO_VOL,95.7
2026-03-25 10:08:35.996766,10:08,25,3,2026,2,5,23280.4,23280.4,23280.4,23280.4,0.0,23280.4,0.0,0.0,23280.4,1.0,0.0,0.0,0.0,regular,0,0,0,0,0,0,1,ZERO_VOL,182.3
2026-03-25 10:08:37.510476,10:08,25,3,2026,2,5,23280.5,23280.5,23280.5,23280.5,0.0,23280.5,0.0,0.0,23280.5,1.0,0.0,0.0,0.0,regular,0,0,0,0,0,0,1,ZERO_VOL,97.1
2026-03-25 10:08:37.606524,10:08,25,3,2026,2,5,23280.5,23280.5,23280.5,23280.5,0.0,23280.5,0.0,0.0,23280.5,1.0,0.0,0.0,0.0,regular,0,0,0,0,0,0,1,ZERO_VOL,95.5
2026-03-25 10:08:37.681062,10:08,25,3,2026,2,5,23280.5,23280.5,23280.5,23280.5,0.0,23280.5,0.0,0.0,23280.5,1.0,0.0,0.0,0.0,regular,0,0,0,0,0,0,1,ZERO_VOL,74.1
2026-03-25 10:08:37.818498,10:08,25,3,2026,2,5,23281.55,23281.55,23281.55,23281.55,0.0,23281.55,0.0,0.0,23281.55,1.0,0.0,0.0,0.0,regular,0,0,0,0,0,0,1,ZERO_VOL,136.9
2026-03-25 10:08:37.877292,10:08,25,3,2026,2,5,23277.05,23277.05,23277.05,23277.05,0.0,23277.05,0.0,0.0,23277.05,1.0,0.0,0.0,0.0,regular,0,0,0,0,0,0,1,ZERO_VOL,58.3
2026-03-25 10:08:39.625048,10:08,25,3,2026,2,5,23281.05,23281.05,23281.05,23281.05,0.0,23281.05,0.0,0.0,23281.05,1.0,0.0,0.0,0.0,regular,0,0,0,0,0,0,1,ZERO_VOL,109.5
2026-03-25 10:08:39.682852,10:08,25,3,2026,2,5,23281.2,23281.2,23281.2,23281.2,0.0,23281.2,0.0,0.0,23281.2,1.0,0.0,0.0,0.0,regular,0,0,0,0,0,0,1,ZERO_VOL,57.3
2026-03-25 10:08:39.782597,10:08,25,3,2026,2,5,23281.05,23281.05,23281.05,23281.05,0.0,23281.05,0.0,0.0,23281.05,1.0,0.0,0.0,0.0,regular,0,0,0,0,0,0,1,ZERO_VOL,99.3
2026-03-25 10:08:40.030520,10:08,25,3,2026,2,5,23281.05,23281.05,23281.05,23281.05,0.0,23281.05,0.0,0.0,23281.05,1.0,0.0,0.0,0.0,regular,0,0,0,0,0,0,1,ZERO_VOL,247.4
2026-03-25 10:08:40.196447,10:08,25,3,2026,2,5,23281.05,23281.05,23281.05,23281.05,0.0,23281.05,0.0,0.0,23281.05,1.0,0.0,0.0,0.0,regular,0,0,0,0,0,0,1,ZERO_VOL,165.4
2026-03-25 10:08:41.842621,10:08,25,3,2026,2,5,23280.75,23280.75,23280.75,23280.75,0.0,23280.75,0.0,0.0,23280.75,1.0,0.0,0.0,0.0,regular,0,0,0,0,0,0,1,ZERO_VOL,58.1
2026-03-25 10:08:41.922846,10:08,25,3,2026,2,5,23280.75,23280.75,23280.75,23280.75,0.0,23280.75,0.0,0.0,23280.75,1.0,0.0,0.0,0.0,regular,0,0,0,0,0,0,1,ZERO_VOL,79.7
2026-03-25 10:08:42.021341,10:08,25,3,2026,2,5,23280.5,23280.5,23280.5,23280.5,0.0,23280.5,0.0,0.0,23280.5,1.0,0.0,0.0,0.0,regular,0,0,0,0,0,0,1,ZERO_VOL,98.0
2026-03-25 10:08:42.126669,10:08,25,3,2026,2,5,23280.55,23280.55,23280.55,23280.55,0.0,23280.55,0.0,0.0,23280.55,1.0,0.0,0.0,0.0,regular,0,0,0,0,0,0,1,ZERO_VOL,104.8
2026-03-25 10:08:42.193552,10:08,25,3,2026,2,5,23280.5,23280.5,23280.5,23280.5,0.0,23280.5,0.0,0.0,23280.5,1.0,0.0,0.0,0.0,regular,0,0,0,0,0,0,1,ZERO_VOL,66.4
2026-03-25 10:08:44.201754,10:08,25,3,2026,2,5,23275.35,23275.35,23275.35,23275.35,0.0,23275.35,0.0,0.0,23275.35,1.0,0.0,0.0,0.0,regular,0,0,0,0,0,0,1,ZERO_VOL,76.5
2026-03-25 10:08:44.350730,10:08,25,3,2026,2,5,23275.35,23275.35,23275.35,23275.35,0.0,23275.35,0.0,0.0,23275.35,1.0,0.0,0.0,0.0,regular,0,0,0,0,0,0,1,ZERO_VOL,148.4
2026-03-25 10:08:44.407659,10:08,25,3,2026,2,5,23280.5,23280.5,23280.5,23280.5,0.0,23280.5,0.0,0.0,23280.5,1.0,0.0,0.0,0.0,regular,0,0,0,0,0,0,1,ZERO_VOL,56.4
2026-03-25 10:08:44.514181,10:08,25,3,2026,2,5,23275.35,23275.35,23275.35,23275.35,0.0,23275.35,0.0,0.0,23275.35,1.0,0.0,0.0,0.0,regular,0,0,0,0,0,0,1,ZERO_VOL,106.0
2026-03-25 10:08:44.609660,10:08,25,3,2026,2,5,23275.35,23275.35,23275.35,23275.35,0.0,23275.35,0.0,0.0,23275.35,1.0,0.0,0.0,0.0,regular,0,0,0,0,0,0,1,ZERO_VOL,95.0
2026-03-25 10:08:46.326899,10:08,25,3,2026,2,5,23275.7,23275.7,23275.7,23275.7,0.0,23275.7,0.0,0.0,23275.7,1.0,0.0,0.0,0.0,regular,0,0,0,0,0,0,1,ZERO_VOL,146.8
2026-03-25 10:08:46.402667,10:08,25,3,2026,2,5,23277.3,23277.3,23277.3,23277.3,0.0,23277.3,0.0,0.0,23277.3,1.0,0.0,0.0,0.0,regular,0,0,0,0,0,0,1,ZERO_VOL,75.3
2026-03-25 10:08:46.456859,10:08,25,3,2026,2,5,23275.35,23275.35,23275.35,23275.35,0.0,23275.35,0.0,0.0,23275.35,1.0,0.0,0.0,0.0,regular,0,0,0,0,0,0,1,ZERO_VOL,53.7
2026-03-25 10:08:46.583458,10:08,25,3,2026,2,5,23277.3,23277.3,23277.3,23277.3,0.0,23277.3,0.0,0.0,23277.3,1.0,0.0,0.0,0.0,regular,0,0,0,0,0,0,1,ZERO_VOL,126.1
2026-03-25 10:08:46.638227,10:08,25,3,2026,2,5,23281.55,23281.55,23281.55,23281.55,0.0,23281.55,0.0,0.0,23281.55,1.0,0.0,0.0,0.0,regular,0,0,0,0,0,0,1,ZERO_VOL,54.3
2026-03-25 10:08:48.383490,10:08,25,3,2026,2,5,23277.55,23277.55,23277.55,23277.55,0.0,23277.55,0.0,0.0,23277.55,1.0,0.0,0.0,0.0,regular,0,0,0,0,0,0,1,ZERO_VOL,92.6
2026-03-25 10:08:48.473812,10:08,25,3,2026,2,5,23277.55,23277.55,23277.55,23277.55,0.0,23277.55,0.0,0.0,23277.55,1.0,0.0,0.0,0.0,regular,0,0,0,0,0,0,1,ZERO_VOL,89.8
2026-03-25 10:08:48.534158,10:08,25,3,2026,2,5,23275.35,23275.35,23275.35,23275.35,0.0,23275.35,0.0,0.0,23275.35,1.0,0.0,0.0,0.0,regular,0,0,0,0,0,0,1,ZERO_VOL,59.9
2026-03-25 10:08:48.619946,10:08,25,3,2026,2,5,23277.55,23277.55,23277.55,23277.55,0.0,23277.55,0.0,0.0,23277.55,1.0,0.0,0.0,0.0,regular,0,0,0,0,0,0,1,ZERO_VOL,85.0
2026-03-25 10:08:48.707392,10:08,25,3,2026,2,5,23277.55,23277.55,23277.55,23277.55,0.0,23277.55,0.0,0.0,23277.55,1.0,0.0,0.0,0.0,regular,0,0,0,0,0,0,1,ZERO_VOL,87.0
2026-03-25 10:08:50.477410,10:08,25,3,2026,2,5,23276.9,23276.9,23276.9,23276.9,0.0,23276.9,0.0,0.0,23276.9,1.0,0.0,0.0,0.0,regular,0,0,0,0,0,0,1,ZERO_VOL,116.5
2026-03-25 10:08:50.594501,10:08,25,3,2026,2,5,23276.9,23276.9,23276.9,23276.9,0.0,23276.9,0.0,0.0,23276.9,1.0,0.0,0.0,0.0,regular,0,0,0,0,0,0,1,ZERO_VOL,116.6
2026-03-25 10:08:50.742647,10:08,25,3,2026,2,5,23280.2,23280.2,23280.2,23280.2,0.0,23280.2,0.0,0.0,23280.2,1.0,0.0,0.0,0.0,regular,0,0,0,0,0,0,1,ZERO_VOL,147.6
2026-03-25 10:08:50.848444,10:08,25,3,2026,2,5,23280.2,23280.2,23280.2,23280.2,0.0,23280.2,0.0,0.0,23280.2,1.0,0.0,0.0,0.0,regular,0,0,0,0,0,0,1,ZERO_VOL,105.2
2026-03-25 10:08:50.905750,10:08,25,3,2026,2,5,23277.3,23277.3,23277.3,23277.3,0.0,23277.3,0.0,0.0,23277.3,1.0,0.0,0.0,0.0,regular,0,0,0,0,0,0,1,ZERO_VOL,56.8
2026-03-25 10:08:53.065016,10:08,25,3,2026,2,5,23276.3,23276.3,23276.3,23276.3,0.0,23276.3,0.0,0.0,23276.3,1.0,0.0,0.0,0.0,regular,0,0,0,0,0,0,1,ZERO_VOL,105.1
2026-03-25 10:08:53.153099,10:08,25,3,2026,2,5,23276.3,23276.3,23276.3,23276.3,0.0,23276.3,0.0,0.0,23276.3,1.0,0.0,0.0,0.0,regular,0,0,0,0,0,0,1,ZERO_VOL,87.6
2026-03-25 10:08:53.252410,10:08,25,3,2026,2,5,23277.05,23277.05,23277.05,23277.05,0.0,23277.05,0.0,0.0,23277.05,1.0,0.0,0.0,0.0,regular,0,0,0,0,0,0,1,ZERO_VOL,98.8
2026-03-25 10:08:53.426744,10:08,25,3,2026,2,5,23276.25,23276.25,23276.25,23276.25,0.0,23276.25,0.0,0.0,23276.25,1.0,0.0,0.0,0.0,regular,0,0,0,0,0,0,1,ZERO_VOL,173.8
2026-03-25 10:08:53.522738,10:08,25,3,2026,2,5,23277.05,23277.05,23277.05,23277.05,0.0,23277.05,0.0,0.0,23277.05,1.0,0.0,0.0,0.0,regular,0,0,0,0,0,0,1,ZERO_VOL,95.5
2026-03-25 10:08:55.119960,10:08,25,3,2026,2,5,23277.6,23277.6,23277.6,23277.6,0.0,23277.6,0.0,0.0,23277.6,1.0,0.0,0.0,0.0,regular,0,0,0,0,0,0,1,ZERO_VOL,97.2
2026-03-25 10:08:55.175221,10:08,25,3,2026,2,5,23276.25,23276.25,23276.25,23276.25,0.0,23276.25,0.0,0.0,23276.25,1.0,0.0,0.0,0.0,regular,0,0,0,0,0,0,1,ZERO_VOL,54.8
2026-03-25 10:08:55.237577,10:08,25,3,2026,2,5,23277.55,23277.55,23277.55,23277.55,0.0,23277.55,0.0,0.0,23277.55,1.0,0.0,0.0,0.0,regular,0,0,0,0,0,0,1,ZERO_VOL,61.9
2026-03-25 10:08:55.295771,10:08,25,3,2026,2,5,23280.2,23280.2,23280.2,23280.2,0.0,23280.2,0.0,0.0,23280.2,1.0,0.0,0.0,0.0,regular,0,0,0,0,0,0,1,ZERO_VOL,57.6
2026-03-25 10:08:55.377602,10:08,25,3,2026,2,5,23278.55,23278.55,23278.55,23278.55,0.0,23278.55,0.0,0.0,23278.55,1.0,0.0,0.0,0.0,regular,0,0,0,0,0,0,1,ZERO_VOL,81.4
2026-03-25 10:08:57.195287,10:08,25,3,2026,2,5,23280.55,23280.55,23280.55,23280.55,0.0,23280.55,0.0,0.0,23280.55,1.0,0.0,0.0,0.0,regular,0,0,0,0,0,0,1,ZERO_VOL,116.5
2026-03-25 10:08:57.346250,10:08,25,3,2026,2,5,23280.2,23280.2,23280.2,23280.2,0.0,23280.2,0.0,0.0,23280.2,1.0,0.0,0.0,0.0,regular,0,0,0,0,0,0,1,ZERO_VOL,150.4
2026-03-25 10:08:57.408956,10:08,25,3,2026,2,5,23276.9,23276.9,23276.9,23276.9,0.0,23276.9,0.0,0.0,23276.9,1.0,0.0,0.0,0.0,regular,0,0,0,0,0,0,1,ZERO_VOL,62.2
2026-03-25 10:08:57.463690,10:08,25,3,2026,2,5,23280.2,23280.2,23280.2,23280.2,0.0,23280.2,0.0,0.0,23280.2,1.0,0.0,0.0,0.0,regular,0,0,0,0,0,0,1,ZERO_VOL,54.2
2026-03-25 10:08:57.545241,10:08,25,3,2026,2,5,23281.05,23281.05,23281.05,23281.05,0.0,23281.05,0.0,0.0,23281.05,1.0,0.0,0.0,0.0,regular,0,0,0,0,0,0,1,ZERO_VOL,81.1
2026-03-25 10:08:59.166764,10:08,25,3,2026,2,5,23278.7,23278.7,23278.7,23278.7,0.0,23278.7,0.0,0.0,23278.7,1.0,0.0,0.0,0.0,regular,0,0,0,0,0,0,1,ZERO_VOL,110.7
2026-03-25 10:08:59.221655,10:08,25,3,2026,2,5,23276.3,23276.3,23276.3,23276.3,0.0,23276.3,0.0,0.0,23276.3,1.0,0.0,0.0,0.0,regular,0,0,0,0,0,0,1,ZERO_VOL,54.4
2026-03-25 10:08:59.283662,10:08,25,3,2026,2,5,23280.2,23280.2,23280.2,23280.2,0.0,23280.2,0.0,0.0,23280.2,1.0,0.0,0.0,0.0,regular,0,0,0,0,0,0,1,ZERO_VOL,61.5
2026-03-25 10:08:59.404809,10:08,25,3,2026,2,5,23278.7,23278.7,23278.7,23278.7,0.0,23278.7,0.0,0.0,23278.7,1.0,0.0,0.0,0.0,regular,0,0,0,0,0,0,1,ZERO_VOL,120.6
2026-03-25 10:08:59.522236,10:08,25,3,2026,2,5,23278.7,23278.7,23278.7,23278.7,0.0,23278.7,0.0,0.0,23278.7,1.0,0.0,0.0,0.0,regular,0,0,0,0,0,0,1,ZERO_VOL,117.0
2026-03-25 10:09:01.228114,10:09,25,3,2026,2,5,23262.55,23281.55,23258.05,23277.75,0.0,23272.45,23.5,0.0653,23272.45,1.001,64.68,3.8,4.5,regular,0,0,0,0,0,0,1,ZERO_VOL,95.3
2026-03-25 10:09:01.286716,10:09,25,3,2026,2,5,23280.2,23280.2,23280.2,23280.2,0.0,23280.2,0.0,0.0,23280.2,1.0,0.0,0.0,0.0,regular,0,0,0,0,0,0,1,ZERO_VOL,58.1
2026-03-25 10:09:01.356041,10:09,25,3,2026,2,5,23276.3,23276.3,23276.3,23276.3,0.0,23276.3,0.0,0.0,23276.3,1.0,0.0,0.0,0.0,regular,0,0,0,0,0,0,1,ZERO_VOL,68.8
2026-03-25 10:09:01.410775,10:09,25,3,2026,2,5,23276.3,23276.3,23276.3,23276.3,0.0,23276.3,0.0,0.0,23276.3,1.0,0.0,0.0,0.0,regular,0,0,0,0,0,0,1,ZERO_VOL,54.2
2026-03-25 10:09:01.555901,10:09,25,3,2026,2,5,23262.55,23281.55,23258.05,23277.75,0.0,23272.45,23.5,0.0653,23272.45,1.001,64.68,3.8,4.5,regular,0,0,0,0,0,0,1,ZERO_VOL,144.4
2026-03-25 10:09:03.740015,10:09,25,3,2026,2,5,23275.2,23275.2,23275.2,23275.2,0.0,23275.2,0.0,0.0,23275.2,1.0,0.0,0.0,0.0,regular,0,0,0,0,0,0,1,ZERO_VOL,164.5
2026-03-25 10:09:03.800819,10:09,25,3,2026,2,5,23278.7,23278.7,23278.7,23278.7,0.0,23278.7,0.0,0.0,23278.7,1.0,0.0,0.0,0.0,regular,0,0,0,0,0,0,1,ZERO_VOL,60.3
2026-03-25 10:09:03.856726,10:09,25,3,2026,2,5,23281.05,23281.05,23281.05,23281.05,0.0,23281.05,0.0,0.0,23281.05,1.0,0.0,0.0,0.0,regular,0,0,0,0,0,0,1,ZERO_VOL,55.4
2026-03-25 10:09:03.946628,10:09,25,3,2026,2,5,23275.2,23275.2,23275.2,23275.2,0.0,23275.2,0.0,0.0,23275.2,1.0,0.0,0.0,0.0,regular,0,0,0,0,0,0,1,ZERO_VOL,89.4
2026-03-25 10:09:04.033207,10:09,25,3,2026,2,5,23275.2,23275.2,23275.2,23275.2,0.0,23275.2,0.0,0.0,23275.2,1.0,0.0,0.0,0.0,regular,0,0,0,0,0,0,1,ZERO_VOL,86.1
2026-03-25 10:09:05.875060,10:09,25,3,2026,2,5,23279.15,23279.15,23279.15,23279.15,0.0,23279.15,0.0,0.0,23279.15,1.0,0.0,0.0,0.0,regular,0,0,0,0,0,0,1,ZERO_VOL,107.3
2026-03-25 10:09:05.930731,10:09,25,3,2026,2,5,23280.2,23280.2,23280.2,23280.2,0.0,23280.2,0.0,0.0,23280.2,1.0,0.0,0.0,0.0,regular,0,0,0,0,0,0,1,ZERO_VOL,55.1
2026-03-25 10:09:06.114329,10:09,25,3,2026,2,5,23277.6,23277.6,23277.6,23277.6,0.0,23277.6,0.0,0.0,23277.6,1.0,0.0,0.0,0.0,regular,0,0,0,0,0,0,1,ZERO_VOL,183.1
2026-03-25 10:09:06.190983,10:09,25,3,2026,2,5,23279.15,23279.15,23279.15,23279.15,0.0,23279.15,0.0,0.0,23279.15,1.0,0.0,0.0,0.0,regular,0,0,0,0,0,0,1,ZERO_VOL,76.1
2026-03-25 10:09:06.352223,10:09,25,3,2026,2,5,23277.55,23277.55,23277.55,23277.55,0.0,23277.55,0.0,0.0,23277.55,1.0,0.0,0.0,0.0,regular,0,0,0,0,0,0,1,ZERO_VOL,160.8
2026-03-25 10:09:07.879499,10:09,25,3,2026,2,5,23278.7,23278.7,23278.7,23278.7,0.0,23278.7,0.0,0.0,23278.7,1.0,0.0,0.0,0.0,regular,0,0,0,0,0,0,1,ZERO_VOL,65.1
2026-03-25 10:09:07.944228,10:09,25,3,2026,2,5,23262.55,23281.55,23258.05,23277.75,0.0,23272.45,23.5,0.0653,23272.45,1.001,64.68,3.8,4.5,regular,0,0,0,0,0,0,1,ZERO_VOL,64.2
2026-03-25 10:09:08.003492,10:09,25,3,2026,2,5,23279.15,23279.15,23279.15,23279.15,0.0,23279.15,0.0,0.0,23279.15,1.0,0.0,0.0,0.0,regular,0,0,0,0,0,0,1,ZERO_VOL,58.8
2026-03-25 10:09:08.090627,10:09,25,3,2026,2,5,23276.75,23276.75,23276.75,23276.75,0.0,23276.75,0.0,0.0,23276.75,1.0,0.0,0.0,0.0,regular,0,0,0,0,0,0,1,ZERO_VOL,86.6
2026-03-25 10:09:08.158378,10:09,25,3,2026,2,5,23262.55,23281.55,23258.05,23277.75,0.0,23272.45,23.5,0.0653,23272.45,1.001,64.68,3.8,4.5,regular,0,0,0,0,0,0,1,ZERO_VOL,67.2
2026-03-25 10:09:09.788608,10:09,25,3,2026,2,5,23277.15,23277.15,23277.15,23277.15,0.0,23277.15,0.0,0.0,23277.15,1.0,0.0,0.0,0.0,regular,0,0,0,0,0,0,1,ZERO_VOL,84.9
2026-03-25 10:09:09.877408,10:09,25,3,2026,2,5,23277.15,23277.15,23277.15,23277.15,0.0,23277.15,0.0,0.0,23277.15,1.0,0.0,0.0,0.0,regular,0,0,0,0,0,0,1,ZERO_VOL,88.3
2026-03-25 10:09:09.940585,10:09,25,3,2026,2,5,23277.6,23277.6,23277.6,23277.6,0.0,23277.6,0.0,0.0,23277.6,1.0,0.0,0.0,0.0,regular,0,0,0,0,0,0,1,ZERO_VOL,62.7
2026-03-25 10:09:10.078946,10:09,25,3,2026,2,5,23279.15,23279.15,23279.15,23279.15,0.0,23279.15,0.0,0.0,23279.15,1.0,0.0,0.0,0.0,regular,0,0,0,0,0,0,1,ZERO_VOL,137.8
2026-03-25 10:09:10.141466,10:09,25,3,2026,2,5,23262.55,23281.55,23258.05,23277.75,0.0,23272.45,23.5,0.0653,23272.45,1.001,64.68,3.8,4.5,regular,0,0,0,0,0,0,1,ZERO_VOL,62.0
2026-03-25 10:09:12.050501,10:09,25,3,2026,2,5,23277.35,23277.35,23277.35,23277.35,0.0,23277.35,0.0,0.0,23277.35,1.0,0.0,0.0,0.0,regular,0,0,0,0,0,0,1,ZERO_VOL,229.3
2026-03-25 10:09:12.134098,10:09,25,3,2026,2,5,23277.55,23277.55,23277.55,23277.55,0.0,23277.55,0.0,0.0,23277.55,1.0,0.0,0.0,0.0,regular,0,0,0,0,0,0,1,ZERO_VOL,83.1
2026-03-25 10:09:12.258543,10:09,25,3,2026,2,5,23277.35,23277.35,23277.35,23277.35,0.0,23277.35,0.0,0.0,23277.35,1.0,0.0,0.0,0.0,regular,0,0,0,0,0,0,1,ZERO_VOL,123.9
2026-03-25 10:09:12.434586,10:09,25,3,2026,2,5,23277.35,23277.35,23277.35,23277.35,0.0,23277.35,0.0,0.0,23277.35,1.0,0.0,0.0,0.0,regular,0,0,0,0,0,0,1,ZERO_VOL,175.5
2026-03-25 10:09:12.489020,10:09,25,3,2026,2,5,23277.6,23277.6,23277.6,23277.6,0.0,23277.6,0.0,0.0,23277.6,1.0,0.0,0.0,0.0,regular,0,0,0,0,0,0,1,ZERO_VOL,54.0
2026-03-25 10:09:14.121787,10:09,25,3,2026,2,5,23277.4,23277.4,23277.4,23277.4,0.0,23277.4,0.0,0.0,23277.4,1.0,0.0,0.0,0.0,regular,0,0,0,0,0,0,1,ZERO_VOL,145.5
2026-03-25 10:09:14.200254,10:09,25,3,2026,2,5,23277.35,23277.35,23277.35,23277.35,0.0,23277.35,0.0,0.0,23277.35,1.0,0.0,0.0,0.0,regular,0,0,0,0,0,0,1,ZERO_VOL,78.0
2026-03-25 10:09:14.279568,10:09,25,3,2026,2,5,23274.65,23274.65,23274.65,23274.65,0.0,23274.65,0.0,0.0,23274.65,1.0,0.0,0.0,0.0,regular,0,0,0,0,0,0,1,ZERO_VOL,78.8
2026-03-25 10:09:14.353815,10:09,25,3,2026,2,5,23277.4,23277.4,23277.4,23277.4,0.0,23277.4,0.0,0.0,23277.4,1.0,0.0,0.0,0.0,regular,0,0,0,0,0,0,1,ZERO_VOL,73.7
2026-03-25 10:09:14.447142,10:09,25,3,2026,2,5,23274.65,23274.65,23274.65,23274.65,0.0,23274.65,0.0,0.0,23274.65,1.0,0.0,0.0,0.0,regular,0,0,0,0,0,0,1,ZERO_VOL,92.8
2026-03-25 10:09:15.958335,10:09,25,3,2026,2,5,23277.35,23277.35,23277.35,23277.35,0.0,23277.35,0.0,0.0,23277.35,1.0,0.0,0.0,0.0,regular,0,0,0,0,0,0,1,ZERO_VOL,56.1
2026-03-25 10:09:16.041344,10:09,25,3,2026,2,5,23272.55,23272.55,23272.55,23272.55,0.0,23272.55,0.0,0.0,23272.55,1.0,0.0,0.0,0.0,regular,0,0,0,0,0,0,1,ZERO_VOL,82.5
2026-03-25 10:09:16.167443,10:09,25,3,2026,2,5,23273.35,23273.35,23273.35,23273.35,0.0,23273.35,0.0,0.0,23273.35,1.0,0.0,0.0,0.0,regular,0,0,0,0,0,0,1,ZERO_VOL,125.6
2026-03-25 10:09:16.339555,10:09,25,3,2026,2,5,23273.35,23273.35,23273.35,23273.35,0.0,23273.35,0.0,0.0,23273.35,1.0,0.0,0.0,0.0,regular,0,0,0,0,0,0,1,ZERO_VOL,171.6
2026-03-25 10:09:16.401846,10:09,25,3,2026,2,5,23277.55,23277.55,23277.55,23277.55,0.0,23277.55,0.0,0.0,23277.55,1.0,0.0,0.0,0.0,regular,0,0,0,0,0,0,1,ZERO_VOL,61.8
2026-03-25 10:09:18.248363,10:09,25,3,2026,2,5,23274.35,23274.35,23274.35,23274.35,0.0,23274.35,0.0,0.0,23274.35,1.0,0.0,0.0,0.0,regular,0,0,0,0,0,0,1,ZERO_VOL,168.6
2026-03-25 10:09:18.357604,10:09,25,3,2026,2,5,23274.65,23274.65,23274.65,23274.65,0.0,23274.65,0.0,0.0,23274.65,1.0,0.0,0.0,0.0,regular,0,0,0,0,0,0,1,ZERO_VOL,108.7
2026-03-25 10:09:18.458458,10:09,25,3,2026,2,5,23274.65,23274.65,23274.65,23274.65,0.0,23274.65,0.0,0.0,23274.65,1.0,0.0,0.0,0.0,regular,0,0,0,0,0,0,1,ZERO_VOL,100.3
2026-03-25 10:09:18.606991,10:09,25,3,2026,2,5,23274.35,23274.35,23274.35,23274.35,0.0,23274.35,0.0,0.0,23274.35,1.0,0.0,0.0,0.0,regular,0,0,0,0,0,0,1,ZERO_VOL,148.1
2026-03-25 10:09:18.755505,10:09,25,3,2026,2,5,23274.35,23274.35,23274.35,23274.35,0.0,23274.35,0.0,0.0,23274.35,1.0,0.0,0.0,0.0,regular,0,0,0,0,0,0,1,ZERO_VOL,148.0
2026-03-25 10:09:20.446077,10:09,25,3,2026,2,5,23272.55,23272.55,23272.55,23272.55,0.0,23272.55,0.0,0.0,23272.55,1.0,0.0,0.0,0.0,regular,0,0,0,0,0,0,1,ZERO_VOL,58.3
2026-03-25 10:09:20.506784,10:09,25,3,2026,2,5,23277.35,23277.35,23277.35,23277.35,0.0,23277.35,0.0,0.0,23277.35,1.0,0.0,0.0,0.0,regular,0,0,0,0,0,0,1,ZERO_VOL,60.2
2026-03-25 10:09:20.562110,10:09,25,3,2026,2,5,23277.35,23277.35,23277.35,23277.35,0.0,23277.35,0.0,0.0,23277.35,1.0,0.0,0.0,0.0,regular,0,0,0,0,0,0,1,ZERO_VOL,54.8
2026-03-25 10:09:20.678063,10:09,25,3,2026,2,5,23275.5,23275.5,23275.5,23275.5,0.0,23275.5,0.0,0.0,23275.5,1.0,0.0,0.0,0.0,regular,0,0,0,0,0,0,1,ZERO_VOL,115.4
2026-03-25 10:09:20.775733,10:09,25,3,2026,2,5,23276.9,23276.9,23276.9,23276.9,0.0,23276.9,0.0,0.0,23276.9,1.0,0.0,0.0,0.0,regular,0,0,0,0,0,0,1,ZERO_VOL,97.1
2026-03-25 10:09:22.522329,10:09,25,3,2026,2,5,23276.55,23276.55,23276.55,23276.55,0.0,23276.55,0.0,0.0,23276.55,1.0,0.0,0.0,0.0,regular,0,0,0,0,0,0,1,ZERO_VOL,106.4
2026-03-25 10:09:22.582429,10:09,25,3,2026,2,5,23274.35,23274.35,23274.35,23274.35,0.0,23274.35,0.0,0.0,23274.35,1.0,0.0,0.0,0.0,regular,0,0,0,0,0,0,1,ZERO_VOL,59.6
2026-03-25 10:09:22.673092,10:09,25,3,2026,2,5,23276.55,23276.55,23276.55,23276.55,0.0,23276.55,0.0,0.0,23276.55,1.0,0.0,0.0,0.0,regular,0,0,0,0,0,0,1,ZERO_VOL,90.2
2026-03-25 10:09:22.840412,10:09,25,3,2026,2,5,23276.55,23276.55,23276.55,23276.55,0.0,23276.55,0.0,0.0,23276.55,1.0,0.0,0.0,0.0,regular,0,0,0,0,0,0,1,ZERO_VOL,166.7
2026-03-25 10:09:22.995112,10:09,25,3,2026,2,5,23276.05,23276.05,23276.05,23276.05,0.0,23276.05,0.0,0.0,23276.05,1.0,0.0,0.0,0.0,regular,0,0,0,0,0,0,1,ZERO_VOL,154.2
2026-03-25 10:09:28.045149,10:09,25,3,2026,2,5,23283.9,23283.9,23283.9,23283.9,0.0,23283.9,0.0,0.0,23283.9,1.0,0.0,0.0,0.0,regular,0,0,0,0,0,0,1,ZERO_VOL,95.5
2026-03-25 10:09:28.384458,10:09,25,3,2026,2,5,23283.4,23283.4,23283.4,23283.4,0.0,23283.4,0.0,0.0,23283.4,1.0,0.0,0.0,0.0,regular,0,0,0,0,0,0,1,ZERO_VOL,338.8
2026-03-25 10:09:28.443398,10:09,25,3,2026,2,5,23275.5,23275.5,23275.5,23275.5,0.0,23275.5,0.0,0.0,23275.5,1.0,0.0,0.0,0.0,regular,0,0,0,0,0,0,1,ZERO_VOL,58.4
2026-03-25 10:09:28.555522,10:09,25,3,2026,2,5,23284.15,23284.15,23284.15,23284.15,0.0,23284.15,0.0,0.0,23284.15,1.0,0.0,0.0,0.0,regular,0,0,0,0,0,0,1,ZERO_VOL,111.7
2026-03-25 10:09:28.610412,10:09,25,3,2026,2,5,23276.05,23276.05,23276.05,23276.05,0.0,23276.05,0.0,0.0,23276.05,1.0,0.0,0.0,0.0,regular,0,0,0,0,0,0,1,ZERO_VOL,54.4
2026-03-25 10:09:30.228412,10:09,25,3,2026,2,5,23284.45,23284.45,23284.45,23284.45,0.0,23284.45,0.0,0.0,23284.45,1.0,0.0,0.0,0.0,regular,0,0,0,0,0,0,1,ZERO_VOL,93.7
2026-03-25 10:09:30.377448,10:09,25,3,2026,2,5,23283.5,23283.5,23283.5,23283.5,0.0,23283.5,0.0,0.0,23283.5,1.0,0.0,0.0,0.0,regular,0,0,0,0,0,0,1,ZERO_VOL,148.6
2026-03-25 10:09:30.528864,10:09,25,3,2026,2,5,23283.85,23283.85,23283.85,23283.85,0.0,23283.85,0.0,0.0,23283.85,1.0,0.0,0.0,0.0,regular,0,0,0,0,0,0,1,ZERO_VOL,150.9
2026-03-25 10:09:30.582643,10:09,25,3,2026,2,5,23283.9,23283.9,23283.9,23283.9,0.0,23283.9,0.0,0.0,23283.9,1.0,0.0,0.0,0.0,regular,0,0,0,0,0,0,1,ZERO_VOL,53.3
2026-03-25 10:09:30.692260,10:09,25,3,2026,2,5,23283.85,23283.85,23283.85,23283.85,0.0,23283.85,0.0,0.0,23283.85,1.0,0.0,0.0,0.0,regular,0,0,0,0,0,0,1,ZERO_VOL,109.1
2026-03-25 10:09:32.856501,10:09,25,3,2026,2,5,23284.7,23284.7,23284.7,23284.7,0.0,23284.7,0.0,0.0,23284.7,1.0,0.0,0.0,0.0,regular,0,0,0,0,0,0,1,ZERO_VOL,149.2
2026-03-25 10:09:32.983971,10:09,25,3,2026,2,5,23285.2,23285.2,23285.2,23285.2,0.0,23285.2,0.0,0.0,23285.2,1.0,0.0,0.0,0.0,regular,0,0,0,0,0,0,1,ZERO_VOL,127.0
2026-03-25 10:09:33.085443,10:09,25,3,2026,2,5,23285.2,23285.2,23285.2,23285.2,0.0,23285.2,0.0,0.0,23285.2,1.0,0.0,0.0,0.0,regular,0,0,0,0,0,0,1,ZERO_VOL,101.0
2026-03-25 10:09:33.197950,10:09,25,3,2026,2,5,23285.2,23285.2,23285.2,23285.2,0.0,23285.2,0.0,0.0,23285.2,1.0,0.0,0.0,0.0,regular,0,0,0,0,0,0,1,ZERO_VOL,112.0
2026-03-25 10:09:33.348075,10:09,25,3,2026,2,5,23284.7,23284.7,23284.7,23284.7,0.0,23284.7,0.0,0.0,23284.7,1.0,0.0,0.0,0.0,regular,0,0,0,0,0,0,1,ZERO_VOL,149.6
2026-03-25 10:09:35.043136,10:09,25,3,2026,2,5,23283.85,23283.85,23283.85,23283.85,0.0,23283.85,0.0,0.0,23283.85,1.0,0.0,0.0,0.0,regular,0,0,0,0,0,0,1,ZERO_VOL,65.2
2026-03-25 10:09:35.159445,10:09,25,3,2026,2,5,23285.0,23285.0,23285.0,23285.0,0.0,23285.0,0.0,0.0,23285.0,1.0,0.0,0.0,0.0,regular,0,0,0,0,0,0,1,ZERO_VOL,115.8
2026-03-25 10:09:35.221219,10:09,25,3,2026,2,5,23283.4,23283.4,23283.4,23283.4,0.0,23283.4,0.0,0.0,23283.4,1.0,0.0,0.0,0.0,regular,0,0,0,0,0,0,1,ZERO_VOL,61.3
2026-03-25 10:09:35.314840,10:09,25,3,2026,2,5,23284.7,23284.7,23284.7,23284.7,0.0,23284.7,0.0,0.0,23284.7,1.0,0.0,0.0,0.0,regular,0,0,0,0,0,0,1,ZERO_VOL,93.1
2026-03-25 10:09:35.368360,10:09,25,3,2026,2,5,23285.2,23285.2,23285.2,23285.2,0.0,23285.2,0.0,0.0,23285.2,1.0,0.0,0.0,0.0,regular,0,0,0,0,0,0,1,ZERO_VOL,53.1
2026-03-25 10:09:36.893715,10:09,25,3,2026,2,5,23287.25,23287.25,23287.25,23287.25,0.0,23287.25,0.0,0.0,23287.25,1.0,0.0,0.0,0.0,regular,0,0,0,0,0,0,1,ZERO_VOL,138.5
2026-03-25 10:09:37.037711,10:09,25,3,2026,2,5,23287.15,23287.15,23287.15,23287.15,0.0,23287.15,0.0,0.0,23287.15,1.0,0.0,0.0,0.0,regular,0,0,0,0,0,0,1,ZERO_VOL,143.5
2026-03-25 10:09:37.163685,10:09,25,3,2026,2,5,23287.15,23287.15,23287.15,23287.15,0.0,23287.15,0.0,0.0,23287.15,1.0,0.0,0.0,0.0,regular,0,0,0,0,0,0,1,ZERO_VOL,125.4
2026-03-25 10:09:37.261463,10:09,25,3,2026,2,5,23286.3,23286.3,23286.3,23286.3,0.0,23286.3,0.0,0.0,23286.3,1.0,0.0,0.0,0.0,regular,0,0,0,0,0,0,1,ZERO_VOL,97.3
2026-03-25 10:09:37.353972,10:09,25,3,2026,2,5,23286.3,23286.3,23286.3,23286.3,0.0,23286.3,0.0,0.0,23286.3,1.0,0.0,0.0,0.0,regular,0,0,0,0,0,0,1,ZERO_VOL,92.0
2026-03-25 10:09:39.027846,10:09,25,3,2026,2,5,23287.5,23287.5,23287.5,23287.5,0.0,23287.5,0.0,0.0,23287.5,1.0,0.0,0.0,0.0,regular,0,0,0,0,0,0,1,ZERO_VOL,85.0
2026-03-25 10:09:39.117440,10:09,25,3,2026,2,5,23287.5,23287.5,23287.5,23287.5,0.0,23287.5,0.0,0.0,23287.5,1.0,0.0,0.0,0.0,regular,0,0,0,0,0,0,1,ZERO_VOL,89.1
2026-03-25 10:09:39.289900,10:09,25,3,2026,2,5,23286.6,23286.6,23286.6,23286.6,0.0,23286.6,0.0,0.0,23286.6,1.0,0.0,0.0,0.0,regular,0,0,0,0,0,0,1,ZERO_VOL,172.0
2026-03-25 10:09:39.394420,10:09,25,3,2026,2,5,23287.8,23287.8,23287.8,23287.8,0.0,23287.8,0.0,0.0,23287.8,1.0,0.0,0.0,0.0,regular,0,0,0,0,0,0,1,ZERO_VOL,104.0
2026-03-25 10:09:39.545932,10:09,25,3,2026,2,5,23286.6,23286.6,23286.6,23286.6,0.0,23286.6,0.0,0.0,23286.6,1.0,0.0,0.0,0.0,regular,0,0,0,0,0,0,1,ZERO_VOL,151.0
2026-03-25 10:09:41.224032,10:09,25,3,2026,2,5,23284.7,23284.7,23284.7,23284.7,0.0,23284.7,0.0,0.0,23284.7,1.0,0.0,0.0,0.0,regular,0,0,0,0,0,0,1,ZERO_VOL,57.8
2026-03-25 10:09:41.314596,10:09,25,3,2026,2,5,23288.65,23288.65,23288.65,23288.65,0.0,23288.65,0.0,0.0,23288.65,1.0,0.0,0.0,0.0,regular,0,0,0,0,0,0,1,ZERO_VOL,90.1
2026-03-25 10:09:41.505587,10:09,25,3,2026,2,5,23286.95,23286.95,23286.95,23286.95,0.0,23286.95,0.0,0.0,23286.95,1.0,0.0,0.0,0.0,regular,0,0,0,0,0,0,1,ZERO_VOL,190.4
2026-03-25 10:09:41.579245,10:09,25,3,2026,2,5,23287.15,23287.15,23287.15,23287.15,0.0,23287.15,0.0,0.0,23287.15,1.0,0.0,0.0,0.0,regular,0,0,0,0,0,0,1,ZERO_VOL,73.1
2026-03-25 10:09:41.789039,10:09,25,3,2026,2,5,23287.55,23287.55,23287.55,23287.55,0.0,23287.55,0.0,0.0,23287.55,1.0,0.0,0.0,0.0,regular,0,0,0,0,0,0,1,ZERO_VOL,209.3
2026-03-25 10:09:43.547355,10:09,25,3,2026,2,5,23285.8,23285.8,23285.8,23285.8,0.0,23285.8,0.0,0.0,23285.8,1.0,0.0,0.0,0.0,regular,0,0,0,0,0,0,1,ZERO_VOL,108.9
2026-03-25 10:09:43.709187,10:09,25,3,2026,2,5,23288.4,23288.4,23288.4,23288.4,0.0,23288.4,0.0,0.0,23288.4,1.0,0.0,0.0,0.0,regular,0,0,0,0,0,0,1,ZERO_VOL,161.3
2026-03-25 10:09:43.774367,10:09,25,3,2026,2,5,23287.5,23287.5,23287.5,23287.5,0.0,23287.5,0.0,0.0,23287.5,1.0,0.0,0.0,0.0,regular,0,0,0,0,0,0,1,ZERO_VOL,64.6
2026-03-25 10:09:43.903428,10:09,25,3,2026,2,5,23285.8,23285.8,23285.8,23285.8,0.0,23285.8,0.0,0.0,23285.8,1.0,0.0,0.0,0.0,regular,0,0,0,0,0,0,1,ZERO_VOL,128.6
2026-03-25 10:09:43.995402,10:09,25,3,2026,2,5,23285.8,23285.8,23285.8,23285.8,0.0,23285.8,0.0,0.0,23285.8,1.0,0.0,0.0,0.0,regular,0,0,0,0,0,0,1,ZERO_VOL,91.5
2026-03-25 10:09:45.491171,10:09,25,3,2026,2,5,23285.8,23285.8,23285.8,23285.8,0.0,23285.8,0.0,0.0,23285.8,1.0,0.0,0.0,0.0,regular,0,0,0,0,0,0,1,ZERO_VOL,57.1
2026-03-25 10:09:45.547958,10:09,25,3,2026,2,5,23287.15,23287.15,23287.15,23287.15,0.0,23287.15,0.0,0.0,23287.15,1.0,0.0,0.0,0.0,regular,0,0,0,0,0,0,1,ZERO_VOL,56.3
2026-03-25 10:09:45.701823,10:09,25,3,2026,2,5,23286.85,23286.85,23286.85,23286.85,0.0,23286.85,0.0,0.0,23286.85,1.0,0.0,0.0,0.0,regular,0,0,0,0,0,0,1,ZERO_VOL,153.4
2026-03-25 10:09:45.797341,10:09,25,3,2026,2,5,23286.85,23286.85,23286.85,23286.85,0.0,23286.85,0.0,0.0,23286.85,1.0,0.0,0.0,0.0,regular,0,0,0,0,0,0,1,ZERO_VOL,94.9
2026-03-25 10:09:45.850931,10:09,25,3,2026,2,5,23286.95,23286.95,23286.95,23286.95,0.0,23286.95,0.0,0.0,23286.95,1.0,0.0,0.0,0.0,regular,0,0,0,0,0,0,1,ZERO_VOL,53.1
2026-03-25 10:09:47.592457,10:09,25,3,2026,2,5,23287.55,23287.55,23287.55,23287.55,0.0,23287.55,0.0,0.0,23287.55,1.0,0.0,0.0,0.0,regular,0,0,0,0,0,0,1,ZERO_VOL,89.0
2026-03-25 10:09:47.679669,10:09,25,3,2026,2,5,23287.55,23287.55,23287.55,23287.55,0.0,23287.55,0.0,0.0,23287.55,1.0,0.0,0.0,0.0,regular,0,0,0,0,0,0,1,ZERO_VOL,86.7
2026-03-25 10:09:47.799248,10:09,25,3,2026,2,5,23286.2,23286.2,23286.2,23286.2,0.0,23286.2,0.0,0.0,23286.2,1.0,0.0,0.0,0.0,regular,0,0,0,0,0,0,1,ZERO_VOL,119.1
2026-03-25 10:09:47.863945,10:09,25,3,2026,2,5,23285.8,23285.8,23285.8,23285.8,0.0,23285.8,0.0,0.0,23285.8,1.0,0.0,0.0,0.0,regular,0,0,0,0,0,0,1,ZERO_VOL,64.1
2026-03-25 10:09:47.950098,10:09,25,3,2026,2,5,23287.55,23287.55,23287.55,23287.55,0.0,23287.55,0.0,0.0,23287.55,1.0,0.0,0.0,0.0,regular,0,0,0,0,0,0,1,ZERO_VOL,85.6
2026-03-25 10:09:49.599956,10:09,25,3,2026,2,5,23285.8,23285.8,23285.8,23285.8,0.0,23285.8,0.0,0.0,23285.8,1.0,0.0,0.0,0.0,regular,0,0,0,0,0,0,1,ZERO_VOL,58.1
2026-03-25 10:09:49.656279,10:09,25,3,2026,2,5,23287.55,23287.55,23287.55,23287.55,0.0,23287.55,0.0,0.0,23287.55,1.0,0.0,0.0,0.0,regular,0,0,0,0,0,0,1,ZERO_VOL,55.8
2026-03-25 10:09:49.794378,10:09,25,3,2026,2,5,23288.4,23288.4,23288.4,23288.4,0.0,23288.4,0.0,0.0,23288.4,1.0,0.0,0.0,0.0,regular,0,0,0,0,0,0,1,ZERO_VOL,137.6
2026-03-25 10:09:49.856365,10:09,25,3,2026,2,5,23286.85,23286.85,23286.85,23286.85,0.0,23286.85,0.0,0.0,23286.85,1.0,0.0,0.0,0.0,regular,0,0,0,0,0,0,1,ZERO_VOL,61.5
2026-03-25 10:09:49.918867,10:09,25,3,2026,2,5,23286.6,23286.6,23286.6,23286.6,0.0,23286.6,0.0,0.0,23286.6,1.0,0.0,0.0,0.0,regular,0,0,0,0,0,0,1,ZERO_VOL,62.0
2026-03-25 10:09:51.622288,10:09,25,3,2026,2,5,23291.95,23291.95,23291.95,23291.95,0.0,23291.95,0.0,0.0,23291.95,1.0,0.0,0.0,0.0,regular,0,0,0,0,0,0,1,ZERO_VOL,97.4
2026-03-25 10:09:51.716857,10:09,25,3,2026,2,5,23291.95,23291.95,23291.95,23291.95,0.0,23291.95,0.0,0.0,23291.95,1.0,0.0,0.0,0.0,regular,0,0,0,0,0,0,1,ZERO_VOL,94.0
2026-03-25 10:09:51.828400,10:09,25,3,2026,2,5,23291.95,23291.95,23291.95,23291.95,0.0,23291.95,0.0,0.0,23291.95,1.0,0.0,0.0,0.0,regular,0,0,0,0,0,0,1,ZERO_VOL,111.0
2026-03-25 10:09:51.903962,10:09,25,3,2026,2,5,23291.95,23291.95,23291.95,23291.95,0.0,23291.95,0.0,0.0,23291.95,1.0,0.0,0.0,0.0,regular,0,0,0,0,0,0,1,ZERO_VOL,75.0
2026-03-25 10:09:52.061280,10:09,25,3,2026,2,5,23291.4,23291.4,23291.4,23291.4,0.0,23291.4,0.0,0.0,23291.4,1.0,0.0,0.0,0.0,regular,0,0,0,0,0,0,1,ZERO_VOL,156.8
2026-03-25 10:09:54.185731,10:09,25,3,2026,2,5,23291.7,23291.7,23291.7,23291.7,0.0,23291.7,0.0,0.0,23291.7,1.0,0.0,0.0,0.0,regular,0,0,0,0,0,0,1,ZERO_VOL,148.9
2026-03-25 10:09:54.241830,10:09,25,3,2026,2,5,23291.4,23291.4,23291.4,23291.4,0.0,23291.4,0.0,0.0,23291.4,1.0,0.0,0.0,0.0,regular,0,0,0,0,0,0,1,ZERO_VOL,55.6
2026-03-25 10:09:54.296999,10:09,25,3,2026,2,5,23287.55,23287.55,23287.55,23287.55,0.0,23287.55,0.0,0.0,23287.55,1.0,0.0,0.0,0.0,regular,0,0,0,0,0,0,1,ZERO_VOL,54.7
2026-03-25 10:09:54.378787,10:09,25,3,2026,2,5,23291.1,23291.1,23291.1,23291.1,0.0,23291.1,0.0,0.0,23291.1,1.0,0.0,0.0,0.0,regular,0,0,0,0,0,0,1,ZERO_VOL,81.3
2026-03-25 10:09:54.555041,10:09,25,3,2026,2,5,23291.1,23291.1,23291.1,23291.1,0.0,23291.1,0.0,0.0,23291.1,1.0,0.0,0.0,0.0,regular,0,0,0,0,0,0,1,ZERO_VOL,175.8
2026-03-25 10:09:56.389111,10:09,25,3,2026,2,5,23289.05,23289.05,23289.05,23289.05,0.0,23289.05,0.0,0.0,23289.05,1.0,0.0,0.0,0.0,regular,0,0,0,0,0,0,1,ZERO_VOL,98.0
2026-03-25 10:09:56.529521,10:09,25,3,2026,2,5,23288.2,23288.2,23288.2,23288.2,0.0,23288.2,0.0,0.0,23288.2,1.0,0.0,0.0,0.0,regular,0,0,0,0,0,0,1,ZERO_VOL,140.0
2026-03-25 10:09:56.591947,10:09,25,3,2026,2,5,23291.95,23291.95,23291.95,23291.95,0.0,23291.95,0.0,0.0,23291.95,1.0,0.0,0.0,0.0,regular,0,0,0,0,0,0,1,ZERO_VOL,61.9
2026-03-25 10:09:56.747067,10:09,25,3,2026,2,5,23287.65,23287.65,23287.65,23287.65,0.0,23287.65,0.0,0.0,23287.65,1.0,0.0,0.0,0.0,regular,0,0,0,0,0,0,1,ZERO_VOL,154.6
2026-03-25 10:09:56.835356,10:09,25,3,2026,2,5,23289.05,23289.05,23289.05,23289.05,0.0,23289.05,0.0,0.0,23289.05,1.0,0.0,0.0,0.0,regular,0,0,0,0,0,0,1,ZERO_VOL,87.8
2026-03-25 10:09:58.755555,10:09,25,3,2026,2,5,23289.05,23289.05,23289.05,23289.05,0.0,23289.05,0.0,0.0,23289.05,1.0,0.0,0.0,0.0,regular,0,0,0,0,0,0,1,ZERO_VOL,78.0
2026-03-25 10:09:58.809971,10:09,25,3,2026,2,5,23291.95,23291.95,23291.95,23291.95,0.0,23291.95,0.0,0.0,23291.95,1.0,0.0,0.0,0.0,regular,0,0,0,0,0,0,1,ZERO_VOL,53.9
2026-03-25 10:09:58.900730,10:09,25,3,2026,2,5,23289.55,23289.55,23289.55,23289.55,0.0,23289.55,0.0,0.0,23289.55,1.0,0.0,0.0,0.0,regular,0,0,0,0,0,0,1,ZERO_VOL,90.2
2026-03-25 10:09:59.000274,10:09,25,3,2026,2,5,23289.55,23289.55,23289.55,23289.55,0.0,23289.55,0.0,0.0,23289.55,1.0,0.0,0.0,0.0,regular,0,0,0,0,0,0,1,ZERO_VOL,99.0
2026-03-25 10:09:59.106624,10:09,25,3,2026,2,5,23289.55,23289.55,23289.55,23289.55,0.0,23289.55,0.0,0.0,23289.55,1.0,0.0,0.0,0.0,regular,0,0,0,0,0,0,1,ZERO_VOL,105.9
2026-03-25 10:10:00.947940,10:10,25,3,2026,2,5,23278.4,23291.95,23272.55,23290.15,0.0,23284.88,19.4,0.0505,23284.88,1.0008,60.57,1.8,5.85,regular,0,0,0,0,0,0,1,ZERO_VOL,97.8
2026-03-25 10:10:01.049951,10:10,25,3,2026,2,5,23278.4,23291.95,23272.55,23290.15,0.0,23284.88,19.4,0.0505,23284.88,1.0008,60.57,1.8,5.85,regular,0,0,0,0,0,0,1,ZERO_VOL,101.4
2026-03-25 10:10:01.207099,10:10,25,3,2026,2,5,23278.4,23291.95,23272.55,23290.15,0.0,23284.88,19.4,0.0505,23284.88,1.0008,60.57,1.8,5.85,regular,0,0,0,0,0,0,1,ZERO_VOL,156.7
2026-03-25 10:10:01.264489,10:10,25,3,2026,2,5,23287.65,23287.65,23287.65,23287.65,0.0,23287.65,0.0,0.0,23287.65,1.0,0.0,0.0,0.0,regular,0,0,0,0,0,0,1,ZERO_VOL,56.9
2026-03-25 10:10:01.345434,10:10,25,3,2026,2,5,23278.4,23291.95,23272.55,23290.15,0.0,23284.88,19.4,0.0505,23284.88,1.0008,60.57,1.8,5.85,regular,0,0,0,0,0,0,1,ZERO_VOL,80.5
2026-03-25 10:10:03.411461,10:10,25,3,2026,2,5,23291.65,23291.65,23291.65,23291.65,0.0,23291.65,0.0,0.0,23291.65,1.0,0.0,0.0,0.0,regular,0,0,0,0,0,0,1,ZERO_VOL,182.2
2026-03-25 10:10:03.501090,10:10,25,3,2026,2,5,23278.4,23291.95,23272.55,23290.15,0.0,23284.88,19.4,0.0505,23284.88,1.0008,60.57,1.8,5.85,regular,0,0,0,0,0,0,1,ZERO_VOL,89.0
2026-03-25 10:10:03.589430,10:10,25,3,2026,2,5,23291.95,23291.95,23291.95,23291.95,0.0,23291.95,0.0,0.0,23291.95,1.0,0.0,0.0,0.0,regular,0,0,0,0,0,0,1,ZERO_VOL,87.8
2026-03-25 10:10:03.688476,10:10,25,3,2026,2,5,23291.95,23291.95,23291.95,23291.95,0.0,23291.95,0.0,0.0,23291.95,1.0,0.0,0.0,0.0,regular,0,0,0,0,0,0,1,ZERO_VOL,98.6
2026-03-25 10:10:03.842857,10:10,25,3,2026,2,5,23292.2,23292.2,23292.2,23292.2,0.0,23292.2,0.0,0.0,23292.2,1.0,0.0,0.0,0.0,regular,0,0,0,0,0,0,1,ZERO_VOL,153.9
2026-03-25 10:10:05.846780,10:10,25,3,2026,2,5,23278.4,23291.95,23272.55,23290.15,0.0,23284.88,19.4,0.0505,23284.88,1.0008,60.57,1.8,5.85,regular,0,0,0,0,0,0,1,ZERO_VOL,56.7
2026-03-25 10:10:05.945335,10:10,25,3,2026,2,5,23291.25,23291.25,23291.25,23291.25,0.0,23291.25,0.0,0.0,23291.25,1.0,0.0,0.0,0.0,regular,0,0,0,0,0,0,1,ZERO_VOL,98.1
2026-03-25 10:10:06.096303,10:10,25,3,2026,2,5,23288.25,23288.25,23288.25,23288.25,0.0,23288.25,0.0,0.0,23288.25,1.0,0.0,0.0,0.0,regular,0,0,0,0,0,0,1,ZERO_VOL,150.5
2026-03-25 10:10:06.196002,10:10,25,3,2026,2,5,23291.25,23291.25,23291.25,23291.25,0.0,23291.25,0.0,0.0,23291.25,1.0,0.0,0.0,0.0,regular,0,0,0,0,0,0,1,ZERO_VOL,99.2
2026-03-25 10:10:06.252007,10:10,25,3,2026,2,5,23278.4,23291.95,23272.55,23290.15,0.0,23284.88,19.4,0.0505,23284.88,1.0008,60.57,1.8,5.85,regular,0,0,0,0,0,0,1,ZERO_VOL,55.5
2026-03-25 10:10:07.910150,10:10,25,3,2026,2,5,23278.4,23291.95,23272.55,23290.15,0.0,23284.88,19.4,0.0505,23284.88,1.0008,60.57,1.8,5.85,regular,0,0,0,0,0,0,1,ZERO_VOL,58.8
2026-03-25 10:10:07.990936,10:10,25,3,2026,2,5,23291.6,23291.6,23291.6,23291.6,0.0,23291.6,0.0,0.0,23291.6,1.0,0.0,0.0,0.0,regular,0,0,0,0,0,0,1,ZERO_VOL,80.3
2026-03-25 10:10:08.044620,10:10,25,3,2026,2,5,23291.95,23291.95,23291.95,23291.95,0.0,23291.95,0.0,0.0,23291.95,1.0,0.0,0.0,0.0,regular,0,0,0,0,0,0,1,ZERO_VOL,53.2
2026-03-25 10:10:08.100537,10:10,25,3,2026,2,5,23278.4,23291.95,23272.55,23290.15,0.0,23284.88,19.4,0.0505,23284.88,1.0008,60.57,1.8,5.85,regular,0,0,0,0,0,0,1,ZERO_VOL,55.4
2026-03-25 10:10:08.196416,10:10,25,3,2026,2,5,23291.6,23291.6,23291.6,23291.6,0.0,23291.6,0.0,0.0,23291.6,1.0,0.0,0.0,0.0,regular,0,0,0,0,0,0,1,ZERO_VOL,95.2
2026-03-25 10:10:10.085850,10:10,25,3,2026,2,5,23288.25,23288.25,23288.25,23288.25,0.0,23288.25,0.0,0.0,23288.25,1.0,0.0,0.0,0.0,regular,0,0,0,0,0,0,1,ZERO_VOL,55.5
2026-03-25 10:10:10.235842,10:10,25,3,2026,2,5,23290.7,23290.7,23290.7,23290.7,0.0,23290.7,0.0,0.0,23290.7,1.0,0.0,0.0,0.0,regular,0,0,0,0,0,0,1,ZERO_VOL,149.5
2026-03-25 10:10:10.331787,10:10,25,3,2026,2,5,23291.6,23291.6,23291.6,23291.6,0.0,23291.6,0.0,0.0,23291.6,1.0,0.0,0.0,0.0,regular,0,0,0,0,0,0,1,ZERO_VOL,95.4
2026-03-25 10:10:10.539672,10:10,25,3,2026,2,5,23290.7,23290.7,23290.7,23290.7,0.0,23290.7,0.0,0.0,23290.7,1.0,0.0,0.0,0.0,regular,0,0,0,0,0,0,1,ZERO_VOL,207.4
2026-03-25 10:10:10.655120,10:10,25,3,2026,2,5,23290.7,23290.7,23290.7,23290.7,0.0,23290.7,0.0,0.0,23290.7,1.0,0.0,0.0,0.0,regular,0,0,0,0,0,0,1,ZERO_VOL,114.9
2026-03-25 10:10:12.625578,10:10,25,3,2026,2,5,23292.35,23292.35,23292.35,23292.35,0.0,23292.35,0.0,0.0,23292.35,1.0,0.0,0.0,0.0,regular,0,0,0,0,0,0,1,ZERO_VOL,179.6
2026-03-25 10:10:12.808112,10:10,25,3,2026,2,5,23292.85,23292.85,23292.85,23292.85,0.0,23292.85,0.0,0.0,23292.85,1.0,0.0,0.0,0.0,regular,0,0,0,0,0,0,1,ZERO_VOL,182.0
2026-03-25 10:10:12.900032,10:10,25,3,2026,2,5,23291.0,23291.0,23291.0,23291.0,0.0,23291.0,0.0,0.0,23291.0,1.0,0.0,0.0,0.0,regular,0,0,0,0,0,0,1,ZERO_VOL,91.4
2026-03-25 10:10:12.960291,10:10,25,3,2026,2,5,23290.7,23290.7,23290.7,23290.7,0.0,23290.7,0.0,0.0,23290.7,1.0,0.0,0.0,0.0,regular,0,0,0,0,0,0,1,ZERO_VOL,59.8
2026-03-25 10:10:13.080966,10:10,25,3,2026,2,5,23292.85,23292.85,23292.85,23292.85,0.0,23292.85,0.0,0.0,23292.85,1.0,0.0,0.0,0.0,regular,0,0,0,0,0,0,1,ZERO_VOL,120.2
2026-03-25 10:10:14.946700,10:10,25,3,2026,2,5,23291.0,23291.0,23291.0,23291.0,0.0,23291.0,0.0,0.0,23291.0,1.0,0.0,0.0,0.0,regular,0,0,0,0,0,0,1,ZERO_VOL,57.7
2026-03-25 10:10:15.003730,10:10,25,3,2026,2,5,23292.35,23292.35,23292.35,23292.35,0.0,23292.35,0.0,0.0,23292.35,1.0,0.0,0.0,0.0,regular,0,0,0,0,0,0,1,ZERO_VOL,56.5
2026-03-25 10:10:15.087641,10:10,25,3,2026,2,5,23292.6,23292.6,23292.6,23292.6,0.0,23292.6,0.0,0.0,23292.6,1.0,0.0,0.0,0.0,regular,0,0,0,0,0,0,1,ZERO_VOL,83.4
2026-03-25 10:10:15.195748,10:10,25,3,2026,2,5,23292.6,23292.6,23292.6,23292.6,0.0,23292.6,0.0,0.0,23292.6,1.0,0.0,0.0,0.0,regular,0,0,0,0,0,0,1,ZERO_VOL,107.6
2026-03-25 10:10:15.282154,10:10,25,3,2026,2,5,23292.6,23292.6,23292.6,23292.6,0.0,23292.6,0.0,0.0,23292.6,1.0,0.0,0.0,0.0,regular,0,0,0,0,0,0,1,ZERO_VOL,85.9
2026-03-25 10:10:17.148506,10:10,25,3,2026,2,5,23295.05,23295.05,23295.05,23295.05,0.0,23295.05,0.0,0.0,23295.05,1.0,0.0,0.0,0.0,regular,0,0,0,0,0,0,1,ZERO_VOL,115.5
2026-03-25 10:10:17.284315,10:10,25,3,2026,2,5,23294.35,23294.35,23294.35,23294.35,0.0,23294.35,0.0,0.0,23294.35,1.0,0.0,0.0,0.0,regular,0,0,0,0,0,0,1,ZERO_VOL,135.3
2026-03-25 10:10:17.490967,10:10,25,3,2026,2,5,23295.05,23295.05,23295.05,23295.05,0.0,23295.05,0.0,0.0,23295.05,1.0,0.0,0.0,0.0,regular,0,0,0,0,0,0,1,ZERO_VOL,206.0
2026-03-25 10:10:17.576307,10:10,25,3,2026,2,5,23291.6,23291.6,23291.6,23291.6,0.0,23291.6,0.0,0.0,23291.6,1.0,0.0,0.0,0.0,regular,0,0,0,0,0,0,1,ZERO_VOL,84.8
2026-03-25 10:10:17.681195,10:10,25,3,2026,2,5,23295.45,23295.45,23295.45,23295.45,0.0,23295.45,0.0,0.0,23295.45,1.0,0.0,0.0,0.0,regular,0,0,0,0,0,0,1,ZERO_VOL,104.4
2026-03-25 10:10:19.248153,10:10,25,3,2026,2,5,23295.05,23295.05,23295.05,23295.05,0.0,23295.05,0.0,0.0,23295.05,1.0,0.0,0.0,0.0,regular,0,0,0,0,0,0,1,ZERO_VOL,60.9
2026-03-25 10:10:19.343733,10:10,25,3,2026,2,5,23296.35,23296.35,23296.35,23296.35,0.0,23296.35,0.0,0.0,23296.35,1.0,0.0,0.0,0.0,regular,0,0,0,0,0,0,1,ZERO_VOL,95.1
2026-03-25 10:10:19.444854,10:10,25,3,2026,2,5,23296.35,23296.35,23296.35,23296.35,0.0,23296.35,0.0,0.0,23296.35,1.0,0.0,0.0,0.0,regular,0,0,0,0,0,0,1,ZERO_VOL,100.7
2026-03-25 10:10:19.540899,10:10,25,3,2026,2,5,23296.35,23296.35,23296.35,23296.35,0.0,23296.35,0.0,0.0,23296.35,1.0,0.0,0.0,0.0,regular,0,0,0,0,0,0,1,ZERO_VOL,95.5
2026-03-25 10:10:19.603305,10:10,25,3,2026,2,5,23290.7,23290.7,23290.7,23290.7,0.0,23290.7,0.0,0.0,23290.7,1.0,0.0,0.0,0.0,regular,0,0,0,0,0,0,1,ZERO_VOL,61.9
2026-03-25 10:10:21.478288,10:10,25,3,2026,2,5,23292.85,23292.85,23292.85,23292.85,0.0,23292.85,0.0,0.0,23292.85,1.0,0.0,0.0,0.0,regular,0,0,0,0,0,0,1,ZERO_VOL,54.5
2026-03-25 10:10:21.622578,10:10,25,3,2026,2,5,23300.9,23300.9,23300.9,23300.9,0.0,23300.9,0.0,0.0,23300.9,1.0,0.0,0.0,0.0,regular,0,0,0,0,0,0,1,ZERO_VOL,143.8
2026-03-25 10:10:21.683009,10:10,25,3,2026,2,5,23292.6,23292.6,23292.6,23292.6,0.0,23292.6,0.0,0.0,23292.6,1.0,0.0,0.0,0.0,regular,0,0,0,0,0,0,1,ZERO_VOL,59.9
2026-03-25 10:10:21.741417,10:10,25,3,2026,2,5,23292.6,23292.6,23292.6,23292.6,0.0,23292.6,0.0,0.0,23292.6,1.0,0.0,0.0,0.0,regular,0,0,0,0,0,0,1,ZERO_VOL,57.9
2026-03-25 10:10:21.833306,10:10,25,3,2026,2,5,23301.65,23301.65,23301.65,23301.65,0.0,23301.65,0.0,0.0,23301.65,1.0,0.0,0.0,0.0,regular,0,0,0,0,0,0,1,ZERO_VOL,91.4
2026-03-25 10:10:23.760873,10:10,25,3,2026,2,5,23298.5,23298.5,23298.5,23298.5,0.0,23298.5,0.0,0.0,23298.5,1.0,0.0,0.0,0.0,regular,0,0,0,0,0,0,1,ZERO_VOL,116.8
2026-03-25 10:10:23.923757,10:10,25,3,2026,2,5,23298.5,23298.5,23298.5,23298.5,0.0,23298.5,0.0,0.0,23298.5,1.0,0.0,0.0,0.0,regular,0,0,0,0,0,0,1,ZERO_VOL,162.2
2026-03-25 10:10:23.984789,10:10,25,3,2026,2,5,23292.6,23292.6,23292.6,23292.6,0.0,23292.6,0.0,0.0,23292.6,1.0,0.0,0.0,0.0,regular,0,0,0,0,0,0,1,ZERO_VOL,60.5
2026-03-25 10:10:24.071499,10:10,25,3,2026,2,5,23300.5,23300.5,23300.5,23300.5,0.0,23300.5,0.0,0.0,23300.5,1.0,0.0,0.0,0.0,regular,0,0,0,0,0,0,1,ZERO_VOL,86.2
2026-03-25 10:10:24.243790,10:10,25,3,2026,2,5,23298.5,23298.5,23298.5,23298.5,0.0,23298.5,0.0,0.0,23298.5,1.0,0.0,0.0,0.0,regular,0,0,0,0,0,0,1,ZERO_VOL,171.7
2026-03-25 10:10:25.772871,10:10,25,3,2026,2,5,23297.75,23297.75,23297.75,23297.75,0.0,23297.75,0.0,0.0,23297.75,1.0,0.0,0.0,0.0,regular,0,0,0,0,0,0,1,ZERO_VOL,102.8
2026-03-25 10:10:25.837770,10:10,25,3,2026,2,5,23300.9,23300.9,23300.9,23300.9,0.0,23300.9,0.0,0.0,23300.9,1.0,0.0,0.0,0.0,regular,0,0,0,0,0,0,1,ZERO_VOL,64.4
2026-03-25 10:10:25.927087,10:10,25,3,2026,2,5,23297.75,23297.75,23297.75,23297.75,0.0,23297.75,0.0,0.0,23297.75,1.0,0.0,0.0,0.0,regular,0,0,0,0,0,0,1,ZERO_VOL,88.8
2026-03-25 10:10:25.987927,10:10,25,3,2026,2,5,23294.35,23294.35,23294.35,23294.35,0.0,23294.35,0.0,0.0,23294.35,1.0,0.0,0.0,0.0,regular,0,0,0,0,0,0,1,ZERO_VOL,60.2
2026-03-25 10:10:26.114771,10:10,25,3,2026,2,5,23298.3,23298.3,23298.3,23298.3,0.0,23298.3,0.0,0.0,23298.3,1.0,0.0,0.0,0.0,regular,0,0,0,0,0,0,1,ZERO_VOL,126.3
2026-03-25 10:10:27.735380,10:10,25,3,2026,2,5,23298.4,23298.4,23298.4,23298.4,0.0,23298.4,0.0,0.0,23298.4,1.0,0.0,0.0,0.0,regular,0,0,0,0,0,0,1,ZERO_VOL,178.5
2026-03-25 10:10:27.937067,10:10,25,3,2026,2,5,23298.4,23298.4,23298.4,23298.4,0.0,23298.4,0.0,0.0,23298.4,1.0,0.0,0.0,0.0,regular,0,0,0,0,0,0,1,ZERO_VOL,200.9
2026-03-25 10:10:28.026722,10:10,25,3,2026,2,5,23294.35,23294.35,23294.35,23294.35,0.0,23294.35,0.0,0.0,23294.35,1.0,0.0,0.0,0.0,regular,0,0,0,0,0,0,1,ZERO_VOL,89.0
2026-03-25 10:10:28.181758,10:10,25,3,2026,2,5,23298.95,23298.95,23298.95,23298.95,0.0,23298.95,0.0,0.0,23298.95,1.0,0.0,0.0,0.0,regular,0,0,0,0,0,0,1,ZERO_VOL,154.5
2026-03-25 10:10:28.240184,10:10,25,3,2026,2,5,23296.35,23296.35,23296.35,23296.35,0.0,23296.35,0.0,0.0,23296.35,1.0,0.0,0.0,0.0,regular,0,0,0,0,0,0,1,ZERO_VOL,57.9
2026-03-25 10:10:29.813959,10:10,25,3,2026,2,5,23299.15,23299.15,23299.15,23299.15,0.0,23299.15,0.0,0.0,23299.15,1.0,0.0,0.0,0.0,regular,0,0,0,0,0,0,1,ZERO_VOL,107.3
2026-03-25 10:10:29.943961,10:10,25,3,2026,2,5,23299.15,23299.15,23299.15,23299.15,0.0,23299.15,0.0,0.0,23299.15,1.0,0.0,0.0,0.0,regular,0,0,0,0,0,0,1,ZERO_VOL,129.2
2026-03-25 10:10:29.996868,10:10,25,3,2026,2,5,23298.5,23298.5,23298.5,23298.5,0.0,23298.5,0.0,0.0,23298.5,1.0,0.0,0.0,0.0,regular,0,0,0,0,0,0,1,ZERO_VOL,52.2
2026-03-25 10:10:30.153532,10:10,25,3,2026,2,5,23299.15,23299.15,23299.15,23299.15,0.0,23299.15,0.0,0.0,23299.15,1.0,0.0,0.0,0.0,regular,0,0,0,0,0,0,1,ZERO_VOL,156.2
2026-03-25 10:10:30.209804,10:10,25,3,2026,2,5,23299.15,23299.15,23299.15,23299.15,0.0,23299.15,0.0,0.0,23299.15,1.0,0.0,0.0,0.0,regular,0,0,0,0,0,0,1,ZERO_VOL,55.8
2026-03-25 10:10:32.231932,10:10,25,3,2026,2,5,23300.5,23300.5,23300.5,23300.5,0.0,23300.5,0.0,0.0,23300.5,1.0,0.0,0.0,0.0,regular,0,0,0,0,0,0,1,ZERO_VOL,57.9
2026-03-25 10:10:32.291014,10:10,25,3,2026,2,5,23297.75,23297.75,23297.75,23297.75,0.0,23297.75,0.0,0.0,23297.75,1.0,0.0,0.0,0.0,regular,0,0,0,0,0,0,1,ZERO_VOL,58.6
2026-03-25 10:10:32.393295,10:10,25,3,2026,2,5,23300.15,23300.15,23300.15,23300.15,0.0,23300.15,0.0,0.0,23300.15,1.0,0.0,0.0,0.0,regular,0,0,0,0,0,0,1,ZERO_VOL,101.8
2026-03-25 10:10:32.458062,10:10,25,3,2026,2,5,23299.15,23299.15,23299.15,23299.15,0.0,23299.15,0.0,0.0,23299.15,1.0,0.0,0.0,0.0,regular,0,0,0,0,0,0,1,ZERO_VOL,64.2
2026-03-25 10:10:32.549943,10:10,25,3,2026,2,5,23300.15,23300.15,23300.15,23300.15,0.0,23300.15,0.0,0.0,23300.15,1.0,0.0,0.0,0.0,regular,0,0,0,0,0,0,1,ZERO_VOL,91.4
2026-03-25 10:10:34.645405,10:10,25,3,2026,2,5,23298.6,23298.6,23298.6,23298.6,0.0,23298.6,0.0,0.0,23298.6,1.0,0.0,0.0,0.0,regular,0,0,0,0,0,0,1,ZERO_VOL,178.2
2026-03-25 10:10:34.712928,10:10,25,3,2026,2,5,23298.4,23298.4,23298.4,23298.4,0.0,23298.4,0.0,0.0,23298.4,1.0,0.0,0.0,0.0,regular,0,0,0,0,0,0,1,ZERO_VOL,67.1
2026-03-25 10:10:34.865649,10:10,25,3,2026,2,5,23298.9,23298.9,23298.9,23298.9,0.0,23298.9,0.0,0.0,23298.9,1.0,0.0,0.0,0.0,regular,0,0,0,0,0,0,1,ZERO_VOL,152.2
2026-03-25 10:10:34.985725,10:10,25,3,2026,2,5,23298.9,23298.9,23298.9,23298.9,0.0,23298.9,0.0,0.0,23298.9,1.0,0.0,0.0,0.0,regular,0,0,0,0,0,0,1,ZERO_VOL,119.6
2026-03-25 10:10:35.081855,10:10,25,3,2026,2,5,23298.9,23298.9,23298.9,23298.9,0.0,23298.9,0.0,0.0,23298.9,1.0,0.0,0.0,0.0,regular,0,0,0,0,0,0,1,ZERO_VOL,95.6
2026-03-25 10:10:37.050028,10:10,25,3,2026,2,5,23299.15,23299.15,23299.15,23299.15,0.0,23299.15,0.0,0.0,23299.15,1.0,0.0,0.0,0.0,regular,0,0,0,0,0,0,1,ZERO_VOL,147.2
2026-03-25 10:10:37.226073,10:10,25,3,2026,2,5,23299.15,23299.15,23299.15,23299.15,0.0,23299.15,0.0,0.0,23299.15,1.0,0.0,0.0,0.0,regular,0,0,0,0,0,0,1,ZERO_VOL,175.6
2026-03-25 10:10:37.400985,10:10,25,3,2026,2,5,23299.15,23299.15,23299.15,23299.15,0.0,23299.15,0.0,0.0,23299.15,1.0,0.0,0.0,0.0,regular,0,0,0,0,0,0,1,ZERO_VOL,174.4
2026-03-25 10:10:37.454050,10:10,25,3,2026,2,5,23299.15,23299.15,23299.15,23299.15,0.0,23299.15,0.0,0.0,23299.15,1.0,0.0,0.0,0.0,regular,0,0,0,0,0,0,1,ZERO_VOL,52.6
2026-03-25 10:10:37.559695,10:10,25,3,2026,2,5,23299.05,23299.05,23299.05,23299.05,0.0,23299.05,0.0,0.0,23299.05,1.0,0.0,0.0,0.0,regular,0,0,0,0,0,0,1,ZERO_VOL,105.1
2026-03-25 10:10:39.297535,10:10,25,3,2026,2,5,23299.25,23299.25,23299.25,23299.25,0.0,23299.25,0.0,0.0,23299.25,1.0,0.0,0.0,0.0,regular,0,0,0,0,0,0,1,ZERO_VOL,83.3
2026-03-25 10:10:39.455434,10:10,25,3,2026,2,5,23299.25,23299.25,23299.25,23299.25,0.0,23299.25,0.0,0.0,23299.25,1.0,0.0,0.0,0.0,regular,0,0,0,0,0,0,1,ZERO_VOL,157.4
2026-03-25 10:10:39.640585,10:10,25,3,2026,2,5,23298.75,23298.75,23298.75,23298.75,0.0,23298.75,0.0,0.0,23298.75,1.0,0.0,0.0,0.0,regular,0,0,0,0,0,0,1,ZERO_VOL,184.6
2026-03-25 10:10:39.739366,10:10,25,3,2026,2,5,23299.25,23299.25,23299.25,23299.25,0.0,23299.25,0.0,0.0,23299.25,1.0,0.0,0.0,0.0,regular,0,0,0,0,0,0,1,ZERO_VOL,98.3
2026-03-25 10:10:39.826891,10:10,25,3,2026,2,5,23299.25,23299.25,23299.25,23299.25,0.0,23299.25,0.0,0.0,23299.25,1.0,0.0,0.0,0.0,regular,0,0,0,0,0,0,1,ZERO_VOL,87.0
2026-03-25 10:10:41.622026,10:10,25,3,2026,2,5,23298.85,23298.85,23298.85,23298.85,0.0,23298.85,0.0,0.0,23298.85,1.0,0.0,0.0,0.0,regular,0,0,0,0,0,0,1,ZERO_VOL,105.1
2026-03-25 10:10:41.770313,10:10,25,3,2026,2,5,23298.0,23298.0,23298.0,23298.0,0.0,23298.0,0.0,0.0,23298.0,1.0,0.0,0.0,0.0,regular,0,0,0,0,0,0,1,ZERO_VOL,147.8
2026-03-25 10:10:41.873835,10:10,25,3,2026,2,5,23298.85,23298.85,23298.85,23298.85,0.0,23298.85,0.0,0.0,23298.85,1.0,0.0,0.0,0.0,regular,0,0,0,0,0,0,1,ZERO_VOL,103.0
2026-03-25 10:10:41.932422,10:10,25,3,2026,2,5,23299.05,23299.05,23299.05,23299.05,0.0,23299.05,0.0,0.0,23299.05,1.0,0.0,0.0,0.0,regular,0,0,0,0,0,0,1,ZERO_VOL,58.1
2026-03-25 10:10:42.105900,10:10,25,3,2026,2,5,23298.0,23298.0,23298.0,23298.0,0.0,23298.0,0.0,0.0,23298.0,1.0,0.0,0.0,0.0,regular,0,0,0,0,0,0,1,ZERO_VOL,173.0
2026-03-25 10:10:43.978866,10:10,25,3,2026,2,5,23293.95,23293.95,23293.95,23293.95,0.0,23293.95,0.0,0.0,23293.95,1.0,0.0,0.0,0.0,regular,0,0,0,0,0,0,1,ZERO_VOL,99.4
2026-03-25 10:10:44.033712,10:10,25,3,2026,2,5,23298.85,23298.85,23298.85,23298.85,0.0,23298.85,0.0,0.0,23298.85,1.0,0.0,0.0,0.0,regular,0,0,0,0,0,0,1,ZERO_VOL,54.4
2026-03-25 10:10:44.120468,10:10,25,3,2026,2,5,23293.95,23293.95,23293.95,23293.95,0.0,23293.95,0.0,0.0,23293.95,1.0,0.0,0.0,0.0,regular,0,0,0,0,0,0,1,ZERO_VOL,86.3
2026-03-25 10:10:44.179063,10:10,25,3,2026,2,5,23299.05,23299.05,23299.05,23299.05,0.0,23299.05,0.0,0.0,23299.05,1.0,0.0,0.0,0.0,regular,0,0,0,0,0,0,1,ZERO_VOL,58.1
2026-03-25 10:10:44.235104,10:10,25,3,2026,2,5,23293.95,23293.95,23293.95,23293.95,0.0,23293.95,0.0,0.0,23293.95,1.0,0.0,0.0,0.0,regular,0,0,0,0,0,0,1,ZERO_VOL,55.6
2026-03-25 10:10:46.026936,10:10,25,3,2026,2,5,23292.2,23292.2,23292.2,23292.2,0.0,23292.2,0.0,0.0,23292.2,1.0,0.0,0.0,0.0,regular,0,0,0,0,0,0,1,ZERO_VOL,117.0
2026-03-25 10:10:46.081836,10:10,25,3,2026,2,5,23293.95,23293.95,23293.95,23293.95,0.0,23293.95,0.0,0.0,23293.95,1.0,0.0,0.0,0.0,regular,0,0,0,0,0,0,1,ZERO_VOL,54.4
2026-03-25 10:10:46.177194,10:10,25,3,2026,2,5,23291.65,23291.65,23291.65,23291.65,0.0,23291.65,0.0,0.0,23291.65,1.0,0.0,0.0,0.0,regular,0,0,0,0,0,0,1,ZERO_VOL,94.9
2026-03-25 10:10:46.323141,10:10,25,3,2026,2,5,23292.2,23292.2,23292.2,23292.2,0.0,23292.2,0.0,0.0,23292.2,1.0,0.0,0.0,0.0,regular,0,0,0,0,0,0,1,ZERO_VOL,145.4
2026-03-25 10:10:46.378540,10:10,25,3,2026,2,5,23299.25,23299.25,23299.25,23299.25,0.0,23299.25,0.0,0.0,23299.25,1.0,0.0,0.0,0.0,regular,0,0,0,0,0,0,1,ZERO_VOL,54.9
2026-03-25 10:10:48.111104,10:10,25,3,2026,2,5,23292.25,23292.25,23292.25,23292.25,0.0,23292.25,0.0,0.0,23292.25,1.0,0.0,0.0,0.0,regular,0,0,0,0,0,0,1,ZERO_VOL,96.4
2026-03-25 10:10:48.198227,10:10,25,3,2026,2,5,23292.25,23292.25,23292.25,23292.25,0.0,23292.25,0.0,0.0,23292.25,1.0,0.0,0.0,0.0,regular,0,0,0,0,0,0,1,ZERO_VOL,86.6
2026-03-25 10:10:48.286076,10:10,25,3,2026,2,5,23293.6,23293.6,23293.6,23293.6,0.0,23293.6,0.0,0.0,23293.6,1.0,0.0,0.0,0.0,regular,0,0,0,0,0,0,1,ZERO_VOL,87.3
2026-03-25 10:10:48.434394,10:10,25,3,2026,2,5,23293.25,23293.25,23293.25,23293.25,0.0,23293.25,0.0,0.0,23293.25,1.0,0.0,0.0,0.0,regular,0,0,0,0,0,0,1,ZERO_VOL,147.8
2026-03-25 10:10:48.617678,10:10,25,3,2026,2,5,23293.25,23293.25,23293.25,23293.25,0.0,23293.25,0.0,0.0,23293.25,1.0,0.0,0.0,0.0,regular,0,0,0,0,0,0,1,ZERO_VOL,182.8
2026-03-25 10:10:50.146703,10:10,25,3,2026,2,5,23292.25,23292.25,23292.25,23292.25,0.0,23292.25,0.0,0.0,23292.25,1.0,0.0,0.0,0.0,regular,0,0,0,0,0,0,1,ZERO_VOL,63.2
2026-03-25 10:10:50.202168,10:10,25,3,2026,2,5,23293.95,23293.95,23293.95,23293.95,0.0,23293.95,0.0,0.0,23293.95,1.0,0.0,0.0,0.0,regular,0,0,0,0,0,0,1,ZERO_VOL,55.0
2026-03-25 10:10:50.275715,10:10,25,3,2026,2,5,23293.25,23293.25,23293.25,23293.25,0.0,23293.25,0.0,0.0,23293.25,1.0,0.0,0.0,0.0,regular,0,0,0,0,0,0,1,ZERO_VOL,73.0
2026-03-25 10:10:50.452086,10:10,25,3,2026,2,5,23292.85,23292.85,23292.85,23292.85,0.0,23292.85,0.0,0.0,23292.85,1.0,0.0,0.0,0.0,regular,0,0,0,0,0,0,1,ZERO_VOL,175.9
2026-03-25 10:10:50.539663,10:10,25,3,2026,2,5,23294.3,23294.3,23294.3,23294.3,0.0,23294.3,0.0,0.0,23294.3,1.0,0.0,0.0,0.0,regular,0,0,0,0,0,0,1,ZERO_VOL,87.0
2026-03-25 10:10:52.276968,10:10,25,3,2026,2,5,23290.5,23290.5,23290.5,23290.5,0.0,23290.5,0.0,0.0,23290.5,1.0,0.0,0.0,0.0,regular,0,0,0,0,0,0,1,ZERO_VOL,88.3
2026-03-25 10:10:52.338192,10:10,25,3,2026,2,5,23292.2,23292.2,23292.2,23292.2,0.0,23292.2,0.0,0.0,23292.2,1.0,0.0,0.0,0.0,regular,0,0,0,0,0,0,1,ZERO_VOL,60.8
2026-03-25 10:10:52.481997,10:10,25,3,2026,2,5,23290.25,23290.25,23290.25,23290.25,0.0,23290.25,0.0,0.0,23290.25,1.0,0.0,0.0,0.0,regular,0,0,0,0,0,0,1,ZERO_VOL,143.3
2026-03-25 10:10:52.588760,10:10,25,3,2026,2,5,23290.5,23290.5,23290.5,23290.5,0.0,23290.5,0.0,0.0,23290.5,1.0,0.0,0.0,0.0,regular,0,0,0,0,0,0,1,ZERO_VOL,106.3
2026-03-25 10:10:52.747641,10:10,25,3,2026,2,5,23288.4,23288.4,23288.4,23288.4,0.0,23288.4,0.0,0.0,23288.4,1.0,0.0,0.0,0.0,regular,0,0,0,0,0,0,1,ZERO_VOL,158.4
2026-03-25 10:10:55.016694,10:10,25,3,2026,2,5,23290.6,23290.6,23290.6,23290.6,0.0,23290.6,0.0,0.0,23290.6,1.0,0.0,0.0,0.0,regular,0,0,0,0,0,0,1,ZERO_VOL,157.2
2026-03-25 10:10:55.172790,10:10,25,3,2026,2,5,23290.6,23290.6,23290.6,23290.6,0.0,23290.6,0.0,0.0,23290.6,1.0,0.0,0.0,0.0,regular,0,0,0,0,0,0,1,ZERO_VOL,155.6
2026-03-25 10:10:55.319073,10:10,25,3,2026,2,5,23290.6,23290.6,23290.6,23290.6,0.0,23290.6,0.0,0.0,23290.6,1.0,0.0,0.0,0.0,regular,0,0,0,0,0,0,1,ZERO_VOL,145.8
2026-03-25 10:10:55.477642,10:10,25,3,2026,2,5,23290.25,23290.25,23290.25,23290.25,0.0,23290.25,0.0,0.0,23290.25,1.0,0.0,0.0,0.0,regular,0,0,0,0,0,0,1,ZERO_VOL,158.1
2026-03-25 10:10:55.538772,10:10,25,3,2026,2,5,23292.25,23292.25,23292.25,23292.25,0.0,23292.25,0.0,0.0,23292.25,1.0,0.0,0.0,0.0,regular,0,0,0,0,0,0,1,ZERO_VOL,60.6
2026-03-25 10:10:57.323554,10:10,25,3,2026,2,5,23290.5,23290.5,23290.5,23290.5,0.0,23290.5,0.0,0.0,23290.5,1.0,0.0,0.0,0.0,regular,0,0,0,0,0,0,1,ZERO_VOL,55.8
2026-03-25 10:10:57.416576,10:10,25,3,2026,2,5,23290.75,23290.75,23290.75,23290.75,0.0,23290.75,0.0,0.0,23290.75,1.0,0.0,0.0,0.0,regular,0,0,0,0,0,0,1,ZERO_VOL,92.5
2026-03-25 10:10:57.491324,10:10,25,3,2026,2,5,23292.85,23292.85,23292.85,23292.85,0.0,23292.85,0.0,0.0,23292.85,1.0,0.0,0.0,0.0,regular,0,0,0,0,0,0,1,ZERO_VOL,74.3
2026-03-25 10:10:57.551257,10:10,25,3,2026,2,5,23293.25,23293.25,23293.25,23293.25,0.0,23293.25,0.0,0.0,23293.25,1.0,0.0,0.0,0.0,regular,0,0,0,0,0,0,1,ZERO_VOL,59.3
2026-03-25 10:10:57.686832,10:10,25,3,2026,2,5,23290.75,23290.75,23290.75,23290.75,0.0,23290.75,0.0,0.0,23290.75,1.0,0.0,0.0,0.0,regular,0,0,0,0,0,0,1,ZERO_VOL,135.1
2026-03-25 10:10:59.726165,10:10,25,3,2026,2,5,23291.05,23291.05,23291.05,23291.05,0.0,23291.05,0.0,0.0,23291.05,1.0,0.0,0.0,0.0,regular,0,0,0,0,0,0,1,ZERO_VOL,86.1
2026-03-25 10:10:59.775524,10:10,25,3,2026,2,5,23290.5,23290.5,23290.5,23290.5,0.0,23290.5,0.0,0.0,23290.5,1.0,0.0,0.0,0.0,regular,0,0,0,0,0,0,1,ZERO_VOL,48.9
2026-03-25 10:10:59.870039,10:10,25,3,2026,2,5,23291.05,23291.05,23291.05,23291.05,0.0,23291.05,0.0,0.0,23291.05,1.0,0.0,0.0,0.0,regular,0,0,0,0,0,0,1,ZERO_VOL,94.0
2026-03-25 10:10:59.948467,10:10,25,3,2026,2,5,23290.75,23290.75,23290.75,23290.75,0.0,23290.75,0.0,0.0,23290.75,1.0,0.0,0.0,0.0,regular,0,0,0,0,0,0,1,ZERO_VOL,77.9
2026-03-25 10:11:00.002213,10:11,25,3,2026,2,5,23290.5,23290.5,23290.5,23290.5,0.0,23290.5,0.0,0.0,23290.5,1.0,0.0,0.0,0.0,regular,0,0,0,0,0,0,1,ZERO_VOL,53.3
2026-03-25 10:11:01.876123,10:11,25,3,2026,2,5,23286.75,23286.75,23286.75,23286.75,0.0,23286.75,0.0,0.0,23286.75,1.0,0.0,0.0,0.0,regular,0,0,0,0,0,0,1,ZERO_VOL,173.6
2026-03-25 10:11:01.937001,10:11,25,3,2026,2,5,23291.05,23291.05,23291.05,23291.05,0.0,23291.05,0.0,0.0,23291.05,1.0,0.0,0.0,0.0,regular,0,0,0,0,0,0,1,ZERO_VOL,60.3
2026-03-25 10:11:01.993181,10:11,25,3,2026,2,5,23288.4,23288.4,23288.4,23288.4,0.0,23288.4,0.0,0.0,23288.4,1.0,0.0,0.0,0.0,regular,0,0,0,0,0,0,1,ZERO_VOL,55.5
2026-03-25 10:11:02.087804,10:11,25,3,2026,2,5,23290.35,23301.65,23288.25,23290.75,0.0,23293.55,13.4,0.0017,23293.55,1.0006,2.99,10.9,2.1,regular,0,0,0,0,0,0,1,ZERO_VOL,94.1
2026-03-25 10:11:02.143758,10:11,25,3,2026,2,5,23290.35,23301.65,23288.25,23290.75,0.0,23293.55,13.4,0.0017,23293.55,1.0006,2.99,10.9,2.1,regular,0,0,0,0,0,0,1,ZERO_VOL,55.4
2026-03-25 10:11:04.086616,10:11,25,3,2026,2,5,23290.25,23290.25,23290.25,23290.25,0.0,23290.25,0.0,0.0,23290.25,1.0,0.0,0.0,0.0,regular,0,0,0,0,0,0,1,ZERO_VOL,79.6
2026-03-25 10:11:04.203816,10:11,25,3,2026,2,5,23287.35,23287.35,23287.35,23287.35,0.0,23287.35,0.0,0.0,23287.35,1.0,0.0,0.0,0.0,regular,0,0,0,0,0,0,1,ZERO_VOL,116.7
2026-03-25 10:11:04.380869,10:11,25,3,2026,2,5,23287.35,23287.35,23287.35,23287.35,0.0,23287.35,0.0,0.0,23287.35,1.0,0.0,0.0,0.0,regular,0,0,0,0,0,0,1,ZERO_VOL,176.6
2026-03-25 10:11:04.532561,10:11,25,3,2026,2,5,23287.35,23287.35,23287.35,23287.35,0.0,23287.35,0.0,0.0,23287.35,1.0,0.0,0.0,0.0,regular,0,0,0,0,0,0,1,ZERO_VOL,151.2
2026-03-25 10:11:04.636773,10:11,25,3,2026,2,5,23286.5,23286.5,23286.5,23286.5,0.0,23286.5,0.0,0.0,23286.5,1.0,0.0,0.0,0.0,regular,0,0,0,0,0,0,1,ZERO_VOL,102.8
2026-03-25 10:11:06.626039,10:11,25,3,2026,2,5,23286.25,23286.25,23286.25,23286.25,0.0,23286.25,0.0,0.0,23286.25,1.0,0.0,0.0,0.0,regular,0,0,0,0,0,0,1,ZERO_VOL,94.9
2026-03-25 10:11:06.775632,10:11,25,3,2026,2,5,23286.25,23286.25,23286.25,23286.25,0.0,23286.25,0.0,0.0,23286.25,1.0,0.0,0.0,0.0,regular,0,0,0,0,0,0,1,ZERO_VOL,149.1
2026-03-25 10:11:06.866076,10:11,25,3,2026,2,5,23286.25,23286.25,23286.25,23286.25,0.0,23286.25,0.0,0.0,23286.25,1.0,0.0,0.0,0.0,regular,0,0,0,0,0,0,1,ZERO_VOL,89.9
2026-03-25 10:11:06.955983,10:11,25,3,2026,2,5,23286.25,23286.25,23286.25,23286.25,0.0,23286.25,0.0,0.0,23286.25,1.0,0.0,0.0,0.0,regular,0,0,0,0,0,0,1,ZERO_VOL,89.4
2026-03-25 10:11:07.062767,10:11,25,3,2026,2,5,23286.25,23286.25,23286.25,23286.25,0.0,23286.25,0.0,0.0,23286.25,1.0,0.0,0.0,0.0,regular,0,0,0,0,0,0,1,ZERO_VOL,106.3
2026-03-25 10:11:09.331736,10:11,25,3,2026,2,5,23286.55,23286.55,23286.55,23286.55,0.0,23286.55,0.0,0.0,23286.55,1.0,0.0,0.0,0.0,regular,0,0,0,0,0,0,1,ZERO_VOL,144.5
2026-03-25 10:11:09.449611,10:11,25,3,2026,2,5,23286.55,23286.55,23286.55,23286.55,0.0,23286.55,0.0,0.0,23286.55,1.0,0.0,0.0,0.0,regular,0,0,0,0,0,0,1,ZERO_VOL,117.4
2026-03-25 10:11:09.506679,10:11,25,3,2026,2,5,23287.35,23287.35,23287.35,23287.35,0.0,23287.35,0.0,0.0,23287.35,1.0,0.0,0.0,0.0,regular,0,0,0,0,0,0,1,ZERO_VOL,56.4
2026-03-25 10:11:09.694302,10:11,25,3,2026,2,5,23286.55,23286.55,23286.55,23286.55,0.0,23286.55,0.0,0.0,23286.55,1.0,0.0,0.0,0.0,regular,0,0,0,0,0,0,1,ZERO_VOL,187.1
2026-03-25 10:11:09.843850,10:11,25,3,2026,2,5,23286.35,23286.35,23286.35,23286.35,0.0,23286.35,0.0,0.0,23286.35,1.0,0.0,0.0,0.0,regular,0,0,0,0,0,0,1,ZERO_VOL,149.0
2026-03-25 10:11:11.597639,10:11,25,3,2026,2,5,23286.55,23286.55,23286.55,23286.55,0.0,23286.55,0.0,0.0,23286.55,1.0,0.0,0.0,0.0,regular,0,0,0,0,0,0,1,ZERO_VOL,73.3
2026-03-25 10:11:11.777997,10:11,25,3,2026,2,5,23287.25,23287.25,23287.25,23287.25,0.0,23287.25,0.0,0.0,23287.25,1.0,0.0,0.0,0.0,regular,0,0,0,0,0,0,1,ZERO_VOL,179.9
2026-03-25 10:11:11.848630,10:11,25,3,2026,2,5,23286.55,23286.55,23286.55,23286.55,0.0,23286.55,0.0,0.0,23286.55,1.0,0.0,0.0,0.0,regular,0,0,0,0,0,0,1,ZERO_VOL,70.1
2026-03-25 10:11:12.008856,10:11,25,3,2026,2,5,23287.25,23287.25,23287.25,23287.25,0.0,23287.25,0.0,0.0,23287.25,1.0,0.0,0.0,0.0,regular,0,0,0,0,0,0,1,ZERO_VOL,159.7
2026-03-25 10:11:12.073547,10:11,25,3,2026,2,5,23286.35,23286.35,23286.35,23286.35,0.0,23286.35,0.0,0.0,23286.35,1.0,0.0,0.0,0.0,regular,0,0,0,0,0,0,1,ZERO_VOL,64.2
2026-03-25 10:11:14.248314,10:11,25,3,2026,2,5,23289.0,23289.0,23289.0,23289.0,0.0,23289.0,0.0,0.0,23289.0,1.0,0.0,0.0,0.0,regular,0,0,0,0,0,0,1,ZERO_VOL,154.0
2026-03-25 10:11:14.362193,10:11,25,3,2026,2,5,23288.9,23288.9,23288.9,23288.9,0.0,23288.9,0.0,0.0,23288.9,1.0,0.0,0.0,0.0,regular,0,0,0,0,0,0,1,ZERO_VOL,113.4
2026-03-25 10:11:14.473779,10:11,25,3,2026,2,5,23289.0,23289.0,23289.0,23289.0,0.0,23289.0,0.0,0.0,23289.0,1.0,0.0,0.0,0.0,regular,0,0,0,0,0,0,1,ZERO_VOL,111.1
2026-03-25 10:11:14.569220,10:11,25,3,2026,2,5,23288.9,23288.9,23288.9,23288.9,0.0,23288.9,0.0,0.0,23288.9,1.0,0.0,0.0,0.0,regular,0,0,0,0,0,0,1,ZERO_VOL,95.0
2026-03-25 10:11:14.675930,10:11,25,3,2026,2,5,23286.25,23286.25,23286.25,23286.25,0.0,23286.25,0.0,0.0,23286.25,1.0,0.0,0.0,0.0,regular,0,0,0,0,0,0,1,ZERO_VOL,106.2
2026-03-25 10:11:16.427712,10:11,25,3,2026,2,5,23290.9,23290.9,23290.9,23290.9,0.0,23290.9,0.0,0.0,23290.9,1.0,0.0,0.0,0.0,regular,0,0,0,0,0,0,1,ZERO_VOL,209.5
2026-03-25 10:11:16.484067,10:11,25,3,2026,2,5,23287.25,23287.25,23287.25,23287.25,0.0,23287.25,0.0,0.0,23287.25,1.0,0.0,0.0,0.0,regular,0,0,0,0,0,0,1,ZERO_VOL,55.9
2026-03-25 10:11:16.537764,10:11,25,3,2026,2,5,23288.9,23288.9,23288.9,23288.9,0.0,23288.9,0.0,0.0,23288.9,1.0,0.0,0.0,0.0,regular,0,0,0,0,0,0,1,ZERO_VOL,53.3
2026-03-25 10:11:16.595525,10:11,25,3,2026,2,5,23286.35,23286.35,23286.35,23286.35,0.0,23286.35,0.0,0.0,23286.35,1.0,0.0,0.0,0.0,regular,0,0,0,0,0,0,1,ZERO_VOL,57.3
2026-03-25 10:11:16.773168,10:11,25,3,2026,2,5,23290.9,23290.9,23290.9,23290.9,0.0,23290.9,0.0,0.0,23290.9,1.0,0.0,0.0,0.0,regular,0,0,0,0,0,0,1,ZERO_VOL,177.0
2026-03-25 10:11:25.167413,10:11,25,3,2026,2,5,23295.1,23295.1,23295.1,23295.1,0.0,23295.1,0.0,0.0,23295.1,1.0,0.0,0.0,0.0,regular,0,0,0,0,0,0,1,ZERO_VOL,86.9
2026-03-25 10:11:25.284365,10:11,25,3,2026,2,5,23295.35,23295.35,23295.35,23295.35,0.0,23295.35,0.0,0.0,23295.35,1.0,0.0,0.0,0.0,regular,0,0,0,0,0,0,1,ZERO_VOL,116.5
2026-03-25 10:11:25.429878,10:11,25,3,2026,2,5,23295.6,23295.6,23295.6,23295.6,0.0,23295.6,0.0,0.0,23295.6,1.0,0.0,0.0,0.0,regular,0,0,0,0,0,0,1,ZERO_VOL,145.0
2026-03-25 10:11:25.548560,10:11,25,3,2026,2,5,23295.6,23295.6,23295.6,23295.6,0.0,23295.6,0.0,0.0,23295.6,1.0,0.0,0.0,0.0,regular,0,0,0,0,0,0,1,ZERO_VOL,118.2
2026-03-25 10:11:25.634979,10:11,25,3,2026,2,5,23295.35,23295.35,23295.35,23295.35,0.0,23295.35,0.0,0.0,23295.35,1.0,0.0,0.0,0.0,regular,0,0,0,0,0,0,1,ZERO_VOL,85.9
2026-03-25 10:11:27.182792,10:11,25,3,2026,2,5,23295.8,23295.8,23295.8,23295.8,0.0,23295.8,0.0,0.0,23295.8,1.0,0.0,0.0,0.0,regular,0,0,0,0,0,0,1,ZERO_VOL,96.2
2026-03-25 10:11:27.358818,10:11,25,3,2026,2,5,23295.7,23295.7,23295.7,23295.7,0.0,23295.7,0.0,0.0,23295.7,1.0,0.0,0.0,0.0,regular,0,0,0,0,0,0,1,ZERO_VOL,175.5
2026-03-25 10:11:27.491751,10:11,25,3,2026,2,5,23295.8,23295.8,23295.8,23295.8,0.0,23295.8,0.0,0.0,23295.8,1.0,0.0,0.0,0.0,regular,0,0,0,0,0,0,1,ZERO_VOL,132.4
2026-03-25 10:11:27.587160,10:11,25,3,2026,2,5,23296.4,23296.4,23296.4,23296.4,0.0,23296.4,0.0,0.0,23296.4,1.0,0.0,0.0,0.0,regular,0,0,0,0,0,0,1,ZERO_VOL,95.0
2026-03-25 10:11:27.682461,10:11,25,3,2026,2,5,23296.4,23296.4,23296.4,23296.4,0.0,23296.4,0.0,0.0,23296.4,1.0,0.0,0.0,0.0,regular,0,0,0,0,0,0,1,ZERO_VOL,94.8
2026-03-25 10:11:29.125887,10:11,25,3,2026,2,5,23295.15,23295.15,23295.15,23295.15,0.0,23295.15,0.0,0.0,23295.15,1.0,0.0,0.0,0.0,regular,0,0,0,0,0,0,1,ZERO_VOL,95.2
2026-03-25 10:11:29.260455,10:11,25,3,2026,2,5,23295.05,23295.05,23295.05,23295.05,0.0,23295.05,0.0,0.0,23295.05,1.0,0.0,0.0,0.0,regular,0,0,0,0,0,0,1,ZERO_VOL,134.1
2026-03-25 10:11:29.320324,10:11,25,3,2026,2,5,23295.35,23295.35,23295.35,23295.35,0.0,23295.35,0.0,0.0,23295.35,1.0,0.0,0.0,0.0,regular,0,0,0,0,0,0,1,ZERO_VOL,59.3
2026-03-25 10:11:29.385007,10:11,25,3,2026,2,5,23295.8,23295.8,23295.8,23295.8,0.0,23295.8,0.0,0.0,23295.8,1.0,0.0,0.0,0.0,regular,0,0,0,0,0,0,1,ZERO_VOL,64.1
2026-03-25 10:11:29.440578,10:11,25,3,2026,2,5,23295.05,23295.05,23295.05,23295.05,0.0,23295.05,0.0,0.0,23295.05,1.0,0.0,0.0,0.0,regular,0,0,0,0,0,0,1,ZERO_VOL,55.0
2026-03-25 10:11:30.956607,10:11,25,3,2026,2,5,23295.45,23295.45,23295.45,23295.45,0.0,23295.45,0.0,0.0,23295.45,1.0,0.0,0.0,0.0,regular,0,0,0,0,0,0,1,ZERO_VOL,96.6
2026-03-25 10:11:31.015927,10:11,25,3,2026,2,5,23295.1,23295.1,23295.1,23295.1,0.0,23295.1,0.0,0.0,23295.1,1.0,0.0,0.0,0.0,regular,0,0,0,0,0,0,1,ZERO_VOL,58.8
2026-03-25 10:11:31.101048,10:11,25,3,2026,2,5,23295.45,23295.45,23295.45,23295.45,0.0,23295.45,0.0,0.0,23295.45,1.0,0.0,0.0,0.0,regular,0,0,0,0,0,0,1,ZERO_VOL,84.7
2026-03-25 10:11:31.194982,10:11,25,3,2026,2,5,23295.45,23295.45,23295.45,23295.45,0.0,23295.45,0.0,0.0,23295.45,1.0,0.0,0.0,0.0,regular,0,0,0,0,0,0,1,ZERO_VOL,93.4
2026-03-25 10:11:31.342488,10:11,25,3,2026,2,5,23295.65,23295.65,23295.65,23295.65,0.0,23295.65,0.0,0.0,23295.65,1.0,0.0,0.0,0.0,regular,0,0,0,0,0,0,1,ZERO_VOL,147.0
2026-03-25 10:11:32.902954,10:11,25,3,2026,2,5,23295.05,23295.05,23295.05,23295.05,0.0,23295.05,0.0,0.0,23295.05,1.0,0.0,0.0,0.0,regular,0,0,0,0,0,0,1,ZERO_VOL,151.4
2026-03-25 10:11:33.058335,10:11,25,3,2026,2,5,23294.0,23294.0,23294.0,23294.0,0.0,23294.0,0.0,0.0,23294.0,1.0,0.0,0.0,0.0,regular,0,0,0,0,0,0,1,ZERO_VOL,154.9
2026-03-25 10:11:33.113034,10:11,25,3,2026,2,5,23295.45,23295.45,23295.45,23295.45,0.0,23295.45,0.0,0.0,23295.45,1.0,0.0,0.0,0.0,regular,0,0,0,0,0,0,1,ZERO_VOL,54.2
2026-03-25 10:11:33.221549,10:11,25,3,2026,2,5,23294.0,23294.0,23294.0,23294.0,0.0,23294.0,0.0,0.0,23294.0,1.0,0.0,0.0,0.0,regular,0,0,0,0,0,0,1,ZERO_VOL,108.0
2026-03-25 10:11:33.284782,10:11,25,3,2026,2,5,23295.05,23295.05,23295.05,23295.05,0.0,23295.05,0.0,0.0,23295.05,1.0,0.0,0.0,0.0,regular,0,0,0,0,0,0,1,ZERO_VOL,62.7
2026-03-25 10:11:34.923490,10:11,25,3,2026,2,5,23295.45,23295.45,23295.45,23295.45,0.0,23295.45,0.0,0.0,23295.45,1.0,0.0,0.0,0.0,regular,0,0,0,0,0,0,1,ZERO_VOL,52.9
2026-03-25 10:11:34.986377,10:11,25,3,2026,2,5,23295.45,23295.45,23295.45,23295.45,0.0,23295.45,0.0,0.0,23295.45,1.0,0.0,0.0,0.0,regular,0,0,0,0,0,0,1,ZERO_VOL,62.4
2026-03-25 10:11:35.105852,10:11,25,3,2026,2,5,23294.75,23294.75,23294.75,23294.75,0.0,23294.75,0.0,0.0,23294.75,1.0,0.0,0.0,0.0,regular,0,0,0,0,0,0,1,ZERO_VOL,119.0
2026-03-25 10:11:35.160635,10:11,25,3,2026,2,5,23295.7,23295.7,23295.7,23295.7,0.0,23295.7,0.0,0.0,23295.7,1.0,0.0,0.0,0.0,regular,0,0,0,0,0,0,1,ZERO_VOL,54.3
2026-03-25 10:11:35.248296,10:11,25,3,2026,2,5,23295.45,23295.45,23295.45,23295.45,0.0,23295.45,0.0,0.0,23295.45,1.0,0.0,0.0,0.0,regular,0,0,0,0,0,0,1,ZERO_VOL,87.2
2026-03-25 10:11:36.771292,10:11,25,3,2026,2,5,23294.45,23294.45,23294.45,23294.45,0.0,23294.45,0.0,0.0,23294.45,1.0,0.0,0.0,0.0,regular,0,0,0,0,0,0,1,ZERO_VOL,157.7
2026-03-25 10:11:36.885162,10:11,25,3,2026,2,5,23294.45,23294.45,23294.45,23294.45,0.0,23294.45,0.0,0.0,23294.45,1.0,0.0,0.0,0.0,regular,0,0,0,0,0,0,1,ZERO_VOL,113.4
2026-03-25 10:11:37.065878,10:11,25,3,2026,2,5,23294.45,23294.45,23294.45,23294.45,0.0,23294.45,0.0,0.0,23294.45,1.0,0.0,0.0,0.0,regular,0,0,0,0,0,0,1,ZERO_VOL,180.2
2026-03-25 10:11:37.131146,10:11,25,3,2026,2,5,23295.15,23295.15,23295.15,23295.15,0.0,23295.15,0.0,0.0,23295.15,1.0,0.0,0.0,0.0,regular,0,0,0,0,0,0,1,ZERO_VOL,64.8
2026-03-25 10:11:37.248034,10:11,25,3,2026,2,5,23295.15,23295.15,23295.15,23295.15,0.0,23295.15,0.0,0.0,23295.15,1.0,0.0,0.0,0.0,regular,0,0,0,0,0,0,1,ZERO_VOL,116.4
2026-03-25 10:11:38.811743,10:11,25,3,2026,2,5,23295.15,23295.15,23295.15,23295.15,0.0,23295.15,0.0,0.0,23295.15,1.0,0.0,0.0,0.0,regular,0,0,0,0,0,0,1,ZERO_VOL,64.0
2026-03-25 10:11:38.867690,10:11,25,3,2026,2,5,23294.45,23294.45,23294.45,23294.45,0.0,23294.45,0.0,0.0,23294.45,1.0,0.0,0.0,0.0,regular,0,0,0,0,0,0,1,ZERO_VOL,55.4
2026-03-25 10:11:38.972698,10:11,25,3,2026,2,5,23293.5,23293.5,23293.5,23293.5,0.0,23293.5,0.0,0.0,23293.5,1.0,0.0,0.0,0.0,regular,0,0,0,0,0,0,1,ZERO_VOL,104.5
2026-03-25 10:11:39.026758,10:11,25,3,2026,2,5,23294.0,23294.0,23294.0,23294.0,0.0,23294.0,0.0,0.0,23294.0,1.0,0.0,0.0,0.0,regular,0,0,0,0,0,0,1,ZERO_VOL,53.5
2026-03-25 10:11:39.104734,10:11,25,3,2026,2,5,23293.5,23293.5,23293.5,23293.5,0.0,23293.5,0.0,0.0,23293.5,1.0,0.0,0.0,0.0,regular,0,0,0,0,0,0,1,ZERO_VOL,77.5
2026-03-25 10:11:40.541195,10:11,25,3,2026,2,5,23294.0,23294.0,23294.0,23294.0,0.0,23294.0,0.0,0.0,23294.0,1.0,0.0,0.0,0.0,regular,0,0,0,0,0,0,1,ZERO_VOL,100.5
2026-03-25 10:11:40.603700,10:11,25,3,2026,2,5,23295.45,23295.45,23295.45,23295.45,0.0,23295.45,0.0,0.0,23295.45,1.0,0.0,0.0,0.0,regular,0,0,0,0,0,0,1,ZERO_VOL,62.0
2026-03-25 10:11:40.698180,10:11,25,3,2026,2,5,23294.1,23294.1,23294.1,23294.1,0.0,23294.1,0.0,0.0,23294.1,1.0,0.0,0.0,0.0,regular,0,0,0,0,0,0,1,ZERO_VOL,94.0
2026-03-25 10:11:40.875867,10:11,25,3,2026,2,5,23293.75,23293.75,23293.75,23293.75,0.0,23293.75,0.0,0.0,23293.75,1.0,0.0,0.0,0.0,regular,0,0,0,0,0,0,1,ZERO_VOL,177.2
2026-03-25 10:11:40.961348,10:11,25,3,2026,2,5,23294.1,23294.1,23294.1,23294.1,0.0,23294.1,0.0,0.0,23294.1,1.0,0.0,0.0,0.0,regular,0,0,0,0,0,0,1,ZERO_VOL,85.0
2026-03-25 10:11:42.544033,10:11,25,3,2026,2,5,23294.9,23294.9,23294.9,23294.9,0.0,23294.9,0.0,0.0,23294.9,1.0,0.0,0.0,0.0,regular,0,0,0,0,0,0,1,ZERO_VOL,85.9
2026-03-25 10:11:42.605809,10:11,25,3,2026,2,5,23294.45,23294.45,23294.45,23294.45,0.0,23294.45,0.0,0.0,23294.45,1.0,0.0,0.0,0.0,regular,0,0,0,0,0,0,1,ZERO_VOL,61.3
2026-03-25 10:11:42.708786,10:11,25,3,2026,2,5,23294.75,23294.75,23294.75,23294.75,0.0,23294.75,0.0,0.0,23294.75,1.0,0.0,0.0,0.0,regular,0,0,0,0,0,0,1,ZERO_VOL,102.5
2026-03-25 10:11:42.807107,10:11,25,3,2026,2,5,23294.9,23294.9,23294.9,23294.9,0.0,23294.9,0.0,0.0,23294.9,1.0,0.0,0.0,0.0,regular,0,0,0,0,0,0,1,ZERO_VOL,97.8
2026-03-25 10:11:42.982557,10:11,25,3,2026,2,5,23294.9,23294.9,23294.9,23294.9,0.0,23294.9,0.0,0.0,23294.9,1.0,0.0,0.0,0.0,regular,0,0,0,0,0,0,1,ZERO_VOL,175.0
2026-03-25 10:11:45.143630,10:11,25,3,2026,2,5,23294.8,23294.8,23294.8,23294.8,0.0,23294.8,0.0,0.0,23294.8,1.0,0.0,0.0,0.0,regular,0,0,0,0,0,0,1,ZERO_VOL,94.7
2026-03-25 10:11:45.271160,10:11,25,3,2026,2,5,23295.8,23295.8,23295.8,23295.8,0.0,23295.8,0.0,0.0,23295.8,1.0,0.0,0.0,0.0,regular,0,0,0,0,0,0,1,ZERO_VOL,127.1
2026-03-25 10:11:45.359709,10:11,25,3,2026,2,5,23295.8,23295.8,23295.8,23295.8,0.0,23295.8,0.0,0.0,23295.8,1.0,0.0,0.0,0.0,regular,0,0,0,0,0,0,1,ZERO_VOL,88.0
2026-03-25 10:11:45.417944,10:11,25,3,2026,2,5,23294.1,23294.1,23294.1,23294.1,0.0,23294.1,0.0,0.0,23294.1,1.0,0.0,0.0,0.0,regular,0,0,0,0,0,0,1,ZERO_VOL,57.8
2026-03-25 10:11:45.563949,10:11,25,3,2026,2,5,23295.4,23295.4,23295.4,23295.4,0.0,23295.4,0.0,0.0,23295.4,1.0,0.0,0.0,0.0,regular,0,0,0,0,0,0,1,ZERO_VOL,145.5
2026-03-25 10:11:47.190885,10:11,25,3,2026,2,5,23294.9,23294.9,23294.9,23294.9,0.0,23294.9,0.0,0.0,23294.9,1.0,0.0,0.0,0.0,regular,0,0,0,0,0,0,1,ZERO_VOL,56.9
2026-03-25 10:11:47.282589,10:11,25,3,2026,2,5,23294.9,23294.9,23294.9,23294.9,0.0,23294.9,0.0,0.0,23294.9,1.0,0.0,0.0,0.0,regular,0,0,0,0,0,0,1,ZERO_VOL,91.2
2026-03-25 10:11:47.371498,10:11,25,3,2026,2,5,23294.0,23294.0,23294.0,23294.0,0.0,23294.0,0.0,0.0,23294.0,1.0,0.0,0.0,0.0,regular,0,0,0,0,0,0,1,ZERO_VOL,88.4
2026-03-25 10:11:47.506927,10:11,25,3,2026,2,5,23295.8,23295.8,23295.8,23295.8,0.0,23295.8,0.0,0.0,23295.8,1.0,0.0,0.0,0.0,regular,0,0,0,0,0,0,1,ZERO_VOL,134.9
2026-03-25 10:11:47.676781,10:11,25,3,2026,2,5,23295.8,23295.8,23295.8,23295.8,0.0,23295.8,0.0,0.0,23295.8,1.0,0.0,0.0,0.0,regular,0,0,0,0,0,0,1,ZERO_VOL,169.3
2026-03-25 10:11:49.309616,10:11,25,3,2026,2,5,23299.3,23299.3,23299.3,23299.3,0.0,23299.3,0.0,0.0,23299.3,1.0,0.0,0.0,0.0,regular,0,0,0,0,0,0,1,ZERO_VOL,158.0
2026-03-25 10:11:49.370356,10:11,25,3,2026,2,5,23294.9,23294.9,23294.9,23294.9,0.0,23294.9,0.0,0.0,23294.9,1.0,0.0,0.0,0.0,regular,0,0,0,0,0,0,1,ZERO_VOL,60.3
2026-03-25 10:11:49.525021,10:11,25,3,2026,2,5,23299.3,23299.3,23299.3,23299.3,0.0,23299.3,0.0,0.0,23299.3,1.0,0.0,0.0,0.0,regular,0,0,0,0,0,0,1,ZERO_VOL,154.1
2026-03-25 10:11:49.580048,10:11,25,3,2026,2,5,23294.9,23294.9,23294.9,23294.9,0.0,23294.9,0.0,0.0,23294.9,1.0,0.0,0.0,0.0,regular,0,0,0,0,0,0,1,ZERO_VOL,54.4
2026-03-25 10:11:49.645338,10:11,25,3,2026,2,5,23294.8,23294.8,23294.8,23294.8,0.0,23294.8,0.0,0.0,23294.8,1.0,0.0,0.0,0.0,regular,0,0,0,0,0,0,1,ZERO_VOL,64.4
2026-03-25 10:11:51.492218,10:11,25,3,2026,2,5,23302.9,23302.9,23302.9,23302.9,0.0,23302.9,0.0,0.0,23302.9,1.0,0.0,0.0,0.0,regular,0,0,0,0,0,0,1,ZERO_VOL,179.7
2026-03-25 10:11:51.548105,10:11,25,3,2026,2,5,23295.8,23295.8,23295.8,23295.8,0.0,23295.8,0.0,0.0,23295.8,1.0,0.0,0.0,0.0,regular,0,0,0,0,0,0,1,ZERO_VOL,55.3
2026-03-25 10:11:51.602816,10:11,25,3,2026,2,5,23294.8,23294.8,23294.8,23294.8,0.0,23294.8,0.0,0.0,23294.8,1.0,0.0,0.0,0.0,regular,0,0,0,0,0,0,1,ZERO_VOL,54.2
2026-03-25 10:11:51.697406,10:11,25,3,2026,2,5,23304.85,23304.85,23304.85,23304.85,0.0,23304.85,0.0,0.0,23304.85,1.0,0.0,0.0,0.0,regular,0,0,0,0,0,0,1,ZERO_VOL,94.1
2026-03-25 10:11:51.779428,10:11,25,3,2026,2,5,23304.85,23304.85,23304.85,23304.85,0.0,23304.85,0.0,0.0,23304.85,1.0,0.0,0.0,0.0,regular,0,0,0,0,0,0,1,ZERO_VOL,81.5
2026-03-25 10:11:53.701545,10:11,25,3,2026,2,5,23302.15,23302.15,23302.15,23302.15,0.0,23302.15,0.0,0.0,23302.15,1.0,0.0,0.0,0.0,regular,0,0,0,0,0,0,1,ZERO_VOL,95.1
2026-03-25 10:11:53.868713,10:11,25,3,2026,2,5,23301.8,23301.8,23301.8,23301.8,0.0,23301.8,0.0,0.0,23301.8,1.0,0.0,0.0,0.0,regular,0,0,0,0,0,0,1,ZERO_VOL,166.7
2026-03-25 10:11:53.933056,10:11,25,3,2026,2,5,23302.9,23302.9,23302.9,23302.9,0.0,23302.9,0.0,0.0,23302.9,1.0,0.0,0.0,0.0,regular,0,0,0,0,0,0,1,ZERO_VOL,63.8
2026-03-25 10:11:54.009349,10:11,25,3,2026,2,5,23302.15,23302.15,23302.15,23302.15,0.0,23302.15,0.0,0.0,23302.15,1.0,0.0,0.0,0.0,regular,0,0,0,0,0,0,1,ZERO_VOL,75.8
2026-03-25 10:11:54.096920,10:11,25,3,2026,2,5,23302.15,23302.15,23302.15,23302.15,0.0,23302.15,0.0,0.0,23302.15,1.0,0.0,0.0,0.0,regular,0,0,0,0,0,0,1,ZERO_VOL,87.1
2026-03-25 10:11:55.646405,10:11,25,3,2026,2,5,23302.4,23302.4,23302.4,23302.4,0.0,23302.4,0.0,0.0,23302.4,1.0,0.0,0.0,0.0,regular,0,0,0,0,0,0,1,ZERO_VOL,91.2
2026-03-25 10:11:55.711747,10:11,25,3,2026,2,5,23295.8,23295.8,23295.8,23295.8,0.0,23295.8,0.0,0.0,23295.8,1.0,0.0,0.0,0.0,regular,0,0,0,0,0,0,1,ZERO_VOL,64.8
2026-03-25 10:11:55.802526,10:11,25,3,2026,2,5,23302.4,23302.4,23302.4,23302.4,0.0,23302.4,0.0,0.0,23302.4,1.0,0.0,0.0,0.0,regular,0,0,0,0,0,0,1,ZERO_VOL,89.9
2026-03-25 10:11:55.981194,10:11,25,3,2026,2,5,23300.85,23300.85,23300.85,23300.85,0.0,23300.85,0.0,0.0,23300.85,1.0,0.0,0.0,0.0,regular,0,0,0,0,0,0,1,ZERO_VOL,178.1
2026-03-25 10:11:56.085090,10:11,25,3,2026,2,5,23302.4,23302.4,23302.4,23302.4,0.0,23302.4,0.0,0.0,23302.4,1.0,0.0,0.0,0.0,regular,0,0,0,0,0,0,1,ZERO_VOL,103.4
2026-03-25 10:11:57.721616,10:11,25,3,2026,2,5,23302.1,23302.1,23302.1,23302.1,0.0,23302.1,0.0,0.0,23302.1,1.0,0.0,0.0,0.0,regular,0,0,0,0,0,0,1,ZERO_VOL,144.4
2026-03-25 10:11:57.787174,10:11,25,3,2026,2,5,23302.15,23302.15,23302.15,23302.15,0.0,23302.15,0.0,0.0,23302.15,1.0,0.0,0.0,0.0,regular,0,0,0,0,0,0,1,ZERO_VOL,65.0
2026-03-25 10:11:57.937754,10:11,25,3,2026,2,5,23302.1,23302.1,23302.1,23302.1,0.0,23302.1,0.0,0.0,23302.1,1.0,0.0,0.0,0.0,regular,0,0,0,0,0,0,1,ZERO_VOL,150.0
2026-03-25 10:11:58.042870,10:11,25,3,2026,2,5,23303.05,23303.05,23303.05,23303.05,0.0,23303.05,0.0,0.0,23303.05,1.0,0.0,0.0,0.0,regular,0,0,0,0,0,0,1,ZERO_VOL,104.6
2026-03-25 10:11:58.139935,10:11,25,3,2026,2,5,23303.05,23303.05,23303.05,23303.05,0.0,23303.05,0.0,0.0,23303.05,1.0,0.0,0.0,0.0,regular,0,0,0,0,0,0,1,ZERO_VOL,96.5
2026-03-25 10:11:59.772877,10:11,25,3,2026,2,5,23302.25,23302.25,23302.25,23302.25,0.0,23302.25,0.0,0.0,23302.25,1.0,0.0,0.0,0.0,regular,0,0,0,0,0,0,1,ZERO_VOL,204.9
2026-03-25 10:11:59.877304,10:11,25,3,2026,2,5,23303.6,23303.6,23303.6,23303.6,0.0,23303.6,0.0,0.0,23303.6,1.0,0.0,0.0,0.0,regular,0,0,0,0,0,0,1,ZERO_VOL,103.8
2026-03-25 10:11:59.983615,10:11,25,3,2026,2,5,23303.6,23303.6,23303.6,23303.6,0.0,23303.6,0.0,0.0,23303.6,1.0,0.0,0.0,0.0,regular,0,0,0,0,0,0,1,ZERO_VOL,105.8
2026-03-25 10:12:00.042179,10:12,25,3,2026,2,5,23300.85,23300.85,23300.85,23300.85,0.0,23300.85,0.0,0.0,23300.85,1.0,0.0,0.0,0.0,regular,0,0,0,0,0,0,1,ZERO_VOL,58.1
2026-03-25 10:12:00.199432,10:12,25,3,2026,2,5,23301.05,23301.05,23301.05,23301.05,0.0,23301.05,0.0,0.0,23301.05,1.0,0.0,0.0,0.0,regular,0,0,0,0,0,0,1,ZERO_VOL,156.8
2026-03-25 10:12:01.997955,10:12,25,3,2026,2,5,23289.7,23304.85,23284.95,23303.35,0.0,23297.72,19.9,0.0586,23297.72,1.0009,68.59,1.5,4.75,regular,0,0,0,0,0,0,1,ZERO_VOL,107.2
2026-03-25 10:12:02.094387,10:12,25,3,2026,2,5,23289.7,23304.85,23284.95,23303.35,0.0,23297.72,19.9,0.0586,23297.72,1.0009,68.59,1.5,4.75,regular,0,0,0,0,0,0,1,ZERO_VOL,95.7
2026-03-25 10:12:02.187778,10:12,25,3,2026,2,5,23289.7,23304.85,23284.95,23303.35,0.0,23297.72,19.9,0.0586,23297.72,1.0009,68.59,1.5,4.75,regular,0,0,0,0,0,0,1,ZERO_VOL,92.8
2026-03-25 10:12:02.271850,10:12,25,3,2026,2,5,23302.4,23302.4,23302.4,23302.4,0.0,23302.4,0.0,0.0,23302.4,1.0,0.0,0.0,0.0,regular,0,0,0,0,0,0,1,ZERO_VOL,83.6
2026-03-25 10:12:02.373898,10:12,25,3,2026,2,5,23304.0,23304.0,23304.0,23304.0,0.0,23304.0,0.0,0.0,23304.0,1.0,0.0,0.0,0.0,regular,0,0,0,0,0,0,1,ZERO_VOL,101.6
2026-03-25 10:12:04.036318,10:12,25,3,2026,2,5,23304.45,23304.45,23304.45,23304.45,0.0,23304.45,0.0,0.0,23304.45,1.0,0.0,0.0,0.0,regular,0,0,0,0,0,0,1,ZERO_VOL,102.5
2026-03-25 10:12:04.138545,10:12,25,3,2026,2,5,23304.45,23304.45,23304.45,23304.45,0.0,23304.45,0.0,0.0,23304.45,1.0,0.0,0.0,0.0,regular,0,0,0,0,0,0,1,ZERO_VOL,101.7
2026-03-25 10:12:04.328037,10:12,25,3,2026,2,5,23303.25,23303.25,23303.25,23303.25,0.0,23303.25,0.0,0.0,23303.25,1.0,0.0,0.0,0.0,regular,0,0,0,0,0,0,1,ZERO_VOL,188.9
2026-03-25 10:12:04.383204,10:12,25,3,2026,2,5,23304.0,23304.0,23304.0,23304.0,0.0,23304.0,0.0,0.0,23304.0,1.0,0.0,0.0,0.0,regular,0,0,0,0,0,0,1,ZERO_VOL,54.7
2026-03-25 10:12:04.457604,10:12,25,3,2026,2,5,23301.05,23301.05,23301.05,23301.05,0.0,23301.05,0.0,0.0,23301.05,1.0,0.0,0.0,0.0,regular,0,0,0,0,0,0,1,ZERO_VOL,73.9
2026-03-25 10:12:06.219371,10:12,25,3,2026,2,5,23304.2,23304.2,23304.2,23304.2,0.0,23304.2,0.0,0.0,23304.2,1.0,0.0,0.0,0.0,regular,0,0,0,0,0,0,1,ZERO_VOL,106.1
2026-03-25 10:12:06.368779,10:12,25,3,2026,2,5,23303.9,23303.9,23303.9,23303.9,0.0,23303.9,0.0,0.0,23303.9,1.0,0.0,0.0,0.0,regular,0,0,0,0,0,0,1,ZERO_VOL,148.9
2026-03-25 10:12:06.430479,10:12,25,3,2026,2,5,23303.6,23303.6,23303.6,23303.6,0.0,23303.6,0.0,0.0,23303.6,1.0,0.0,0.0,0.0,regular,0,0,0,0,0,0,1,ZERO_VOL,61.2
2026-03-25 10:12:06.572121,10:12,25,3,2026,2,5,23304.25,23304.25,23304.25,23304.25,0.0,23304.25,0.0,0.0,23304.25,1.0,0.0,0.0,0.0,regular,0,0,0,0,0,0,1,ZERO_VOL,140.9
2026-03-25 10:12:06.645376,10:12,25,3,2026,2,5,23303.25,23303.25,23303.25,23303.25,0.0,23303.25,0.0,0.0,23303.25,1.0,0.0,0.0,0.0,regular,0,0,0,0,0,0,1,ZERO_VOL,72.8
2026-03-25 10:12:08.412996,10:12,25,3,2026,2,5,23303.45,23303.45,23303.45,23303.45,0.0,23303.45,0.0,0.0,23303.45,1.0,0.0,0.0,0.0,regular,0,0,0,0,0,0,1,ZERO_VOL,83.3
2026-03-25 10:12:08.469891,10:12,25,3,2026,2,5,23302.25,23302.25,23302.25,23302.25,0.0,23302.25,0.0,0.0,23302.25,1.0,0.0,0.0,0.0,regular,0,0,0,0,0,0,1,ZERO_VOL,56.4
2026-03-25 10:12:08.531981,10:12,25,3,2026,2,5,23289.7,23304.85,23284.95,23303.35,0.0,23297.72,19.9,0.0586,23297.72,1.0009,68.59,1.5,4.75,regular,0,0,0,0,0,0,1,ZERO_VOL,61.5
2026-03-25 10:12:08.616539,10:12,25,3,2026,2,5,23303.45,23303.45,23303.45,23303.45,0.0,23303.45,0.0,0.0,23303.45,1.0,0.0,0.0,0.0,regular,0,0,0,0,0,0,1,ZERO_VOL,83.9
2026-03-25 10:12:08.705448,10:12,25,3,2026,2,5,23303.45,23303.45,23303.45,23303.45,0.0,23303.45,0.0,0.0,23303.45,1.0,0.0,0.0,0.0,regular,0,0,0,0,0,0,1,ZERO_VOL,88.5
2026-03-25 10:12:10.195570,10:12,25,3,2026,2,5,23304.2,23304.2,23304.2,23304.2,0.0,23304.2,0.0,0.0,23304.2,1.0,0.0,0.0,0.0,regular,0,0,0,0,0,0,1,ZERO_VOL,54.7
2026-03-25 10:12:10.340473,10:12,25,3,2026,2,5,23299.75,23299.75,23299.75,23299.75,0.0,23299.75,0.0,0.0,23299.75,1.0,0.0,0.0,0.0,regular,0,0,0,0,0,0,1,ZERO_VOL,144.3
2026-03-25 10:12:10.493287,10:12,25,3,2026,2,5,23300.25,23300.25,23300.25,23300.25,0.0,23300.25,0.0,0.0,23300.25,1.0,0.0,0.0,0.0,regular,0,0,0,0,0,0,1,ZERO_VOL,152.4
2026-03-25 10:12:10.569072,10:12,25,3,2026,2,5,23300.25,23300.25,23300.25,23300.25,0.0,23300.25,0.0,0.0,23300.25,1.0,0.0,0.0,0.0,regular,0,0,0,0,0,0,1,ZERO_VOL,75.3
2026-03-25 10:12:10.656651,10:12,25,3,2026,2,5,23304.2,23304.2,23304.2,23304.2,0.0,23304.2,0.0,0.0,23304.2,1.0,0.0,0.0,0.0,regular,0,0,0,0,0,0,1,ZERO_VOL,87.1
2026-03-25 10:12:12.367003,10:12,25,3,2026,2,5,23300.55,23300.55,23300.55,23300.55,0.0,23300.55,0.0,0.0,23300.55,1.0,0.0,0.0,0.0,regular,0,0,0,0,0,0,1,ZERO_VOL,148.0
2026-03-25 10:12:12.472552,10:12,25,3,2026,2,5,23300.3,23300.3,23300.3,23300.3,0.0,23300.3,0.0,0.0,23300.3,1.0,0.0,0.0,0.0,regular,0,0,0,0,0,0,1,ZERO_VOL,105.1
2026-03-25 10:12:12.617678,10:12,25,3,2026,2,5,23300.55,23300.55,23300.55,23300.55,0.0,23300.55,0.0,0.0,23300.55,1.0,0.0,0.0,0.0,regular,0,0,0,0,0,0,1,ZERO_VOL,144.6
2026-03-25 10:12:12.712846,10:12,25,3,2026,2,5,23300.3,23300.3,23300.3,23300.3,0.0,23300.3,0.0,0.0,23300.3,1.0,0.0,0.0,0.0,regular,0,0,0,0,0,0,1,ZERO_VOL,94.6
2026-03-25 10:12:12.795072,10:12,25,3,2026,2,5,23303.25,23303.25,23303.25,23303.25,0.0,23303.25,0.0,0.0,23303.25,1.0,0.0,0.0,0.0,regular,0,0,0,0,0,0,1,ZERO_VOL,81.7
2026-03-25 10:12:14.342814,10:12,25,3,2026,2,5,23300.9,23300.9,23300.9,23300.9,0.0,23300.9,0.0,0.0,23300.9,1.0,0.0,0.0,0.0,regular,0,0,0,0,0,0,1,ZERO_VOL,130.6
2026-03-25 10:12:14.500096,10:12,25,3,2026,2,5,23300.9,23300.9,23300.9,23300.9,0.0,23300.9,0.0,0.0,23300.9,1.0,0.0,0.0,0.0,regular,0,0,0,0,0,0,1,ZERO_VOL,156.8
2026-03-25 10:12:14.608222,10:12,25,3,2026,2,5,23300.9,23300.9,23300.9,23300.9,0.0,23300.9,0.0,0.0,23300.9,1.0,0.0,0.0,0.0,regular,0,0,0,0,0,0,1,ZERO_VOL,107.6
2026-03-25 10:12:14.708642,10:12,25,3,2026,2,5,23300.9,23300.9,23300.9,23300.9,0.0,23300.9,0.0,0.0,23300.9,1.0,0.0,0.0,0.0,regular,0,0,0,0,0,0,1,ZERO_VOL,99.9
2026-03-25 10:12:14.762763,10:12,25,3,2026,2,5,23304.25,23304.25,23304.25,23304.25,0.0,23304.25,0.0,0.0,23304.25,1.0,0.0,0.0,0.0,regular,0,0,0,0,0,0,1,ZERO_VOL,53.6
2026-03-25 10:12:16.297780,10:12,25,3,2026,2,5,23303.45,23303.45,23303.45,23303.45,0.0,23303.45,0.0,0.0,23303.45,1.0,0.0,0.0,0.0,regular,0,0,0,0,0,0,1,ZERO_VOL,55.2
2026-03-25 10:12:16.425282,10:12,25,3,2026,2,5,23303.35,23303.35,23303.35,23303.35,0.0,23303.35,0.0,0.0,23303.35,1.0,0.0,0.0,0.0,regular,0,0,0,0,0,0,1,ZERO_VOL,127.0
2026-03-25 10:12:16.507491,10:12,25,3,2026,2,5,23303.35,23303.35,23303.35,23303.35,0.0,23303.35,0.0,0.0,23303.35,1.0,0.0,0.0,0.0,regular,0,0,0,0,0,0,1,ZERO_VOL,81.7
2026-03-25 10:12:16.615355,10:12,25,3,2026,2,5,23303.35,23303.35,23303.35,23303.35,0.0,23303.35,0.0,0.0,23303.35,1.0,0.0,0.0,0.0,regular,0,0,0,0,0,0,1,ZERO_VOL,107.3
2026-03-25 10:12:16.710888,10:12,25,3,2026,2,5,23303.35,23303.35,23303.35,23303.35,0.0,23303.35,0.0,0.0,23303.35,1.0,0.0,0.0,0.0,regular,0,0,0,0,0,0,1,ZERO_VOL,95.0
2026-03-25 10:12:18.261838,10:12,25,3,2026,2,5,23303.45,23303.45,23303.45,23303.45,0.0,23303.45,0.0,0.0,23303.45,1.0,0.0,0.0,0.0,regular,0,0,0,0,0,0,1,ZERO_VOL,53.2
2026-03-25 10:12:18.323698,10:12,25,3,2026,2,5,23300.55,23300.55,23300.55,23300.55,0.0,23300.55,0.0,0.0,23300.55,1.0,0.0,0.0,0.0,regular,0,0,0,0,0,0,1,ZERO_VOL,61.3
2026-03-25 10:12:18.380728,10:12,25,3,2026,2,5,23300.55,23300.55,23300.55,23300.55,0.0,23300.55,0.0,0.0,23300.55,1.0,0.0,0.0,0.0,regular,0,0,0,0,0,0,1,ZERO_VOL,56.6
2026-03-25 10:12:18.439226,10:12,25,3,2026,2,5,23300.25,23300.25,23300.25,23300.25,0.0,23300.25,0.0,0.0,23300.25,1.0,0.0,0.0,0.0,regular,0,0,0,0,0,0,1,ZERO_VOL,58.0
2026-03-25 10:12:18.499026,10:12,25,3,2026,2,5,23300.3,23300.3,23300.3,23300.3,0.0,23300.3,0.0,0.0,23300.3,1.0,0.0,0.0,0.0,regular,0,0,0,0,0,0,1,ZERO_VOL,59.3
2026-03-25 10:12:20.344885,10:12,25,3,2026,2,5,23303.05,23303.05,23303.05,23303.05,0.0,23303.05,0.0,0.0,23303.05,1.0,0.0,0.0,0.0,regular,0,0,0,0,0,0,1,ZERO_VOL,141.4
2026-03-25 10:12:20.403817,10:12,25,3,2026,2,5,23300.25,23300.25,23300.25,23300.25,0.0,23300.25,0.0,0.0,23300.25,1.0,0.0,0.0,0.0,regular,0,0,0,0,0,0,1,ZERO_VOL,58.4
2026-03-25 10:12:20.558830,10:12,25,3,2026,2,5,23302.5,23302.5,23302.5,23302.5,0.0,23302.5,0.0,0.0,23302.5,1.0,0.0,0.0,0.0,regular,0,0,0,0,0,0,1,ZERO_VOL,154.5
2026-03-25 10:12:20.642887,10:12,25,3,2026,2,5,23302.5,23302.5,23302.5,23302.5,0.0,23302.5,0.0,0.0,23302.5,1.0,0.0,0.0,0.0,regular,0,0,0,0,0,0,1,ZERO_VOL,83.5
2026-03-25 10:12:20.781180,10:12,25,3,2026,2,5,23302.5,23302.5,23302.5,23302.5,0.0,23302.5,0.0,0.0,23302.5,1.0,0.0,0.0,0.0,regular,0,0,0,0,0,0,1,ZERO_VOL,137.8
2026-03-25 10:12:22.362798,10:12,25,3,2026,2,5,23302.0,23302.0,23302.0,23302.0,0.0,23302.0,0.0,0.0,23302.0,1.0,0.0,0.0,0.0,regular,0,0,0,0,0,0,1,ZERO_VOL,79.2
2026-03-25 10:12:22.417420,10:12,25,3,2026,2,5,23303.35,23303.35,23303.35,23303.35,0.0,23303.35,0.0,0.0,23303.35,1.0,0.0,0.0,0.0,regular,0,0,0,0,0,0,1,ZERO_VOL,54.1
2026-03-25 10:12:22.534126,10:12,25,3,2026,2,5,23304.0,23304.0,23304.0,23304.0,0.0,23304.0,0.0,0.0,23304.0,1.0,0.0,0.0,0.0,regular,0,0,0,0,0,0,1,ZERO_VOL,116.2
2026-03-25 10:12:22.591554,10:12,25,3,2026,2,5,23302.5,23302.5,23302.5,23302.5,0.0,23302.5,0.0,0.0,23302.5,1.0,0.0,0.0,0.0,regular,0,0,0,0,0,0,1,ZERO_VOL,56.9
2026-03-25 10:12:22.648157,10:12,25,3,2026,2,5,23303.35,23303.35,23303.35,23303.35,0.0,23303.35,0.0,0.0,23303.35,1.0,0.0,0.0,0.0,regular,0,0,0,0,0,0,1,ZERO_VOL,56.1
2026-03-25 10:12:24.773349,10:12,25,3,2026,2,5,23301.95,23301.95,23301.95,23301.95,0.0,23301.95,0.0,0.0,23301.95,1.0,0.0,0.0,0.0,regular,0,0,0,0,0,0,1,ZERO_VOL,93.8
2026-03-25 10:12:24.949780,10:12,25,3,2026,2,5,23303.0,23303.0,23303.0,23303.0,0.0,23303.0,0.0,0.0,23303.0,1.0,0.0,0.0,0.0,regular,0,0,0,0,0,0,1,ZERO_VOL,175.9
2026-03-25 10:12:25.033878,10:12,25,3,2026,2,5,23302.5,23302.5,23302.5,23302.5,0.0,23302.5,0.0,0.0,23302.5,1.0,0.0,0.0,0.0,regular,0,0,0,0,0,0,1,ZERO_VOL,83.6
2026-03-25 10:12:25.131318,10:12,25,3,2026,2,5,23301.95,23301.95,23301.95,23301.95,0.0,23301.95,0.0,0.0,23301.95,1.0,0.0,0.0,0.0,regular,0,0,0,0,0,0,1,ZERO_VOL,97.0
2026-03-25 10:12:25.311788,10:12,25,3,2026,2,5,23303.0,23303.0,23303.0,23303.0,0.0,23303.0,0.0,0.0,23303.0,1.0,0.0,0.0,0.0,regular,0,0,0,0,0,0,1,ZERO_VOL,179.9
2026-03-25 10:12:27.029850,10:12,25,3,2026,2,5,23303.55,23303.55,23303.55,23303.55,0.0,23303.55,0.0,0.0,23303.55,1.0,0.0,0.0,0.0,regular,0,0,0,0,0,0,1,ZERO_VOL,87.2
2026-03-25 10:12:27.178275,10:12,25,3,2026,2,5,23303.55,23303.55,23303.55,23303.55,0.0,23303.55,0.0,0.0,23303.55,1.0,0.0,0.0,0.0,regular,0,0,0,0,0,0,1,ZERO_VOL,147.9
2026-03-25 10:12:27.306736,10:12,25,3,2026,2,5,23302.2,23302.2,23302.2,23302.2,0.0,23302.2,0.0,0.0,23302.2,1.0,0.0,0.0,0.0,regular,0,0,0,0,0,0,1,ZERO_VOL,127.9
2026-03-25 10:12:27.402583,10:12,25,3,2026,2,5,23303.55,23303.55,23303.55,23303.55,0.0,23303.55,0.0,0.0,23303.55,1.0,0.0,0.0,0.0,regular,0,0,0,0,0,0,1,ZERO_VOL,95.3
2026-03-25 10:12:27.567491,10:12,25,3,2026,2,5,23303.2,23303.2,23303.2,23303.2,0.0,23303.2,0.0,0.0,23303.2,1.0,0.0,0.0,0.0,regular,0,0,0,0,0,0,1,ZERO_VOL,164.0
2026-03-25 10:12:29.277005,10:12,25,3,2026,2,5,23302.5,23302.5,23302.5,23302.5,0.0,23302.5,0.0,0.0,23302.5,1.0,0.0,0.0,0.0,regular,0,0,0,0,0,0,1,ZERO_VOL,151.5
2026-03-25 10:12:29.384210,10:12,25,3,2026,2,5,23303.3,23303.3,23303.3,23303.3,0.0,23303.3,0.0,0.0,23303.3,1.0,0.0,0.0,0.0,regular,0,0,0,0,0,0,1,ZERO_VOL,106.7
2026-03-25 10:12:29.503492,10:12,25,3,2026,2,5,23302.5,23302.5,23302.5,23302.5,0.0,23302.5,0.0,0.0,23302.5,1.0,0.0,0.0,0.0,regular,0,0,0,0,0,0,1,ZERO_VOL,118.8
2026-03-25 10:12:29.564408,10:12,25,3,2026,2,5,23304.0,23304.0,23304.0,23304.0,0.0,23304.0,0.0,0.0,23304.0,1.0,0.0,0.0,0.0,regular,0,0,0,0,0,0,1,ZERO_VOL,60.4
2026-03-25 10:12:29.626701,10:12,25,3,2026,2,5,23301.95,23301.95,23301.95,23301.95,0.0,23301.95,0.0,0.0,23301.95,1.0,0.0,0.0,0.0,regular,0,0,0,0,0,0,1,ZERO_VOL,61.7
2026-03-25 10:12:31.250474,10:12,25,3,2026,2,5,23302.85,23302.85,23302.85,23302.85,0.0,23302.85,0.0,0.0,23302.85,1.0,0.0,0.0,0.0,regular,0,0,0,0,0,0,1,ZERO_VOL,174.2
2026-03-25 10:12:31.427653,10:12,25,3,2026,2,5,23302.85,23302.85,23302.85,23302.85,0.0,23302.85,0.0,0.0,23302.85,1.0,0.0,0.0,0.0,regular,0,0,0,0,0,0,1,ZERO_VOL,176.7
2026-03-25 10:12:31.503337,10:12,25,3,2026,2,5,23302.85,23302.85,23302.85,23302.85,0.0,23302.85,0.0,0.0,23302.85,1.0,0.0,0.0,0.0,regular,0,0,0,0,0,0,1,ZERO_VOL,75.1
2026-03-25 10:12:31.557154,10:12,25,3,2026,2,5,23303.0,23303.0,23303.0,23303.0,0.0,23303.0,0.0,0.0,23303.0,1.0,0.0,0.0,0.0,regular,0,0,0,0,0,0,1,ZERO_VOL,53.3
2026-03-25 10:12:31.624177,10:12,25,3,2026,2,5,23303.2,23303.2,23303.2,23303.2,0.0,23303.2,0.0,0.0,23303.2,1.0,0.0,0.0,0.0,regular,0,0,0,0,0,0,1,ZERO_VOL,66.5
2026-03-25 10:12:33.256432,10:12,25,3,2026,2,5,23303.0,23303.0,23303.0,23303.0,0.0,23303.0,0.0,0.0,23303.0,1.0,0.0,0.0,0.0,regular,0,0,0,0,0,0,1,ZERO_VOL,96.3
2026-03-25 10:12:33.309827,10:12,25,3,2026,2,5,23303.2,23303.2,23303.2,23303.2,0.0,23303.2,0.0,0.0,23303.2,1.0,0.0,0.0,0.0,regular,0,0,0,0,0,0,1,ZERO_VOL,52.9
2026-03-25 10:12:33.364934,10:12,25,3,2026,2,5,23303.55,23303.55,23303.55,23303.55,0.0,23303.55,0.0,0.0,23303.55,1.0,0.0,0.0,0.0,regular,0,0,0,0,0,0,1,ZERO_VOL,54.7
2026-03-25 10:12:33.421084,10:12,25,3,2026,2,5,23303.0,23303.0,23303.0,23303.0,0.0,23303.0,0.0,0.0,23303.0,1.0,0.0,0.0,0.0,regular,0,0,0,0,0,0,1,ZERO_VOL,55.7
2026-03-25 10:12:33.477229,10:12,25,3,2026,2,5,23302.5,23302.5,23302.5,23302.5,0.0,23302.5,0.0,0.0,23302.5,1.0,0.0,0.0,0.0,regular,0,0,0,0,0,0,1,ZERO_VOL,55.7
2026-03-25 10:12:35.254605,10:12,25,3,2026,2,5,23303.55,23303.55,23303.55,23303.55,0.0,23303.55,0.0,0.0,23303.55,1.0,0.0,0.0,0.0,regular,0,0,0,0,0,0,1,ZERO_VOL,57.5
2026-03-25 10:12:35.323175,10:12,25,3,2026,2,5,23303.55,23303.55,23303.55,23303.55,0.0,23303.55,0.0,0.0,23303.55,1.0,0.0,0.0,0.0,regular,0,0,0,0,0,0,1,ZERO_VOL,68.1
2026-03-25 10:12:35.421602,10:12,25,3,2026,2,5,23302.65,23302.65,23302.65,23302.65,0.0,23302.65,0.0,0.0,23302.65,1.0,0.0,0.0,0.0,regular,0,0,0,0,0,0,1,ZERO_VOL,97.9
2026-03-25 10:12:35.539875,10:12,25,3,2026,2,5,23302.25,23302.25,23302.25,23302.25,0.0,23302.25,0.0,0.0,23302.25,1.0,0.0,0.0,0.0,regular,0,0,0,0,0,0,1,ZERO_VOL,117.7
2026-03-25 10:12:35.634868,10:12,25,3,2026,2,5,23302.65,23302.65,23302.65,23302.65,0.0,23302.65,0.0,0.0,23302.65,1.0,0.0,0.0,0.0,regular,0,0,0,0,0,0,1,ZERO_VOL,94.5
2026-03-25 10:12:37.229839,10:12,25,3,2026,2,5,23302.85,23302.85,23302.85,23302.85,0.0,23302.85,0.0,0.0,23302.85,1.0,0.0,0.0,0.0,regular,0,0,0,0,0,0,1,ZERO_VOL,64.5
2026-03-25 10:12:37.303528,10:12,25,3,2026,2,5,23302.85,23302.85,23302.85,23302.85,0.0,23302.85,0.0,0.0,23302.85,1.0,0.0,0.0,0.0,regular,0,0,0,0,0,0,1,ZERO_VOL,73.2
2026-03-25 10:12:37.446538,10:12,25,3,2026,2,5,23303.4,23303.4,23303.4,23303.4,0.0,23303.4,0.0,0.0,23303.4,1.0,0.0,0.0,0.0,regular,0,0,0,0,0,0,1,ZERO_VOL,142.4
2026-03-25 10:12:37.621192,10:12,25,3,2026,2,5,23303.4,23303.4,23303.4,23303.4,0.0,23303.4,0.0,0.0,23303.4,1.0,0.0,0.0,0.0,regular,0,0,0,0,0,0,1,ZERO_VOL,174.1
2026-03-25 10:12:37.713366,10:12,25,3,2026,2,5,23303.7,23303.7,23303.7,23303.7,0.0,23303.7,0.0,0.0,23303.7,1.0,0.0,0.0,0.0,regular,0,0,0,0,0,0,1,ZERO_VOL,91.7
2026-03-25 10:12:39.541676,10:12,25,3,2026,2,5,23305.2,23305.2,23305.2,23305.2,0.0,23305.2,0.0,0.0,23305.2,1.0,0.0,0.0,0.0,regular,0,0,0,0,0,0,1,ZERO_VOL,86.5
2026-03-25 10:12:39.604089,10:12,25,3,2026,2,5,23302.85,23302.85,23302.85,23302.85,0.0,23302.85,0.0,0.0,23302.85,1.0,0.0,0.0,0.0,regular,0,0,0,0,0,0,1,ZERO_VOL,61.9
2026-03-25 10:12:39.700230,10:12,25,3,2026,2,5,23302.65,23302.65,23302.65,23302.65,0.0,23302.65,0.0,0.0,23302.65,1.0,0.0,0.0,0.0,regular,0,0,0,0,0,0,1,ZERO_VOL,95.7
2026-03-25 10:12:39.803051,10:12,25,3,2026,2,5,23305.2,23305.2,23305.2,23305.2,0.0,23305.2,0.0,0.0,23305.2,1.0,0.0,0.0,0.0,regular,0,0,0,0,0,0,1,ZERO_VOL,102.3
2026-03-25 10:12:39.857490,10:12,25,3,2026,2,5,23303.4,23303.4,23303.4,23303.4,0.0,23303.4,0.0,0.0,23303.4,1.0,0.0,0.0,0.0,regular,0,0,0,0,0,0,1,ZERO_VOL,54.0
2026-03-25 10:12:41.327050,10:12,25,3,2026,2,5,23302.65,23302.65,23302.65,23302.65,0.0,23302.65,0.0,0.0,23302.65,1.0,0.0,0.0,0.0,regular,0,0,0,0,0,0,1,ZERO_VOL,57.6
2026-03-25 10:12:41.383978,10:12,25,3,2026,2,5,23303.0,23303.0,23303.0,23303.0,0.0,23303.0,0.0,0.0,23303.0,1.0,0.0,0.0,0.0,regular,0,0,0,0,0,0,1,ZERO_VOL,56.5
2026-03-25 10:12:41.481757,10:12,25,3,2026,2,5,23305.25,23305.25,23305.25,23305.25,0.0,23305.25,0.0,0.0,23305.25,1.0,0.0,0.0,0.0,regular,0,0,0,0,0,0,1,ZERO_VOL,97.3
2026-03-25 10:12:41.680769,10:12,25,3,2026,2,5,23304.6,23304.6,23304.6,23304.6,0.0,23304.6,0.0,0.0,23304.6,1.0,0.0,0.0,0.0,regular,0,0,0,0,0,0,1,ZERO_VOL,197.9
2026-03-25 10:12:41.776273,10:12,25,3,2026,2,5,23304.0,23304.0,23304.0,23304.0,0.0,23304.0,0.0,0.0,23304.0,1.0,0.0,0.0,0.0,regular,0,0,0,0,0,0,1,ZERO_VOL,95.0
2026-03-25 10:12:43.309808,10:12,25,3,2026,2,5,23302.55,23302.55,23302.55,23302.55,0.0,23302.55,0.0,0.0,23302.55,1.0,0.0,0.0,0.0,regular,0,0,0,0,0,0,1,ZERO_VOL,116.8
2026-03-25 10:12:43.366222,10:12,25,3,2026,2,5,23302.65,23302.65,23302.65,23302.65,0.0,23302.65,0.0,0.0,23302.65,1.0,0.0,0.0,0.0,regular,0,0,0,0,0,0,1,ZERO_VOL,55.9
2026-03-25 10:12:43.422198,10:12,25,3,2026,2,5,23303.7,23303.7,23303.7,23303.7,0.0,23303.7,0.0,0.0,23303.7,1.0,0.0,0.0,0.0,regular,0,0,0,0,0,0,1,ZERO_VOL,55.5
2026-03-25 10:12:43.580247,10:12,25,3,2026,2,5,23303.25,23303.25,23303.25,23303.25,0.0,23303.25,0.0,0.0,23303.25,1.0,0.0,0.0,0.0,regular,0,0,0,0,0,0,1,ZERO_VOL,157.5
2026-03-25 10:12:43.728557,10:12,25,3,2026,2,5,23302.55,23302.55,23302.55,23302.55,0.0,23302.55,0.0,0.0,23302.55,1.0,0.0,0.0,0.0,regular,0,0,0,0,0,0,1,ZERO_VOL,147.8
2026-03-25 10:12:46.005639,10:12,25,3,2026,2,5,23303.35,23303.35,23303.35,23303.35,0.0,23303.35,0.0,0.0,23303.35,1.0,0.0,0.0,0.0,regular,0,0,0,0,0,0,1,ZERO_VOL,154.2
2026-03-25 10:12:46.094627,10:12,25,3,2026,2,5,23303.35,23303.35,23303.35,23303.35,0.0,23303.35,0.0,0.0,23303.35,1.0,0.0,0.0,0.0,regular,0,0,0,0,0,0,1,ZERO_VOL,88.5
2026-03-25 10:12:46.155800,10:12,25,3,2026,2,5,23304.0,23304.0,23304.0,23304.0,0.0,23304.0,0.0,0.0,23304.0,1.0,0.0,0.0,0.0,regular,0,0,0,0,0,0,1,ZERO_VOL,60.6
2026-03-25 10:12:46.249292,10:12,25,3,2026,2,5,23303.35,23303.35,23303.35,23303.35,0.0,23303.35,0.0,0.0,23303.35,1.0,0.0,0.0,0.0,regular,0,0,0,0,0,0,1,ZERO_VOL,93.0
2026-03-25 10:12:46.335889,10:12,25,3,2026,2,5,23304.45,23304.45,23304.45,23304.45,0.0,23304.45,0.0,0.0,23304.45,1.0,0.0,0.0,0.0,regular,0,0,0,0,0,0,1,ZERO_VOL,86.1
2026-03-25 10:12:48.022719,10:12,25,3,2026,2,5,23302.0,23302.0,23302.0,23302.0,0.0,23302.0,0.0,0.0,23302.0,1.0,0.0,0.0,0.0,regular,0,0,0,0,0,0,1,ZERO_VOL,95.0
2026-03-25 10:12:48.131450,10:12,25,3,2026,2,5,23302.0,23302.0,23302.0,23302.0,0.0,23302.0,0.0,0.0,23302.0,1.0,0.0,0.0,0.0,regular,0,0,0,0,0,0,1,ZERO_VOL,108.2
2026-03-25 10:12:48.192785,10:12,25,3,2026,2,5,23303.35,23303.35,23303.35,23303.35,0.0,23303.35,0.0,0.0,23303.35,1.0,0.0,0.0,0.0,regular,0,0,0,0,0,0,1,ZERO_VOL,60.8
2026-03-25 10:12:48.260416,10:12,25,3,2026,2,5,23302.55,23302.55,23302.55,23302.55,0.0,23302.55,0.0,0.0,23302.55,1.0,0.0,0.0,0.0,regular,0,0,0,0,0,0,1,ZERO_VOL,67.1
2026-03-25 10:12:48.320539,10:12,25,3,2026,2,5,23305.2,23305.2,23305.2,23305.2,0.0,23305.2,0.0,0.0,23305.2,1.0,0.0,0.0,0.0,regular,0,0,0,0,0,0,1,ZERO_VOL,59.7
2026-03-25 10:12:50.350168,10:12,25,3,2026,2,5,23304.95,23304.95,23304.95,23304.95,0.0,23304.95,0.0,0.0,23304.95,1.0,0.0,0.0,0.0,regular,0,0,0,0,0,0,1,ZERO_VOL,93.3
2026-03-25 10:12:50.495741,10:12,25,3,2026,2,5,23301.95,23301.95,23301.95,23301.95,0.0,23301.95,0.0,0.0,23301.95,1.0,0.0,0.0,0.0,regular,0,0,0,0,0,0,1,ZERO_VOL,145.1
2026-03-25 10:12:50.586543,10:12,25,3,2026,2,5,23304.95,23304.95,23304.95,23304.95,0.0,23304.95,0.0,0.0,23304.95,1.0,0.0,0.0,0.0,regular,0,0,0,0,0,0,1,ZERO_VOL,90.2
2026-03-25 10:12:50.655122,10:12,25,3,2026,2,5,23304.0,23304.0,23304.0,23304.0,0.0,23304.0,0.0,0.0,23304.0,1.0,0.0,0.0,0.0,regular,0,0,0,0,0,0,1,ZERO_VOL,68.1
2026-03-25 10:12:50.810163,10:12,25,3,2026,2,5,23304.95,23304.95,23304.95,23304.95,0.0,23304.95,0.0,0.0,23304.95,1.0,0.0,0.0,0.0,regular,0,0,0,0,0,0,1,ZERO_VOL,154.6
2026-03-25 10:12:52.815265,10:12,25,3,2026,2,5,23299.5,23299.5,23299.5,23299.5,0.0,23299.5,0.0,0.0,23299.5,1.0,0.0,0.0,0.0,regular,0,0,0,0,0,0,1,ZERO_VOL,102.9
2026-03-25 10:12:52.992045,10:12,25,3,2026,2,5,23300.25,23300.25,23300.25,23300.25,0.0,23300.25,0.0,0.0,23300.25,1.0,0.0,0.0,0.0,regular,0,0,0,0,0,0,1,ZERO_VOL,176.3
2026-03-25 10:12:53.187323,10:12,25,3,2026,2,5,23300.25,23300.25,23300.25,23300.25,0.0,23300.25,0.0,0.0,23300.25,1.0,0.0,0.0,0.0,regular,0,0,0,0,0,0,1,ZERO_VOL,194.8
2026-03-25 10:12:53.267508,10:12,25,3,2026,2,5,23299.5,23299.5,23299.5,23299.5,0.0,23299.5,0.0,0.0,23299.5,1.0,0.0,0.0,0.0,regular,0,0,0,0,0,0,1,ZERO_VOL,79.7
2026-03-25 10:12:53.375164,10:12,25,3,2026,2,5,23299.5,23299.5,23299.5,23299.5,0.0,23299.5,0.0,0.0,23299.5,1.0,0.0,0.0,0.0,regular,0,0,0,0,0,0,1,ZERO_VOL,107.1
2026-03-25 10:12:55.058636,10:12,25,3,2026,2,5,23301.95,23301.95,23301.95,23301.95,0.0,23301.95,0.0,0.0,23301.95,1.0,0.0,0.0,0.0,regular,0,0,0,0,0,0,1,ZERO_VOL,80.7
2026-03-25 10:12:55.234874,10:12,25,3,2026,2,5,23301.25,23301.25,23301.25,23301.25,0.0,23301.25,0.0,0.0,23301.25,1.0,0.0,0.0,0.0,regular,0,0,0,0,0,0,1,ZERO_VOL,175.8
2026-03-25 10:12:55.384501,10:12,25,3,2026,2,5,23302.15,23302.15,23302.15,23302.15,0.0,23302.15,0.0,0.0,23302.15,1.0,0.0,0.0,0.0,regular,0,0,0,0,0,0,1,ZERO_VOL,149.1
2026-03-25 10:12:55.470139,10:12,25,3,2026,2,5,23302.15,23302.15,23302.15,23302.15,0.0,23302.15,0.0,0.0,23302.15,1.0,0.0,0.0,0.0,regular,0,0,0,0,0,0,1,ZERO_VOL,85.2
2026-03-25 10:12:55.558460,10:12,25,3,2026,2,5,23302.0,23302.0,23302.0,23302.0,0.0,23302.0,0.0,0.0,23302.0,1.0,0.0,0.0,0.0,regular,0,0,0,0,0,0,1,ZERO_VOL,87.8
2026-03-25 10:12:57.210001,10:12,25,3,2026,2,5,23302.25,23302.25,23302.25,23302.25,0.0,23302.25,0.0,0.0,23302.25,1.0,0.0,0.0,0.0,regular,0,0,0,0,0,0,1,ZERO_VOL,103.5
2026-03-25 10:12:57.355902,10:12,25,3,2026,2,5,23301.9,23301.9,23301.9,23301.9,0.0,23301.9,0.0,0.0,23301.9,1.0,0.0,0.0,0.0,regular,0,0,0,0,0,0,1,ZERO_VOL,145.4
2026-03-25 10:12:57.437710,10:12,25,3,2026,2,5,23303.3,23303.3,23303.3,23303.3,0.0,23303.3,0.0,0.0,23303.3,1.0,0.0,0.0,0.0,regular,0,0,0,0,0,0,1,ZERO_VOL,81.3
2026-03-25 10:12:57.491667,10:12,25,3,2026,2,5,23301.95,23301.95,23301.95,23301.95,0.0,23301.95,0.0,0.0,23301.95,1.0,0.0,0.0,0.0,regular,0,0,0,0,0,0,1,ZERO_VOL,53.5
2026-03-25 10:12:57.663776,10:12,25,3,2026,2,5,23303.3,23303.3,23303.3,23303.3,0.0,23303.3,0.0,0.0,23303.3,1.0,0.0,0.0,0.0,regular,0,0,0,0,0,0,1,ZERO_VOL,171.6
2026-03-25 10:12:59.227669,10:12,25,3,2026,2,5,23299.5,23299.5,23299.5,23299.5,0.0,23299.5,0.0,0.0,23299.5,1.0,0.0,0.0,0.0,regular,0,0,0,0,0,0,1,ZERO_VOL,57.6
2026-03-25 10:12:59.336269,10:12,25,3,2026,2,5,23304.85,23304.85,23304.85,23304.85,0.0,23304.85,0.0,0.0,23304.85,1.0,0.0,0.0,0.0,regular,0,0,0,0,0,0,1,ZERO_VOL,108.1
2026-03-25 10:12:59.449561,10:12,25,3,2026,2,5,23304.85,23304.85,23304.85,23304.85,0.0,23304.85,0.0,0.0,23304.85,1.0,0.0,0.0,0.0,regular,0,0,0,0,0,0,1,ZERO_VOL,112.8
2026-03-25 10:12:59.543883,10:12,25,3,2026,2,5,23305.75,23305.75,23305.75,23305.75,0.0,23305.75,0.0,0.0,23305.75,1.0,0.0,0.0,0.0,regular,0,0,0,0,0,0,1,ZERO_VOL,93.8
2026-03-25 10:12:59.691229,10:12,25,3,2026,2,5,23304.85,23304.85,23304.85,23304.85,0.0,23304.85,0.0,0.0,23304.85,1.0,0.0,0.0,0.0,regular,0,0,0,0,0,0,1,ZERO_VOL,146.9
2026-03-25 10:13:01.336876,10:13,25,3,2026,2,5,23301.95,23305.75,23299.45,23304.65,0.0,23303.28,6.3,0.0116,23303.28,1.0003,42.87,1.1,2.5,regular,0,0,0,0,0,0,1,ZERO_VOL,85.3
2026-03-25 10:13:01.483798,10:13,25,3,2026,2,5,23301.95,23305.75,23299.45,23304.65,0.0,23303.28,6.3,0.0116,23303.28,1.0003,42.87,1.1,2.5,regular,0,0,0,0,0,0,1,ZERO_VOL,146.4
2026-03-25 10:13:01.604595,10:13,25,3,2026,2,5,23301.95,23305.75,23299.45,23304.65,0.0,23303.28,6.3,0.0116,23303.28,1.0003,42.87,1.1,2.5,regular,0,0,0,0,0,0,1,ZERO_VOL,120.3
2026-03-25 10:13:01.752052,10:13,25,3,2026,2,5,23301.9,23301.9,23301.9,23301.9,0.0,23301.9,0.0,0.0,23301.9,1.0,0.0,0.0,0.0,regular,0,0,0,0,0,0,1,ZERO_VOL,146.7
2026-03-25 10:13:01.840395,10:13,25,3,2026,2,5,23302.25,23302.25,23302.25,23302.25,0.0,23302.25,0.0,0.0,23302.25,1.0,0.0,0.0,0.0,regular,0,0,0,0,0,0,1,ZERO_VOL,87.8
2026-03-25 10:13:03.515866,10:13,25,3,2026,2,5,23303.05,23303.05,23303.05,23303.05,0.0,23303.05,0.0,0.0,23303.05,1.0,0.0,0.0,0.0,regular,0,0,0,0,0,0,1,ZERO_VOL,174.3
2026-03-25 10:13:03.654101,10:13,25,3,2026,2,5,23305.15,23305.15,23305.15,23305.15,0.0,23305.15,0.0,0.0,23305.15,1.0,0.0,0.0,0.0,regular,0,0,0,0,0,0,1,ZERO_VOL,137.5
2026-03-25 10:13:03.766654,10:13,25,3,2026,2,5,23302.15,23302.15,23302.15,23302.15,0.0,23302.15,0.0,0.0,23302.15,1.0,0.0,0.0,0.0,regular,0,0,0,0,0,0,1,ZERO_VOL,111.9
2026-03-25 10:13:03.857086,10:13,25,3,2026,2,5,23305.15,23305.15,23305.15,23305.15,0.0,23305.15,0.0,0.0,23305.15,1.0,0.0,0.0,0.0,regular,0,0,0,0,0,0,1,ZERO_VOL,89.9
2026-03-25 10:13:03.995089,10:13,25,3,2026,2,5,23305.15,23305.15,23305.15,23305.15,0.0,23305.15,0.0,0.0,23305.15,1.0,0.0,0.0,0.0,regular,0,0,0,0,0,0,1,ZERO_VOL,137.5
2026-03-25 10:13:05.535925,10:13,25,3,2026,2,5,23303.7,23303.7,23303.7,23303.7,0.0,23303.7,0.0,0.0,23303.7,1.0,0.0,0.0,0.0,regular,0,0,0,0,0,0,1,ZERO_VOL,153.8
2026-03-25 10:13:05.591064,10:13,25,3,2026,2,5,23302.15,23302.15,23302.15,23302.15,0.0,23302.15,0.0,0.0,23302.15,1.0,0.0,0.0,0.0,regular,0,0,0,0,0,0,1,ZERO_VOL,54.7
2026-03-25 10:13:05.656080,10:13,25,3,2026,2,5,23301.95,23305.75,23299.45,23304.65,0.0,23303.28,6.3,0.0116,23303.28,1.0003,42.87,1.1,2.5,regular,0,0,0,0,0,0,1,ZERO_VOL,57.9
2026-03-25 10:13:05.762035,10:13,25,3,2026,2,5,23303.1,23303.1,23303.1,23303.1,0.0,23303.1,0.0,0.0,23303.1,1.0,0.0,0.0,0.0,regular,0,0,0,0,0,0,1,ZERO_VOL,105.5
2026-03-25 10:13:05.863985,10:13,25,3,2026,2,5,23303.1,23303.1,23303.1,23303.1,0.0,23303.1,0.0,0.0,23303.1,1.0,0.0,0.0,0.0,regular,0,0,0,0,0,0,1,ZERO_VOL,101.4
2026-03-25 10:13:11.121366,10:13,25,3,2026,2,5,23308.1,23308.1,23308.1,23308.1,0.0,23308.1,0.0,0.0,23308.1,1.0,0.0,0.0,0.0,regular,0,0,0,0,0,0,1,ZERO_VOL,163.4
2026-03-25 10:13:11.241177,10:13,25,3,2026,2,5,23308.1,23308.1,23308.1,23308.1,0.0,23308.1,0.0,0.0,23308.1,1.0,0.0,0.0,0.0,regular,0,0,0,0,0,0,1,ZERO_VOL,119.3
2026-03-25 10:13:11.340136,10:13,25,3,2026,2,5,23308.65,23308.65,23308.65,23308.65,0.0,23308.65,0.0,0.0,23308.65,1.0,0.0,0.0,0.0,regular,0,0,0,0,0,0,1,ZERO_VOL,98.4
2026-03-25 10:13:11.503195,10:13,25,3,2026,2,5,23308.65,23308.65,23308.65,23308.65,0.0,23308.65,0.0,0.0,23308.65,1.0,0.0,0.0,0.0,regular,0,0,0,0,0,0,1,ZERO_VOL,162.6
2026-03-25 10:13:11.587199,10:13,25,3,2026,2,5,23308.65,23308.65,23308.65,23308.65,0.0,23308.65,0.0,0.0,23308.65,1.0,0.0,0.0,0.0,regular,0,0,0,0,0,0,1,ZERO_VOL,83.5
2026-03-25 10:13:13.109601,10:13,25,3,2026,2,5,23308.1,23308.1,23308.1,23308.1,0.0,23308.1,0.0,0.0,23308.1,1.0,0.0,0.0,0.0,regular,0,0,0,0,0,0,1,ZERO_VOL,59.3
2026-03-25 10:13:13.268033,10:13,25,3,2026,2,5,23310.1,23310.1,23310.1,23310.1,0.0,23310.1,0.0,0.0,23310.1,1.0,0.0,0.0,0.0,regular,0,0,0,0,0,0,1,ZERO_VOL,157.7
2026-03-25 10:13:13.374282,10:13,25,3,2026,2,5,23309.85,23309.85,23309.85,23309.85,0.0,23309.85,0.0,0.0,23309.85,1.0,0.0,0.0,0.0,regular,0,0,0,0,0,0,1,ZERO_VOL,105.8
2026-03-25 10:13:13.503765,10:13,25,3,2026,2,5,23309.5,23309.5,23309.5,23309.5,0.0,23309.5,0.0,0.0,23309.5,1.0,0.0,0.0,0.0,regular,0,0,0,0,0,0,1,ZERO_VOL,128.7
2026-03-25 10:13:13.636249,10:13,25,3,2026,2,5,23309.5,23309.5,23309.5,23309.5,0.0,23309.5,0.0,0.0,23309.5,1.0,0.0,0.0,0.0,regular,0,0,0,0,0,0,1,ZERO_VOL,131.9
2026-03-25 10:13:15.208672,10:13,25,3,2026,2,5,23308.8,23308.8,23308.8,23308.8,0.0,23308.8,0.0,0.0,23308.8,1.0,0.0,0.0,0.0,regular,0,0,0,0,0,0,1,ZERO_VOL,96.7
2026-03-25 10:13:15.271551,10:13,25,3,2026,2,5,23310.1,23310.1,23310.1,23310.1,0.0,23310.1,0.0,0.0,23310.1,1.0,0.0,0.0,0.0,regular,0,0,0,0,0,0,1,ZERO_VOL,62.4
2026-03-25 10:13:15.416012,10:13,25,3,2026,2,5,23308.45,23308.45,23308.45,23308.45,0.0,23308.45,0.0,0.0,23308.45,1.0,0.0,0.0,0.0,regular,0,0,0,0,0,0,1,ZERO_VOL,143.9
2026-03-25 10:13:15.541660,10:13,25,3,2026,2,5,23308.45,23308.45,23308.45,23308.45,0.0,23308.45,0.0,0.0,23308.45,1.0,0.0,0.0,0.0,regular,0,0,0,0,0,0,1,ZERO_VOL,125.1
2026-03-25 10:13:15.629649,10:13,25,3,2026,2,5,23309.0,23309.0,23309.0,23309.0,0.0,23309.0,0.0,0.0,23309.0,1.0,0.0,0.0,0.0,regular,0,0,0,0,0,0,1,ZERO_VOL,87.5
2026-03-25 10:13:17.198320,10:13,25,3,2026,2,5,23308.4,23308.4,23308.4,23308.4,0.0,23308.4,0.0,0.0,23308.4,1.0,0.0,0.0,0.0,regular,0,0,0,0,0,0,1,ZERO_VOL,97.2
2026-03-25 10:13:17.342678,10:13,25,3,2026,2,5,23307.9,23307.9,23307.9,23307.9,0.0,23307.9,0.0,0.0,23307.9,1.0,0.0,0.0,0.0,regular,0,0,0,0,0,0,1,ZERO_VOL,143.8
2026-03-25 10:13:17.401044,10:13,25,3,2026,2,5,23309.5,23309.5,23309.5,23309.5,0.0,23309.5,0.0,0.0,23309.5,1.0,0.0,0.0,0.0,regular,0,0,0,0,0,0,1,ZERO_VOL,57.9
2026-03-25 10:13:17.506324,10:13,25,3,2026,2,5,23308.4,23308.4,23308.4,23308.4,0.0,23308.4,0.0,0.0,23308.4,1.0,0.0,0.0,0.0,regular,0,0,0,0,0,0,1,ZERO_VOL,104.8
2026-03-25 10:13:17.610263,10:13,25,3,2026,2,5,23308.4,23308.4,23308.4,23308.4,0.0,23308.4,0.0,0.0,23308.4,1.0,0.0,0.0,0.0,regular,0,0,0,0,0,0,1,ZERO_VOL,103.5
2026-03-25 10:13:19.116035,10:13,25,3,2026,2,5,23307.15,23307.15,23307.15,23307.15,0.0,23307.15,0.0,0.0,23307.15,1.0,0.0,0.0,0.0,regular,0,0,0,0,0,0,1,ZERO_VOL,96.7
2026-03-25 10:13:19.228614,10:13,25,3,2026,2,5,23307.15,23307.15,23307.15,23307.15,0.0,23307.15,0.0,0.0,23307.15,1.0,0.0,0.0,0.0,regular,0,0,0,0,0,0,1,ZERO_VOL,112.1
2026-03-25 10:13:19.313187,10:13,25,3,2026,2,5,23308.45,23308.45,23308.45,23308.45,0.0,23308.45,0.0,0.0,23308.45,1.0,0.0,0.0,0.0,regular,0,0,0,0,0,0,1,ZERO_VOL,84.0
2026-03-25 10:13:19.375217,10:13,25,3,2026,2,5,23308.65,23308.65,23308.65,23308.65,0.0,23308.65,0.0,0.0,23308.65,1.0,0.0,0.0,0.0,regular,0,0,0,0,0,0,1,ZERO_VOL,61.5
2026-03-25 10:13:19.525516,10:13,25,3,2026,2,5,23307.3,23307.3,23307.3,23307.3,0.0,23307.3,0.0,0.0,23307.3,1.0,0.0,0.0,0.0,regular,0,0,0,0,0,0,1,ZERO_VOL,149.8
2026-03-25 10:13:21.149507,10:13,25,3,2026,2,5,23308.65,23308.65,23308.65,23308.65,0.0,23308.65,0.0,0.0,23308.65,1.0,0.0,0.0,0.0,regular,0,0,0,0,0,0,1,ZERO_VOL,76.6
2026-03-25 10:13:21.231967,10:13,25,3,2026,2,5,23308.55,23308.55,23308.55,23308.55,0.0,23308.55,0.0,0.0,23308.55,1.0,0.0,0.0,0.0,regular,0,0,0,0,0,0,1,ZERO_VOL,81.7
2026-03-25 10:13:21.402227,10:13,25,3,2026,2,5,23307.8,23307.8,23307.8,23307.8,0.0,23307.8,0.0,0.0,23307.8,1.0,0.0,0.0,0.0,regular,0,0,0,0,0,0,1,ZERO_VOL,169.7
2026-03-25 10:13:21.475963,10:13,25,3,2026,2,5,23307.8,23307.8,23307.8,23307.8,0.0,23307.8,0.0,0.0,23307.8,1.0,0.0,0.0,0.0,regular,0,0,0,0,0,0,1,ZERO_VOL,73.2
2026-03-25 10:13:21.530937,10:13,25,3,2026,2,5,23307.9,23307.9,23307.9,23307.9,0.0,23307.9,0.0,0.0,23307.9,1.0,0.0,0.0,0.0,regular,0,0,0,0,0,0,1,ZERO_VOL,54.3
2026-03-25 10:13:23.479743,10:13,25,3,2026,2,5,23307.1,23307.1,23307.1,23307.1,0.0,23307.1,0.0,0.0,23307.1,1.0,0.0,0.0,0.0,regular,0,0,0,0,0,0,1,ZERO_VOL,135.3
2026-03-25 10:13:23.537313,10:13,25,3,2026,2,5,23308.4,23308.4,23308.4,23308.4,0.0,23308.4,0.0,0.0,23308.4,1.0,0.0,0.0,0.0,regular,0,0,0,0,0,0,1,ZERO_VOL,57.1
2026-03-25 10:13:23.603297,10:13,25,3,2026,2,5,23307.15,23307.15,23307.15,23307.15,0.0,23307.15,0.0,0.0,23307.15,1.0,0.0,0.0,0.0,regular,0,0,0,0,0,0,1,ZERO_VOL,65.5
2026-03-25 10:13:23.679683,10:13,25,3,2026,2,5,23307.3,23307.3,23307.3,23307.3,0.0,23307.3,0.0,0.0,23307.3,1.0,0.0,0.0,0.0,regular,0,0,0,0,0,0,1,ZERO_VOL,75.8
2026-03-25 10:13:23.750161,10:13,25,3,2026,2,5,23308.45,23308.45,23308.45,23308.45,0.0,23308.45,0.0,0.0,23308.45,1.0,0.0,0.0,0.0,regular,0,0,0,0,0,0,1,ZERO_VOL,69.1
2026-03-25 10:13:25.257504,10:13,25,3,2026,2,5,23307.2,23307.2,23307.2,23307.2,0.0,23307.2,0.0,0.0,23307.2,1.0,0.0,0.0,0.0,regular,0,0,0,0,0,0,1,ZERO_VOL,144.3
2026-03-25 10:13:25.419762,10:13,25,3,2026,2,5,23307.2,23307.2,23307.2,23307.2,0.0,23307.2,0.0,0.0,23307.2,1.0,0.0,0.0,0.0,regular,0,0,0,0,0,0,1,ZERO_VOL,161.7
2026-03-25 10:13:25.553245,10:13,25,3,2026,2,5,23308.5,23308.5,23308.5,23308.5,0.0,23308.5,0.0,0.0,23308.5,1.0,0.0,0.0,0.0,regular,0,0,0,0,0,0,1,ZERO_VOL,133.0
2026-03-25 10:13:25.606884,10:13,25,3,2026,2,5,23308.4,23308.4,23308.4,23308.4,0.0,23308.4,0.0,0.0,23308.4,1.0,0.0,0.0,0.0,regular,0,0,0,0,0,0,1,ZERO_VOL,53.1
2026-03-25 10:13:25.796429,10:13,25,3,2026,2,5,23307.2,23307.2,23307.2,23307.2,0.0,23307.2,0.0,0.0,23307.2,1.0,0.0,0.0,0.0,regular,0,0,0,0,0,0,1,ZERO_VOL,189.1
2026-03-25 10:13:27.555851,10:13,25,3,2026,2,5,23307.95,23307.95,23307.95,23307.95,0.0,23307.95,0.0,0.0,23307.95,1.0,0.0,0.0,0.0,regular,0,0,0,0,0,0,1,ZERO_VOL,177.1
2026-03-25 10:13:27.661697,10:13,25,3,2026,2,5,23307.95,23307.95,23307.95,23307.95,0.0,23307.95,0.0,0.0,23307.95,1.0,0.0,0.0,0.0,regular,0,0,0,0,0,0,1,ZERO_VOL,105.3
2026-03-25 10:13:27.841477,10:13,25,3,2026,2,5,23307.35,23307.35,23307.35,23307.35,0.0,23307.35,0.0,0.0,23307.35,1.0,0.0,0.0,0.0,regular,0,0,0,0,0,0,1,ZERO_VOL,179.2
2026-03-25 10:13:27.942991,10:13,25,3,2026,2,5,23307.95,23307.95,23307.95,23307.95,0.0,23307.95,0.0,0.0,23307.95,1.0,0.0,0.0,0.0,regular,0,0,0,0,0,0,1,ZERO_VOL,100.9
2026-03-25 10:13:27.999139,10:13,25,3,2026,2,5,23307.95,23307.95,23307.95,23307.95,0.0,23307.95,0.0,0.0,23307.95,1.0,0.0,0.0,0.0,regular,0,0,0,0,0,0,1,ZERO_VOL,55.3
2026-03-25 10:13:29.363977,10:13,25,3,2026,2,5,23307.95,23307.95,23307.95,23307.95,0.0,23307.95,0.0,0.0,23307.95,1.0,0.0,0.0,0.0,regular,0,0,0,0,0,0,1,ZERO_VOL,59.9
2026-03-25 10:13:29.511482,10:13,25,3,2026,2,5,23305.8,23305.8,23305.8,23305.8,0.0,23305.8,0.0,0.0,23305.8,1.0,0.0,0.0,0.0,regular,0,0,0,0,0,0,1,ZERO_VOL,147.0
2026-03-25 10:13:29.585820,10:13,25,3,2026,2,5,23307.35,23307.35,23307.35,23307.35,0.0,23307.35,0.0,0.0,23307.35,1.0,0.0,0.0,0.0,regular,0,0,0,0,0,0,1,ZERO_VOL,73.6
2026-03-25 10:13:29.670691,10:13,25,3,2026,2,5,23306.85,23306.85,23306.85,23306.85,0.0,23306.85,0.0,0.0,23306.85,1.0,0.0,0.0,0.0,regular,0,0,0,0,0,0,1,ZERO_VOL,84.2
2026-03-25 10:13:29.775059,10:13,25,3,2026,2,5,23306.85,23306.85,23306.85,23306.85,0.0,23306.85,0.0,0.0,23306.85,1.0,0.0,0.0,0.0,regular,0,0,0,0,0,0,1,ZERO_VOL,103.9
2026-03-25 10:13:32.149248,10:13,25,3,2026,2,5,23308.65,23308.65,23308.65,23308.65,0.0,23308.65,0.0,0.0,23308.65,1.0,0.0,0.0,0.0,regular,0,0,0,0,0,0,1,ZERO_VOL,140.3
2026-03-25 10:13:32.297190,10:13,25,3,2026,2,5,23306.6,23306.6,23306.6,23306.6,0.0,23306.6,0.0,0.0,23306.6,1.0,0.0,0.0,0.0,regular,0,0,0,0,0,0,1,ZERO_VOL,147.4
2026-03-25 10:13:32.356408,10:13,25,3,2026,2,5,23307.2,23307.2,23307.2,23307.2,0.0,23307.2,0.0,0.0,23307.2,1.0,0.0,0.0,0.0,regular,0,0,0,0,0,0,1,ZERO_VOL,58.7
2026-03-25 10:13:32.413484,10:13,25,3,2026,2,5,23306.85,23306.85,23306.85,23306.85,0.0,23306.85,0.0,0.0,23306.85,1.0,0.0,0.0,0.0,regular,0,0,0,0,0,0,1,ZERO_VOL,56.6
2026-03-25 10:13:32.509723,10:13,25,3,2026,2,5,23307.15,23307.15,23307.15,23307.15,0.0,23307.15,0.0,0.0,23307.15,1.0,0.0,0.0,0.0,regular,0,0,0,0,0,0,1,ZERO_VOL,95.8
2026-03-25 10:13:34.044683,10:13,25,3,2026,2,5,23305.75,23305.75,23305.75,23305.75,0.0,23305.75,0.0,0.0,23305.75,1.0,0.0,0.0,0.0,regular,0,0,0,0,0,0,1,ZERO_VOL,116.9
2026-03-25 10:13:34.157688,10:13,25,3,2026,2,5,23305.85,23305.85,23305.85,23305.85,0.0,23305.85,0.0,0.0,23305.85,1.0,0.0,0.0,0.0,regular,0,0,0,0,0,0,1,ZERO_VOL,112.5
2026-03-25 10:13:34.248038,10:13,25,3,2026,2,5,23305.85,23305.85,23305.85,23305.85,0.0,23305.85,0.0,0.0,23305.85,1.0,0.0,0.0,0.0,regular,0,0,0,0,0,0,1,ZERO_VOL,89.8
2026-03-25 10:13:34.415949,10:13,25,3,2026,2,5,23306.7,23306.7,23306.7,23306.7,0.0,23306.7,0.0,0.0,23306.7,1.0,0.0,0.0,0.0,regular,0,0,0,0,0,0,1,ZERO_VOL,167.3
2026-03-25 10:13:34.553604,10:13,25,3,2026,2,5,23305.75,23305.75,23305.75,23305.75,0.0,23305.75,0.0,0.0,23305.75,1.0,0.0,0.0,0.0,regular,0,0,0,0,0,0,1,ZERO_VOL,136.8
2026-03-25 10:13:36.164288,10:13,25,3,2026,2,5,23308.65,23308.65,23308.65,23308.65,0.0,23308.65,0.0,0.0,23308.65,1.0,0.0,0.0,0.0,regular,0,0,0,0,0,0,1,ZERO_VOL,61.0
2026-03-25 10:13:36.222999,10:13,25,3,2026,2,5,23307.35,23307.35,23307.35,23307.35,0.0,23307.35,0.0,0.0,23307.35,1.0,0.0,0.0,0.0,regular,0,0,0,0,0,0,1,ZERO_VOL,58.3
2026-03-25 10:13:36.313367,10:13,25,3,2026,2,5,23307.75,23307.75,23307.75,23307.75,0.0,23307.75,0.0,0.0,23307.75,1.0,0.0,0.0,0.0,regular,0,0,0,0,0,0,1,ZERO_VOL,89.9
2026-03-25 10:13:36.404107,10:13,25,3,2026,2,5,23307.75,23307.75,23307.75,23307.75,0.0,23307.75,0.0,0.0,23307.75,1.0,0.0,0.0,0.0,regular,0,0,0,0,0,0,1,ZERO_VOL,90.2
2026-03-25 10:13:36.549235,10:13,25,3,2026,2,5,23307.35,23307.35,23307.35,23307.35,0.0,23307.35,0.0,0.0,23307.35,1.0,0.0,0.0,0.0,regular,0,0,0,0,0,0,1,ZERO_VOL,144.7
2026-03-25 10:13:38.119959,10:13,25,3,2026,2,5,23304.55,23304.55,23304.55,23304.55,0.0,23304.55,0.0,0.0,23304.55,1.0,0.0,0.0,0.0,regular,0,0,0,0,0,0,1,ZERO_VOL,86.4
2026-03-25 10:13:38.177153,10:13,25,3,2026,2,5,23305.75,23305.75,23305.75,23305.75,0.0,23305.75,0.0,0.0,23305.75,1.0,0.0,0.0,0.0,regular,0,0,0,0,0,0,1,ZERO_VOL,56.7
2026-03-25 10:13:38.327972,10:13,25,3,2026,2,5,23306.7,23306.7,23306.7,23306.7,0.0,23306.7,0.0,0.0,23306.7,1.0,0.0,0.0,0.0,regular,0,0,0,0,0,0,1,ZERO_VOL,150.0
2026-03-25 10:13:38.442652,10:13,25,3,2026,2,5,23304.1,23304.1,23304.1,23304.1,0.0,23304.1,0.0,0.0,23304.1,1.0,0.0,0.0,0.0,regular,0,0,0,0,0,0,1,ZERO_VOL,114.2
2026-03-25 10:13:38.504996,10:13,25,3,2026,2,5,23304.55,23304.55,23304.55,23304.55,0.0,23304.55,0.0,0.0,23304.55,1.0,0.0,0.0,0.0,regular,0,0,0,0,0,0,1,ZERO_VOL,61.9
2026-03-25 10:13:40.119741,10:13,25,3,2026,2,5,23304.3,23304.3,23304.3,23304.3,0.0,23304.3,0.0,0.0,23304.3,1.0,0.0,0.0,0.0,regular,0,0,0,0,0,0,1,ZERO_VOL,108.5
2026-03-25 10:13:40.175562,10:13,25,3,2026,2,5,23305.75,23305.75,23305.75,23305.75,0.0,23305.75,0.0,0.0,23305.75,1.0,0.0,0.0,0.0,regular,0,0,0,0,0,0,1,ZERO_VOL,55.4
2026-03-25 10:13:40.233509,10:13,25,3,2026,2,5,23307.75,23307.75,23307.75,23307.75,0.0,23307.75,0.0,0.0,23307.75,1.0,0.0,0.0,0.0,regular,0,0,0,0,0,0,1,ZERO_VOL,57.4
2026-03-25 10:13:40.332190,10:13,25,3,2026,2,5,23301.95,23301.95,23301.95,23301.95,0.0,23301.95,0.0,0.0,23301.95,1.0,0.0,0.0,0.0,regular,0,0,0,0,0,0,1,ZERO_VOL,98.2
2026-03-25 10:13:40.429594,10:13,25,3,2026,2,5,23307.75,23307.75,23307.75,23307.75,0.0,23307.75,0.0,0.0,23307.75,1.0,0.0,0.0,0.0,regular,0,0,0,0,0,0,1,ZERO_VOL,96.9
2026-03-25 10:13:41.989218,10:13,25,3,2026,2,5,23305.75,23305.75,23305.75,23305.75,0.0,23305.75,0.0,0.0,23305.75,1.0,0.0,0.0,0.0,regular,0,0,0,0,0,0,1,ZERO_VOL,56.5
2026-03-25 10:13:42.079686,10:13,25,3,2026,2,5,23303.55,23303.55,23303.55,23303.55,0.0,23303.55,0.0,0.0,23303.55,1.0,0.0,0.0,0.0,regular,0,0,0,0,0,0,1,ZERO_VOL,90.0
2026-03-25 10:13:42.184942,10:13,25,3,2026,2,5,23303.55,23303.55,23303.55,23303.55,0.0,23303.55,0.0,0.0,23303.55,1.0,0.0,0.0,0.0,regular,0,0,0,0,0,0,1,ZERO_VOL,104.8
2026-03-25 10:13:42.525281,10:13,25,3,2026,2,5,23302.5,23302.5,23302.5,23302.5,0.0,23302.5,0.0,0.0,23302.5,1.0,0.0,0.0,0.0,regular,0,0,0,0,0,0,1,ZERO_VOL,339.7
2026-03-25 10:13:42.616493,10:13,25,3,2026,2,5,23305.75,23305.75,23305.75,23305.75,0.0,23305.75,0.0,0.0,23305.75,1.0,0.0,0.0,0.0,regular,0,0,0,0,0,0,1,ZERO_VOL,90.7
2026-03-25 10:13:44.222881,10:13,25,3,2026,2,5,23307.75,23307.75,23307.75,23307.75,0.0,23307.75,0.0,0.0,23307.75,1.0,0.0,0.0,0.0,regular,0,0,0,0,0,0,1,ZERO_VOL,53.9
2026-03-25 10:13:44.361814,10:13,25,3,2026,2,5,23304.3,23304.3,23304.3,23304.3,0.0,23304.3,0.0,0.0,23304.3,1.0,0.0,0.0,0.0,regular,0,0,0,0,0,0,1,ZERO_VOL,138.5
2026-03-25 10:13:44.422320,10:13,25,3,2026,2,5,23304.3,23304.3,23304.3,23304.3,0.0,23304.3,0.0,0.0,23304.3,1.0,0.0,0.0,0.0,regular,0,0,0,0,0,0,1,ZERO_VOL,60.0
2026-03-25 10:13:44.577807,10:13,25,3,2026,2,5,23304.3,23304.3,23304.3,23304.3,0.0,23304.3,0.0,0.0,23304.3,1.0,0.0,0.0,0.0,regular,0,0,0,0,0,0,1,ZERO_VOL,154.9
2026-03-25 10:13:44.672703,10:13,25,3,2026,2,5,23304.2,23304.2,23304.2,23304.2,0.0,23304.2,0.0,0.0,23304.2,1.0,0.0,0.0,0.0,regular,0,0,0,0,0,0,1,ZERO_VOL,94.4
2026-03-25 10:13:46.201731,10:13,25,3,2026,2,5,23303.55,23303.55,23303.55,23303.55,0.0,23303.55,0.0,0.0,23303.55,1.0,0.0,0.0,0.0,regular,0,0,0,0,0,0,1,ZERO_VOL,58.8
2026-03-25 10:13:46.377428,10:13,25,3,2026,2,5,23306.05,23306.05,23306.05,23306.05,0.0,23306.05,0.0,0.0,23306.05,1.0,0.0,0.0,0.0,regular,0,0,0,0,0,0,1,ZERO_VOL,175.2
2026-03-25 10:13:46.494074,10:13,25,3,2026,2,5,23306.05,23306.05,23306.05,23306.05,0.0,23306.05,0.0,0.0,23306.05,1.0,0.0,0.0,0.0,regular,0,0,0,0,0,0,1,ZERO_VOL,116.1
2026-03-25 10:13:46.580618,10:13,25,3,2026,2,5,23305.45,23305.45,23305.45,23305.45,0.0,23305.45,0.0,0.0,23305.45,1.0,0.0,0.0,0.0,regular,0,0,0,0,0,0,1,ZERO_VOL,86.0
2026-03-25 10:13:46.674186,10:13,25,3,2026,2,5,23305.45,23305.45,23305.45,23305.45,0.0,23305.45,0.0,0.0,23305.45,1.0,0.0,0.0,0.0,regular,0,0,0,0,0,0,1,ZERO_VOL,92.8
2026-03-25 10:13:48.224404,10:13,25,3,2026,2,5,23306.15,23306.15,23306.15,23306.15,0.0,23306.15,0.0,0.0,23306.15,1.0,0.0,0.0,0.0,regular,0,0,0,0,0,0,1,ZERO_VOL,94.2
2026-03-25 10:13:48.354380,10:13,25,3,2026,2,5,23306.25,23306.25,23306.25,23306.25,0.0,23306.25,0.0,0.0,23306.25,1.0,0.0,0.0,0.0,regular,0,0,0,0,0,0,1,ZERO_VOL,129.5
2026-03-25 10:13:48.408833,10:13,25,3,2026,2,5,23305.45,23305.45,23305.45,23305.45,0.0,23305.45,0.0,0.0,23305.45,1.0,0.0,0.0,0.0,regular,0,0,0,0,0,0,1,ZERO_VOL,54.0
2026-03-25 10:13:48.525107,10:13,25,3,2026,2,5,23306.6,23306.6,23306.6,23306.6,0.0,23306.6,0.0,0.0,23306.6,1.0,0.0,0.0,0.0,regular,0,0,0,0,0,0,1,ZERO_VOL,115.8
2026-03-25 10:13:48.578441,10:13,25,3,2026,2,5,23303.55,23303.55,23303.55,23303.55,0.0,23303.55,0.0,0.0,23303.55,1.0,0.0,0.0,0.0,regular,0,0,0,0,0,0,1,ZERO_VOL,52.9
2026-03-25 10:13:50.485709,10:13,25,3,2026,2,5,23306.4,23306.4,23306.4,23306.4,0.0,23306.4,0.0,0.0,23306.4,1.0,0.0,0.0,0.0,regular,0,0,0,0,0,0,1,ZERO_VOL,197.3
2026-03-25 10:13:50.563347,10:13,25,3,2026,2,5,23306.95,23306.95,23306.95,23306.95,0.0,23306.95,0.0,0.0,23306.95,1.0,0.0,0.0,0.0,regular,0,0,0,0,0,0,1,ZERO_VOL,77.2
2026-03-25 10:13:50.633775,10:13,25,3,2026,2,5,23306.15,23306.15,23306.15,23306.15,0.0,23306.15,0.0,0.0,23306.15,1.0,0.0,0.0,0.0,regular,0,0,0,0,0,0,1,ZERO_VOL,69.9
2026-03-25 10:13:50.688002,10:13,25,3,2026,2,5,23304.3,23304.3,23304.3,23304.3,0.0,23304.3,0.0,0.0,23304.3,1.0,0.0,0.0,0.0,regular,0,0,0,0,0,0,1,ZERO_VOL,53.6
2026-03-25 10:13:50.835893,10:13,25,3,2026,2,5,23308.5,23308.5,23308.5,23308.5,0.0,23308.5,0.0,0.0,23308.5,1.0,0.0,0.0,0.0,regular,0,0,0,0,0,0,1,ZERO_VOL,147.4
2026-03-25 10:13:52.646655,10:13,25,3,2026,2,5,23308.55,23308.55,23308.55,23308.55,0.0,23308.55,0.0,0.0,23308.55,1.0,0.0,0.0,0.0,regular,0,0,0,0,0,0,1,ZERO_VOL,122.0
2026-03-25 10:13:52.746554,10:13,25,3,2026,2,5,23307.5,23307.5,23307.5,23307.5,0.0,23307.5,0.0,0.0,23307.5,1.0,0.0,0.0,0.0,regular,0,0,0,0,0,0,1,ZERO_VOL,99.4
2026-03-25 10:13:52.893064,10:13,25,3,2026,2,5,23305.4,23305.4,23305.4,23305.4,0.0,23305.4,0.0,0.0,23305.4,1.0,0.0,0.0,0.0,regular,0,0,0,0,0,0,1,ZERO_VOL,145.8
2026-03-25 10:13:52.946462,10:13,25,3,2026,2,5,23304.3,23304.3,23304.3,23304.3,0.0,23304.3,0.0,0.0,23304.3,1.0,0.0,0.0,0.0,regular,0,0,0,0,0,0,1,ZERO_VOL,52.9
2026-03-25 10:13:53.094942,10:13,25,3,2026,2,5,23305.4,23305.4,23305.4,23305.4,0.0,23305.4,0.0,0.0,23305.4,1.0,0.0,0.0,0.0,regular,0,0,0,0,0,0,1,ZERO_VOL,148.0
2026-03-25 10:13:54.650313,10:13,25,3,2026,2,5,23307.1,23307.1,23307.1,23307.1,0.0,23307.1,0.0,0.0,23307.1,1.0,0.0,0.0,0.0,regular,0,0,0,0,0,0,1,ZERO_VOL,102.3
2026-03-25 10:13:54.710262,10:13,25,3,2026,2,5,23305.45,23305.45,23305.45,23305.45,0.0,23305.45,0.0,0.0,23305.45,1.0,0.0,0.0,0.0,regular,0,0,0,0,0,0,1,ZERO_VOL,59.2
2026-03-25 10:13:54.871639,10:13,25,3,2026,2,5,23307.1,23307.1,23307.1,23307.1,0.0,23307.1,0.0,0.0,23307.1,1.0,0.0,0.0,0.0,regular,0,0,0,0,0,0,1,ZERO_VOL,160.9
2026-03-25 10:13:54.950893,10:13,25,3,2026,2,5,23304.3,23304.3,23304.3,23304.3,0.0,23304.3,0.0,0.0,23304.3,1.0,0.0,0.0,0.0,regular,0,0,0,0,0,0,1,ZERO_VOL,78.7
2026-03-25 10:13:55.007407,10:13,25,3,2026,2,5,23306.15,23306.15,23306.15,23306.15,0.0,23306.15,0.0,0.0,23306.15,1.0,0.0,0.0,0.0,regular,0,0,0,0,0,0,1,ZERO_VOL,56.0
2026-03-25 10:13:56.809583,10:13,25,3,2026,2,5,23306.6,23306.6,23306.6,23306.6,0.0,23306.6,0.0,0.0,23306.6,1.0,0.0,0.0,0.0,regular,0,0,0,0,0,0,1,ZERO_VOL,66.6
2026-03-25 10:13:56.869185,10:13,25,3,2026,2,5,23305.4,23305.4,23305.4,23305.4,0.0,23305.4,0.0,0.0,23305.4,1.0,0.0,0.0,0.0,regular,0,0,0,0,0,0,1,ZERO_VOL,59.1
2026-03-25 10:13:56.965164,10:13,25,3,2026,2,5,23304.45,23304.45,23304.45,23304.45,0.0,23304.45,0.0,0.0,23304.45,1.0,0.0,0.0,0.0,regular,0,0,0,0,0,0,1,ZERO_VOL,95.5
2026-03-25 10:13:57.080281,10:13,25,3,2026,2,5,23303.75,23303.75,23303.75,23303.75,0.0,23303.75,0.0,0.0,23303.75,1.0,0.0,0.0,0.0,regular,0,0,0,0,0,0,1,ZERO_VOL,114.6
2026-03-25 10:13:57.223310,10:13,25,3,2026,2,5,23303.75,23303.75,23303.75,23303.75,0.0,23303.75,0.0,0.0,23303.75,1.0,0.0,0.0,0.0,regular,0,0,0,0,0,0,1,ZERO_VOL,142.6
2026-03-25 10:13:59.177755,10:13,25,3,2026,2,5,23304.25,23304.25,23304.25,23304.25,0.0,23304.25,0.0,0.0,23304.25,1.0,0.0,0.0,0.0,regular,0,0,0,0,0,0,1,ZERO_VOL,134.4
2026-03-25 10:13:59.270953,10:13,25,3,2026,2,5,23304.25,23304.25,23304.25,23304.25,0.0,23304.25,0.0,0.0,23304.25,1.0,0.0,0.0,0.0,regular,0,0,0,0,0,0,1,ZERO_VOL,92.7
2026-03-25 10:13:59.396815,10:13,25,3,2026,2,5,23304.25,23304.25,23304.25,23304.25,0.0,23304.25,0.0,0.0,23304.25,1.0,0.0,0.0,0.0,regular,0,0,0,0,0,0,1,ZERO_VOL,125.3
2026-03-25 10:13:59.495253,10:13,25,3,2026,2,5,23303.55,23303.55,23303.55,23303.55,0.0,23303.55,0.0,0.0,23303.55,1.0,0.0,0.0,0.0,regular,0,0,0,0,0,0,1,ZERO_VOL,98.0
2026-03-25 10:13:59.620132,10:13,25,3,2026,2,5,23304.25,23304.25,23304.25,23304.25,0.0,23304.25,0.0,0.0,23304.25,1.0,0.0,0.0,0.0,regular,0,0,0,0,0,0,1,ZERO_VOL,124.3
2026-03-25 10:14:01.517531,10:14,25,3,2026,2,5,23303.6,23310.1,23301.55,23304.15,0.0,23305.27,8.55,0.0024,23305.27,1.0004,6.44,5.95,2.05,regular,0,0,0,0,0,0,1,ZERO_VOL,125.0
2026-03-25 10:14:01.578538,10:14,25,3,2026,2,5,23307.1,23307.1,23307.1,23307.1,0.0,23307.1,0.0,0.0,23307.1,1.0,0.0,0.0,0.0,regular,0,0,0,0,0,0,1,ZERO_VOL,60.5
2026-03-25 10:14:01.636863,10:14,25,3,2026,2,5,23304.25,23304.25,23304.25,23304.25,0.0,23304.25,0.0,0.0,23304.25,1.0,0.0,0.0,0.0,regular,0,0,0,0,0,0,1,ZERO_VOL,57.8
2026-03-25 10:14:01.693776,10:14,25,3,2026,2,5,23304.25,23304.25,23304.25,23304.25,0.0,23304.25,0.0,0.0,23304.25,1.0,0.0,0.0,0.0,regular,0,0,0,0,0,0,1,ZERO_VOL,56.4
2026-03-25 10:14:01.810015,10:14,25,3,2026,2,5,23303.6,23310.1,23301.55,23304.15,0.0,23305.27,8.55,0.0024,23305.27,1.0004,6.44,5.95,2.05,regular,0,0,0,0,0,0,1,ZERO_VOL,115.7
2026-03-25 10:14:03.936955,10:14,25,3,2026,2,5,23303.3,23303.3,23303.3,23303.3,0.0,23303.3,0.0,0.0,23303.3,1.0,0.0,0.0,0.0,regular,0,0,0,0,0,0,1,ZERO_VOL,95.0
2026-03-25 10:14:04.032813,10:14,25,3,2026,2,5,23303.3,23303.3,23303.3,23303.3,0.0,23303.3,0.0,0.0,23303.3,1.0,0.0,0.0,0.0,regular,0,0,0,0,0,0,1,ZERO_VOL,95.4
2026-03-25 10:14:04.152753,10:14,25,3,2026,2,5,23304.75,23304.75,23304.75,23304.75,0.0,23304.75,0.0,0.0,23304.75,1.0,0.0,0.0,0.0,regular,0,0,0,0,0,0,1,ZERO_VOL,119.4
2026-03-25 10:14:04.208391,10:14,25,3,2026,2,5,23304.25,23304.25,23304.25,23304.25,0.0,23304.25,0.0,0.0,23304.25,1.0,0.0,0.0,0.0,regular,0,0,0,0,0,0,1,ZERO_VOL,55.1
2026-03-25 10:14:04.374306,10:14,25,3,2026,2,5,23304.75,23304.75,23304.75,23304.75,0.0,23304.75,0.0,0.0,23304.75,1.0,0.0,0.0,0.0,regular,0,0,0,0,0,0,1,ZERO_VOL,165.4
2026-03-25 10:14:06.021940,10:14,25,3,2026,2,5,23304.75,23304.75,23304.75,23304.75,0.0,23304.75,0.0,0.0,23304.75,1.0,0.0,0.0,0.0,regular,0,0,0,0,0,0,1,ZERO_VOL,54.8
2026-03-25 10:14:06.109660,10:14,25,3,2026,2,5,23303.95,23303.95,23303.95,23303.95,0.0,23303.95,0.0,0.0,23303.95,1.0,0.0,0.0,0.0,regular,0,0,0,0,0,0,1,ZERO_VOL,87.3
2026-03-25 10:14:06.269829,10:14,25,3,2026,2,5,23303.95,23303.95,23303.95,23303.95,0.0,23303.95,0.0,0.0,23303.95,1.0,0.0,0.0,0.0,regular,0,0,0,0,0,0,1,ZERO_VOL,159.7
2026-03-25 10:14:06.449708,10:14,25,3,2026,2,5,23303.8,23303.8,23303.8,23303.8,0.0,23303.8,0.0,0.0,23303.8,1.0,0.0,0.0,0.0,regular,0,0,0,0,0,0,1,ZERO_VOL,179.3
2026-03-25 10:14:06.546667,10:14,25,3,2026,2,5,23302.45,23302.45,23302.45,23302.45,0.0,23302.45,0.0,0.0,23302.45,1.0,0.0,0.0,0.0,regular,0,0,0,0,0,0,1,ZERO_VOL,96.4
2026-03-25 10:14:08.530694,10:14,25,3,2026,2,5,23300.65,23300.65,23300.65,23300.65,0.0,23300.65,0.0,0.0,23300.65,1.0,0.0,0.0,0.0,regular,0,0,0,0,0,0,1,ZERO_VOL,79.3
2026-03-25 10:14:08.593847,10:14,25,3,2026,2,5,23304.25,23304.25,23304.25,23304.25,0.0,23304.25,0.0,0.0,23304.25,1.0,0.0,0.0,0.0,regular,0,0,0,0,0,0,1,ZERO_VOL,62.6
2026-03-25 10:14:08.759185,10:14,25,3,2026,2,5,23300.65,23300.65,23300.65,23300.65,0.0,23300.65,0.0,0.0,23300.65,1.0,0.0,0.0,0.0,regular,0,0,0,0,0,0,1,ZERO_VOL,164.8
2026-03-25 10:14:08.858174,10:14,25,3,2026,2,5,23300.65,23300.65,23300.65,23300.65,0.0,23300.65,0.0,0.0,23300.65,1.0,0.0,0.0,0.0,regular,0,0,0,0,0,0,1,ZERO_VOL,98.4
2026-03-25 10:14:08.913912,10:14,25,3,2026,2,5,23304.25,23304.25,23304.25,23304.25,0.0,23304.25,0.0,0.0,23304.25,1.0,0.0,0.0,0.0,regular,0,0,0,0,0,0,1,ZERO_VOL,55.3
2026-03-25 10:14:10.750354,10:14,25,3,2026,2,5,23302.6,23302.6,23302.6,23302.6,0.0,23302.6,0.0,0.0,23302.6,1.0,0.0,0.0,0.0,regular,0,0,0,0,0,0,1,ZERO_VOL,94.0
2026-03-25 10:14:10.854464,10:14,25,3,2026,2,5,23302.6,23302.6,23302.6,23302.6,0.0,23302.6,0.0,0.0,23302.6,1.0,0.0,0.0,0.0,regular,0,0,0,0,0,0,1,ZERO_VOL,103.6
2026-03-25 10:14:10.940199,10:14,25,3,2026,2,5,23302.6,23302.6,23302.6,23302.6,0.0,23302.6,0.0,0.0,23302.6,1.0,0.0,0.0,0.0,regular,0,0,0,0,0,0,1,ZERO_VOL,85.2
2026-03-25 10:14:11.057514,10:14,25,3,2026,2,5,23302.6,23302.6,23302.6,23302.6,0.0,23302.6,0.0,0.0,23302.6,1.0,0.0,0.0,0.0,regular,0,0,0,0,0,0,1,ZERO_VOL,116.8
2026-03-25 10:14:11.191326,10:14,25,3,2026,2,5,23301.7,23301.7,23301.7,23301.7,0.0,23301.7,0.0,0.0,23301.7,1.0,0.0,0.0,0.0,regular,0,0,0,0,0,0,1,ZERO_VOL,133.3
2026-03-25 10:14:12.906441,10:14,25,3,2026,2,5,23302.85,23302.85,23302.85,23302.85,0.0,23302.85,0.0,0.0,23302.85,1.0,0.0,0.0,0.0,regular,0,0,0,0,0,0,1,ZERO_VOL,89.0
2026-03-25 10:14:13.046638,10:14,25,3,2026,2,5,23302.85,23302.85,23302.85,23302.85,0.0,23302.85,0.0,0.0,23302.85,1.0,0.0,0.0,0.0,regular,0,0,0,0,0,0,1,ZERO_VOL,139.7
2026-03-25 10:14:13.102041,10:14,25,3,2026,2,5,23302.45,23302.45,23302.45,23302.45,0.0,23302.45,0.0,0.0,23302.45,1.0,0.0,0.0,0.0,regular,0,0,0,0,0,0,1,ZERO_VOL,54.9
2026-03-25 10:14:13.159123,10:14,25,3,2026,2,5,23302.6,23302.6,23302.6,23302.6,0.0,23302.6,0.0,0.0,23302.6,1.0,0.0,0.0,0.0,regular,0,0,0,0,0,0,1,ZERO_VOL,56.6
2026-03-25 10:14:13.337805,10:14,25,3,2026,2,5,23302.85,23302.85,23302.85,23302.85,0.0,23302.85,0.0,0.0,23302.85,1.0,0.0,0.0,0.0,regular,0,0,0,0,0,0,1,ZERO_VOL,178.2
2026-03-25 10:14:15.120381,10:14,25,3,2026,2,5,23301.35,23301.35,23301.35,23301.35,0.0,23301.35,0.0,0.0,23301.35,1.0,0.0,0.0,0.0,regular,0,0,0,0,0,0,1,ZERO_VOL,89.2
2026-03-25 10:14:15.266310,10:14,25,3,2026,2,5,23301.35,23301.35,23301.35,23301.35,0.0,23301.35,0.0,0.0,23301.35,1.0,0.0,0.0,0.0,regular,0,0,0,0,0,0,1,ZERO_VOL,145.4
2026-03-25 10:14:15.323040,10:14,25,3,2026,2,5,23302.6,23302.6,23302.6,23302.6,0.0,23302.6,0.0,0.0,23302.6,1.0,0.0,0.0,0.0,regular,0,0,0,0,0,0,1,ZERO_VOL,56.2
2026-03-25 10:14:15.469814,10:14,25,3,2026,2,5,23301.35,23301.35,23301.35,23301.35,0.0,23301.35,0.0,0.0,23301.35,1.0,0.0,0.0,0.0,regular,0,0,0,0,0,0,1,ZERO_VOL,146.3
2026-03-25 10:14:15.623167,10:14,25,3,2026,2,5,23301.35,23301.35,23301.35,23301.35,0.0,23301.35,0.0,0.0,23301.35,1.0,0.0,0.0,0.0,regular,0,0,0,0,0,0,1,ZERO_VOL,152.6
2026-03-25 10:14:17.217921,10:14,25,3,2026,2,5,23300.35,23300.35,23300.35,23300.35,0.0,23300.35,0.0,0.0,23300.35,1.0,0.0,0.0,0.0,regular,0,0,0,0,0,0,1,ZERO_VOL,89.0
2026-03-25 10:14:17.272846,10:14,25,3,2026,2,5,23301.35,23301.35,23301.35,23301.35,0.0,23301.35,0.0,0.0,23301.35,1.0,0.0,0.0,0.0,regular,0,0,0,0,0,0,1,ZERO_VOL,54.5
2026-03-25 10:14:17.378645,10:14,25,3,2026,2,5,23300.35,23300.35,23300.35,23300.35,0.0,23300.35,0.0,0.0,23300.35,1.0,0.0,0.0,0.0,regular,0,0,0,0,0,0,1,ZERO_VOL,105.3
2026-03-25 10:14:17.473556,10:14,25,3,2026,2,5,23300.95,23300.95,23300.95,23300.95,0.0,23300.95,0.0,0.0,23300.95,1.0,0.0,0.0,0.0,regular,0,0,0,0,0,0,1,ZERO_VOL,94.4
2026-03-25 10:14:17.549278,10:14,25,3,2026,2,5,23300.95,23300.95,23300.95,23300.95,0.0,23300.95,0.0,0.0,23300.95,1.0,0.0,0.0,0.0,regular,0,0,0,0,0,0,1,ZERO_VOL,75.3
2026-03-25 10:14:19.323053,10:14,25,3,2026,2,5,23300.05,23300.05,23300.05,23300.05,0.0,23300.05,0.0,0.0,23300.05,1.0,0.0,0.0,0.0,regular,0,0,0,0,0,0,1,ZERO_VOL,113.7
2026-03-25 10:14:19.412538,10:14,25,3,2026,2,5,23304.5,23304.5,23304.5,23304.5,0.0,23304.5,0.0,0.0,23304.5,1.0,0.0,0.0,0.0,regular,0,0,0,0,0,0,1,ZERO_VOL,89.0
2026-03-25 10:14:19.468366,10:14,25,3,2026,2,5,23301.35,23301.35,23301.35,23301.35,0.0,23301.35,0.0,0.0,23301.35,1.0,0.0,0.0,0.0,regular,0,0,0,0,0,0,1,ZERO_VOL,55.3
2026-03-25 10:14:19.555071,10:14,25,3,2026,2,5,23304.5,23304.5,23304.5,23304.5,0.0,23304.5,0.0,0.0,23304.5,1.0,0.0,0.0,0.0,regular,0,0,0,0,0,0,1,ZERO_VOL,86.2
2026-03-25 10:14:19.671422,10:14,25,3,2026,2,5,23300.05,23300.05,23300.05,23300.05,0.0,23300.05,0.0,0.0,23300.05,1.0,0.0,0.0,0.0,regular,0,0,0,0,0,0,1,ZERO_VOL,115.9
2026-03-25 10:14:21.630327,10:14,25,3,2026,2,5,23301.75,23301.75,23301.75,23301.75,0.0,23301.75,0.0,0.0,23301.75,1.0,0.0,0.0,0.0,regular,0,0,0,0,0,0,1,ZERO_VOL,122.9
2026-03-25 10:14:21.755058,10:14,25,3,2026,2,5,23302.75,23302.75,23302.75,23302.75,0.0,23302.75,0.0,0.0,23302.75,1.0,0.0,0.0,0.0,regular,0,0,0,0,0,0,1,ZERO_VOL,124.2
2026-03-25 10:14:21.817823,10:14,25,3,2026,2,5,23302.85,23302.85,23302.85,23302.85,0.0,23302.85,0.0,0.0,23302.85,1.0,0.0,0.0,0.0,regular,0,0,0,0,0,0,1,ZERO_VOL,62.2
2026-03-25 10:14:21.883273,10:14,25,3,2026,2,5,23301.75,23301.75,23301.75,23301.75,0.0,23301.75,0.0,0.0,23301.75,1.0,0.0,0.0,0.0,regular,0,0,0,0,0,0,1,ZERO_VOL,65.0
2026-03-25 10:14:21.945735,10:14,25,3,2026,2,5,23301.35,23301.35,23301.35,23301.35,0.0,23301.35,0.0,0.0,23301.35,1.0,0.0,0.0,0.0,regular,0,0,0,0,0,0,1,ZERO_VOL,62.0
2026-03-25 10:14:23.792975,10:14,25,3,2026,2,5,23301.7,23301.7,23301.7,23301.7,0.0,23301.7,0.0,0.0,23301.7,1.0,0.0,0.0,0.0,regular,0,0,0,0,0,0,1,ZERO_VOL,92.5
2026-03-25 10:14:23.877990,10:14,25,3,2026,2,5,23301.35,23301.35,23301.35,23301.35,0.0,23301.35,0.0,0.0,23301.35,1.0,0.0,0.0,0.0,regular,0,0,0,0,0,0,1,ZERO_VOL,84.5
2026-03-25 10:14:24.015632,10:14,25,3,2026,2,5,23301.7,23301.7,23301.7,23301.7,0.0,23301.7,0.0,0.0,23301.7,1.0,0.0,0.0,0.0,regular,0,0,0,0,0,0,1,ZERO_VOL,137.1
2026-03-25 10:14:24.163531,10:14,25,3,2026,2,5,23301.7,23301.7,23301.7,23301.7,0.0,23301.7,0.0,0.0,23301.7,1.0,0.0,0.0,0.0,regular,0,0,0,0,0,0,1,ZERO_VOL,147.3
2026-03-25 10:14:24.221515,10:14,25,3,2026,2,5,23300.95,23300.95,23300.95,23300.95,0.0,23300.95,0.0,0.0,23300.95,1.0,0.0,0.0,0.0,regular,0,0,0,0,0,0,1,ZERO_VOL,57.4
2026-03-25 10:14:25.879056,10:14,25,3,2026,2,5,23301.7,23301.7,23301.7,23301.7,0.0,23301.7,0.0,0.0,23301.7,1.0,0.0,0.0,0.0,regular,0,0,0,0,0,0,1,ZERO_VOL,65.0
2026-03-25 10:14:26.004640,10:14,25,3,2026,2,5,23302.55,23302.55,23302.55,23302.55,0.0,23302.55,0.0,0.0,23302.55,1.0,0.0,0.0,0.0,regular,0,0,0,0,0,0,1,ZERO_VOL,125.0
2026-03-25 10:14:26.124148,10:14,25,3,2026,2,5,23302.55,23302.55,23302.55,23302.55,0.0,23302.55,0.0,0.0,23302.55,1.0,0.0,0.0,0.0,regular,0,0,0,0,0,0,1,ZERO_VOL,119.0
2026-03-25 10:14:26.208257,10:14,25,3,2026,2,5,23302.55,23302.55,23302.55,23302.55,0.0,23302.55,0.0,0.0,23302.55,1.0,0.0,0.0,0.0,regular,0,0,0,0,0,0,1,ZERO_VOL,83.6
2026-03-25 10:14:26.316174,10:14,25,3,2026,2,5,23302.55,23302.55,23302.55,23302.55,0.0,23302.55,0.0,0.0,23302.55,1.0,0.0,0.0,0.0,regular,0,0,0,0,0,0,1,ZERO_VOL,107.5
2026-03-25 10:14:28.128680,10:14,25,3,2026,2,5,23303.35,23303.35,23303.35,23303.35,0.0,23303.35,0.0,0.0,23303.35,1.0,0.0,0.0,0.0,regular,0,0,0,0,0,0,1,ZERO_VOL,113.7
2026-03-25 10:14:28.245185,10:14,25,3,2026,2,5,23303.35,23303.35,23303.35,23303.35,0.0,23303.35,0.0,0.0,23303.35,1.0,0.0,0.0,0.0,regular,0,0,0,0,0,0,1,ZERO_VOL,116.0
2026-03-25 10:14:28.299232,10:14,25,3,2026,2,5,23301.7,23301.7,23301.7,23301.7,0.0,23301.7,0.0,0.0,23301.7,1.0,0.0,0.0,0.0,regular,0,0,0,0,0,0,1,ZERO_VOL,53.5
2026-03-25 10:14:28.396267,10:14,25,3,2026,2,5,23303.35,23303.35,23303.35,23303.35,0.0,23303.35,0.0,0.0,23303.35,1.0,0.0,0.0,0.0,regular,0,0,0,0,0,0,1,ZERO_VOL,96.6
2026-03-25 10:14:28.476881,10:14,25,3,2026,2,5,23303.5,23303.5,23303.5,23303.5,0.0,23303.5,0.0,0.0,23303.5,1.0,0.0,0.0,0.0,regular,0,0,0,0,0,0,1,ZERO_VOL,80.2
2026-03-25 10:14:30.344532,10:14,25,3,2026,2,5,23299.8,23299.8,23299.8,23299.8,0.0,23299.8,0.0,0.0,23299.8,1.0,0.0,0.0,0.0,regular,0,0,0,0,0,0,1,ZERO_VOL,152.2
2026-03-25 10:14:30.441569,10:14,25,3,2026,2,5,23299.85,23299.85,23299.85,23299.85,0.0,23299.85,0.0,0.0,23299.85,1.0,0.0,0.0,0.0,regular,0,0,0,0,0,0,1,ZERO_VOL,96.6
2026-03-25 10:14:30.502798,10:14,25,3,2026,2,5,23303.35,23303.35,23303.35,23303.35,0.0,23303.35,0.0,0.0,23303.35,1.0,0.0,0.0,0.0,regular,0,0,0,0,0,0,1,ZERO_VOL,60.7
2026-03-25 10:14:30.640334,10:14,25,3,2026,2,5,23299.8,23299.8,23299.8,23299.8,0.0,23299.8,0.0,0.0,23299.8,1.0,0.0,0.0,0.0,regular,0,0,0,0,0,0,1,ZERO_VOL,137.1
2026-03-25 10:14:30.744679,10:14,25,3,2026,2,5,23299.85,23299.85,23299.85,23299.85,0.0,23299.85,0.0,0.0,23299.85,1.0,0.0,0.0,0.0,regular,0,0,0,0,0,0,1,ZERO_VOL,103.9
2026-03-25 10:14:32.625271,10:14,25,3,2026,2,5,23303.5,23303.5,23303.5,23303.5,0.0,23303.5,0.0,0.0,23303.5,1.0,0.0,0.0,0.0,regular,0,0,0,0,0,0,1,ZERO_VOL,59.1
2026-03-25 10:14:32.768270,10:14,25,3,2026,2,5,23302.95,23302.95,23302.95,23302.95,0.0,23302.95,0.0,0.0,23302.95,1.0,0.0,0.0,0.0,regular,0,0,0,0,0,0,1,ZERO_VOL,142.5
2026-03-25 10:14:32.865737,10:14,25,3,2026,2,5,23302.95,23302.95,23302.95,23302.95,0.0,23302.95,0.0,0.0,23302.95,1.0,0.0,0.0,0.0,regular,0,0,0,0,0,0,1,ZERO_VOL,96.9
2026-03-25 10:14:32.921281,10:14,25,3,2026,2,5,23303.5,23303.5,23303.5,23303.5,0.0,23303.5,0.0,0.0,23303.5,1.0,0.0,0.0,0.0,regular,0,0,0,0,0,0,1,ZERO_VOL,55.0
2026-03-25 10:14:33.011701,10:14,25,3,2026,2,5,23302.95,23302.95,23302.95,23302.95,0.0,23302.95,0.0,0.0,23302.95,1.0,0.0,0.0,0.0,regular,0,0,0,0,0,0,1,ZERO_VOL,89.9
2026-03-25 10:14:34.872835,10:14,25,3,2026,2,5,23303.5,23303.5,23303.5,23303.5,0.0,23303.5,0.0,0.0,23303.5,1.0,0.0,0.0,0.0,regular,0,0,0,0,0,0,1,ZERO_VOL,55.0
2026-03-25 10:14:35.021491,10:14,25,3,2026,2,5,23302.95,23302.95,23302.95,23302.95,0.0,23302.95,0.0,0.0,23302.95,1.0,0.0,0.0,0.0,regular,0,0,0,0,0,0,1,ZERO_VOL,148.1
2026-03-25 10:14:35.117845,10:14,25,3,2026,2,5,23302.95,23302.95,23302.95,23302.95,0.0,23302.95,0.0,0.0,23302.95,1.0,0.0,0.0,0.0,regular,0,0,0,0,0,0,1,ZERO_VOL,95.6
2026-03-25 10:14:35.176311,10:14,25,3,2026,2,5,23299.85,23299.85,23299.85,23299.85,0.0,23299.85,0.0,0.0,23299.85,1.0,0.0,0.0,0.0,regular,0,0,0,0,0,0,1,ZERO_VOL,58.0
2026-03-25 10:14:35.271763,10:14,25,3,2026,2,5,23302.95,23302.95,23302.95,23302.95,0.0,23302.95,0.0,0.0,23302.95,1.0,0.0,0.0,0.0,regular,0,0,0,0,0,0,1,ZERO_VOL,94.9
2026-03-25 10:14:36.949902,10:14,25,3,2026,2,5,23302.95,23302.95,23302.95,23302.95,0.0,23302.95,0.0,0.0,23302.95,1.0,0.0,0.0,0.0,regular,0,0,0,0,0,0,1,ZERO_VOL,66.4
2026-03-25 10:14:37.015696,10:14,25,3,2026,2,5,23299.8,23299.8,23299.8,23299.8,0.0,23299.8,0.0,0.0,23299.8,1.0,0.0,0.0,0.0,regular,0,0,0,0,0,0,1,ZERO_VOL,65.3
2026-03-25 10:14:37.177236,10:14,25,3,2026,2,5,23306.4,23306.4,23306.4,23306.4,0.0,23306.4,0.0,0.0,23306.4,1.0,0.0,0.0,0.0,regular,0,0,0,0,0,0,1,ZERO_VOL,161.1
2026-03-25 10:14:37.237016,10:14,25,3,2026,2,5,23303.35,23303.35,23303.35,23303.35,0.0,23303.35,0.0,0.0,23303.35,1.0,0.0,0.0,0.0,regular,0,0,0,0,0,0,1,ZERO_VOL,59.2
2026-03-25 10:14:37.290705,10:14,25,3,2026,2,5,23303.5,23303.5,23303.5,23303.5,0.0,23303.5,0.0,0.0,23303.5,1.0,0.0,0.0,0.0,regular,0,0,0,0,0,0,1,ZERO_VOL,53.2
2026-03-25 10:14:39.176770,10:14,25,3,2026,2,5,23305.35,23305.35,23305.35,23305.35,0.0,23305.35,0.0,0.0,23305.35,1.0,0.0,0.0,0.0,regular,0,0,0,0,0,0,1,ZERO_VOL,87.9
2026-03-25 10:14:39.260609,10:14,25,3,2026,2,5,23305.35,23305.35,23305.35,23305.35,0.0,23305.35,0.0,0.0,23305.35,1.0,0.0,0.0,0.0,regular,0,0,0,0,0,0,1,ZERO_VOL,83.4
2026-03-25 10:14:39.316452,10:14,25,3,2026,2,5,23299.85,23299.85,23299.85,23299.85,0.0,23299.85,0.0,0.0,23299.85,1.0,0.0,0.0,0.0,regular,0,0,0,0,0,0,1,ZERO_VOL,55.4
2026-03-25 10:14:39.435189,10:14,25,3,2026,2,5,23305.35,23305.35,23305.35,23305.35,0.0,23305.35,0.0,0.0,23305.35,1.0,0.0,0.0,0.0,regular,0,0,0,0,0,0,1,ZERO_VOL,118.2
2026-03-25 10:14:39.596987,10:14,25,3,2026,2,5,23306.45,23306.45,23306.45,23306.45,0.0,23306.45,0.0,0.0,23306.45,1.0,0.0,0.0,0.0,regular,0,0,0,0,0,0,1,ZERO_VOL,161.3
2026-03-25 10:14:41.558043,10:14,25,3,2026,2,5,23307.95,23307.95,23307.95,23307.95,0.0,23307.95,0.0,0.0,23307.95,1.0,0.0,0.0,0.0,regular,0,0,0,0,0,0,1,ZERO_VOL,155.3
2026-03-25 10:14:41.712363,10:14,25,3,2026,2,5,23307.95,23307.95,23307.95,23307.95,0.0,23307.95,0.0,0.0,23307.95,1.0,0.0,0.0,0.0,regular,0,0,0,0,0,0,1,ZERO_VOL,153.9
2026-03-25 10:14:41.819971,10:14,25,3,2026,2,5,23307.95,23307.95,23307.95,23307.95,0.0,23307.95,0.0,0.0,23307.95,1.0,0.0,0.0,0.0,regular,0,0,0,0,0,0,1,ZERO_VOL,107.1
2026-03-25 10:14:41.939250,10:14,25,3,2026,2,5,23307.95,23307.95,23307.95,23307.95,0.0,23307.95,0.0,0.0,23307.95,1.0,0.0,0.0,0.0,regular,0,0,0,0,0,0,1,ZERO_VOL,118.4
2026-03-25 10:14:42.098737,10:14,25,3,2026,2,5,23307.95,23307.95,23307.95,23307.95,0.0,23307.95,0.0,0.0,23307.95,1.0,0.0,0.0,0.0,regular,0,0,0,0,0,0,1,ZERO_VOL,158.9
2026-03-25 10:14:44.061309,10:14,25,3,2026,2,5,23306.55,23306.55,23306.55,23306.55,0.0,23306.55,0.0,0.0,23306.55,1.0,0.0,0.0,0.0,regular,0,0,0,0,0,0,1,ZERO_VOL,119.1
2026-03-25 10:14:44.215433,10:14,25,3,2026,2,5,23306.55,23306.55,23306.55,23306.55,0.0,23306.55,0.0,0.0,23306.55,1.0,0.0,0.0,0.0,regular,0,0,0,0,0,0,1,ZERO_VOL,153.7
2026-03-25 10:14:44.343642,10:14,25,3,2026,2,5,23306.55,23306.55,23306.55,23306.55,0.0,23306.55,0.0,0.0,23306.55,1.0,0.0,0.0,0.0,regular,0,0,0,0,0,0,1,ZERO_VOL,127.6
2026-03-25 10:14:44.455759,10:14,25,3,2026,2,5,23307.0,23307.0,23307.0,23307.0,0.0,23307.0,0.0,0.0,23307.0,1.0,0.0,0.0,0.0,regular,0,0,0,0,0,0,1,ZERO_VOL,111.6
2026-03-25 10:14:44.543240,10:14,25,3,2026,2,5,23307.0,23307.0,23307.0,23307.0,0.0,23307.0,0.0,0.0,23307.0,1.0,0.0,0.0,0.0,regular,0,0,0,0,0,0,1,ZERO_VOL,86.9
2026-03-25 10:14:46.884708,10:14,25,3,2026,2,5,23308.1,23308.1,23308.1,23308.1,0.0,23308.1,0.0,0.0,23308.1,1.0,0.0,0.0,0.0,regular,0,0,0,0,0,0,1,ZERO_VOL,171.2
2026-03-25 10:14:46.981166,10:14,25,3,2026,2,5,23308.1,23308.1,23308.1,23308.1,0.0,23308.1,0.0,0.0,23308.1,1.0,0.0,0.0,0.0,regular,0,0,0,0,0,0,1,ZERO_VOL,96.0
2026-03-25 10:14:47.080370,10:14,25,3,2026,2,5,23308.1,23308.1,23308.1,23308.1,0.0,23308.1,0.0,0.0,23308.1,1.0,0.0,0.0,0.0,regular,0,0,0,0,0,0,1,ZERO_VOL,98.7
2026-03-25 10:14:47.225490,10:14,25,3,2026,2,5,23308.1,23308.1,23308.1,23308.1,0.0,23308.1,0.0,0.0,23308.1,1.0,0.0,0.0,0.0,regular,0,0,0,0,0,0,1,ZERO_VOL,144.7
2026-03-25 10:14:47.371240,10:14,25,3,2026,2,5,23308.1,23308.1,23308.1,23308.1,0.0,23308.1,0.0,0.0,23308.1,1.0,0.0,0.0,0.0,regular,0,0,0,0,0,0,1,ZERO_VOL,145.1
2026-03-25 10:14:49.280340,10:14,25,3,2026,2,5,23307.3,23307.3,23307.3,23307.3,0.0,23307.3,0.0,0.0,23307.3,1.0,0.0,0.0,0.0,regular,0,0,0,0,0,0,1,ZERO_VOL,106.6
2026-03-25 10:14:49.379974,10:14,25,3,2026,2,5,23307.3,23307.3,23307.3,23307.3,0.0,23307.3,0.0,0.0,23307.3,1.0,0.0,0.0,0.0,regular,0,0,0,0,0,0,1,ZERO_VOL,99.1
2026-03-25 10:14:49.440410,10:14,25,3,2026,2,5,23305.35,23305.35,23305.35,23305.35,0.0,23305.35,0.0,0.0,23305.35,1.0,0.0,0.0,0.0,regular,0,0,0,0,0,0,1,ZERO_VOL,59.9
2026-03-25 10:14:49.572144,10:14,25,3,2026,2,5,23307.3,23307.3,23307.3,23307.3,0.0,23307.3,0.0,0.0,23307.3,1.0,0.0,0.0,0.0,regular,0,0,0,0,0,0,1,ZERO_VOL,131.2
2026-03-25 10:14:49.701753,10:14,25,3,2026,2,5,23307.3,23307.3,23307.3,23307.3,0.0,23307.3,0.0,0.0,23307.3,1.0,0.0,0.0,0.0,regular,0,0,0,0,0,0,1,ZERO_VOL,129.1
2026-03-25 10:14:51.853742,10:14,25,3,2026,2,5,23306.35,23306.35,23306.35,23306.35,0.0,23306.35,0.0,0.0,23306.35,1.0,0.0,0.0,0.0,regular,0,0,0,0,0,0,1,ZERO_VOL,163.9
2026-03-25 10:14:51.915047,10:14,25,3,2026,2,5,23307.3,23307.3,23307.3,23307.3,0.0,23307.3,0.0,0.0,23307.3,1.0,0.0,0.0,0.0,regular,0,0,0,0,0,0,1,ZERO_VOL,60.8
2026-03-25 10:14:52.053545,10:14,25,3,2026,2,5,23306.35,23306.35,23306.35,23306.35,0.0,23306.35,0.0,0.0,23306.35,1.0,0.0,0.0,0.0,regular,0,0,0,0,0,0,1,ZERO_VOL,138.0
2026-03-25 10:14:52.113728,10:14,25,3,2026,2,5,23308.1,23308.1,23308.1,23308.1,0.0,23308.1,0.0,0.0,23308.1,1.0,0.0,0.0,0.0,regular,0,0,0,0,0,0,1,ZERO_VOL,59.7
2026-03-25 10:14:52.208098,10:14,25,3,2026,2,5,23306.35,23306.35,23306.35,23306.35,0.0,23306.35,0.0,0.0,23306.35,1.0,0.0,0.0,0.0,regular,0,0,0,0,0,0,1,ZERO_VOL,93.8
2026-03-25 10:14:54.175757,10:14,25,3,2026,2,5,23307.0,23307.0,23307.0,23307.0,0.0,23307.0,0.0,0.0,23307.0,1.0,0.0,0.0,0.0,regular,0,0,0,0,0,0,1,ZERO_VOL,93.4
2026-03-25 10:14:54.305611,10:14,25,3,2026,2,5,23307.0,23307.0,23307.0,23307.0,0.0,23307.0,0.0,0.0,23307.0,1.0,0.0,0.0,0.0,regular,0,0,0,0,0,0,1,ZERO_VOL,129.4
2026-03-25 10:14:54.401943,10:14,25,3,2026,2,5,23307.0,23307.0,23307.0,23307.0,0.0,23307.0,0.0,0.0,23307.0,1.0,0.0,0.0,0.0,regular,0,0,0,0,0,0,1,ZERO_VOL,95.8
2026-03-25 10:14:54.489681,10:14,25,3,2026,2,5,23306.1,23306.1,23306.1,23306.1,0.0,23306.1,0.0,0.0,23306.1,1.0,0.0,0.0,0.0,regular,0,0,0,0,0,0,1,ZERO_VOL,87.3
2026-03-25 10:14:54.634845,10:14,25,3,2026,2,5,23307.0,23307.0,23307.0,23307.0,0.0,23307.0,0.0,0.0,23307.0,1.0,0.0,0.0,0.0,regular,0,0,0,0,0,0,1,ZERO_VOL,144.7
2026-03-25 10:14:56.240494,10:14,25,3,2026,2,5,23303.75,23303.75,23303.75,23303.75,0.0,23303.75,0.0,0.0,23303.75,1.0,0.0,0.0,0.0,regular,0,0,0,0,0,0,1,ZERO_VOL,77.7
2026-03-25 10:14:56.371214,10:14,25,3,2026,2,5,23306.1,23306.1,23306.1,23306.1,0.0,23306.1,0.0,0.0,23306.1,1.0,0.0,0.0,0.0,regular,0,0,0,0,0,0,1,ZERO_VOL,130.3
2026-03-25 10:14:56.430344,10:14,25,3,2026,2,5,23307.3,23307.3,23307.3,23307.3,0.0,23307.3,0.0,0.0,23307.3,1.0,0.0,0.0,0.0,regular,0,0,0,0,0,0,1,ZERO_VOL,58.6
2026-03-25 10:14:56.561417,10:14,25,3,2026,2,5,23306.2,23306.2,23306.2,23306.2,0.0,23306.2,0.0,0.0,23306.2,1.0,0.0,0.0,0.0,regular,0,0,0,0,0,0,1,ZERO_VOL,130.6
2026-03-25 10:14:56.624353,10:14,25,3,2026,2,5,23307.0,23307.0,23307.0,23307.0,0.0,23307.0,0.0,0.0,23307.0,1.0,0.0,0.0,0.0,regular,0,0,0,0,0,0,1,ZERO_VOL,62.5
2026-03-25 10:15:01.776433,10:15,25,3,2026,2,5,23304.35,23308.35,23299.8,23305.55,0.0,23304.57,8.55,0.0052,23304.57,1.0004,14.05,2.8,4.55,regular,0,0,0,0,0,0,1,ZERO_VOL,119.4
2026-03-25 10:15:01.936365,10:15,25,3,2026,2,5,23307.9,23307.9,23307.9,23307.9,0.0,23307.9,0.0,0.0,23307.9,1.0,0.0,0.0,0.0,regular,0,0,0,0,0,0,1,ZERO_VOL,159.4
2026-03-25 10:15:02.035318,10:15,25,3,2026,2,5,23307.9,23307.9,23307.9,23307.9,0.0,23307.9,0.0,0.0,23307.9,1.0,0.0,0.0,0.0,regular,0,0,0,0,0,0,1,ZERO_VOL,98.4
2026-03-25 10:15:02.189753,10:15,25,3,2026,2,5,23307.9,23307.9,23307.9,23307.9,0.0,23307.9,0.0,0.0,23307.9,1.0,0.0,0.0,0.0,regular,0,0,0,0,0,0,1,ZERO_VOL,154.0
2026-03-25 10:15:02.342948,10:15,25,3,2026,2,5,23307.9,23307.9,23307.9,23307.9,0.0,23307.9,0.0,0.0,23307.9,1.0,0.0,0.0,0.0,regular,0,0,0,0,0,0,1,ZERO_VOL,152.6
2026-03-25 10:15:04.309087,10:15,25,3,2026,2,5,23308.55,23308.55,23308.55,23308.55,0.0,23308.55,0.0,0.0,23308.55,1.0,0.0,0.0,0.0,regular,0,0,0,0,0,0,1,ZERO_VOL,113.7
2026-03-25 10:15:04.417694,10:15,25,3,2026,2,5,23308.25,23308.25,23308.25,23308.25,0.0,23308.25,0.0,0.0,23308.25,1.0,0.0,0.0,0.0,regular,0,0,0,0,0,0,1,ZERO_VOL,108.1
2026-03-25 10:15:04.565483,10:15,25,3,2026,2,5,23308.55,23308.55,23308.55,23308.55,0.0,23308.55,0.0,0.0,23308.55,1.0,0.0,0.0,0.0,regular,0,0,0,0,0,0,1,ZERO_VOL,147.3
2026-03-25 10:15:04.649063,10:15,25,3,2026,2,5,23308.25,23308.25,23308.25,23308.25,0.0,23308.25,0.0,0.0,23308.25,1.0,0.0,0.0,0.0,regular,0,0,0,0,0,0,1,ZERO_VOL,83.1
2026-03-25 10:15:04.749825,10:15,25,3,2026,2,5,23308.25,23308.25,23308.25,23308.25,0.0,23308.25,0.0,0.0,23308.25,1.0,0.0,0.0,0.0,regular,0,0,0,0,0,0,1,ZERO_VOL,100.2
2026-03-25 10:15:06.561484,10:15,25,3,2026,2,5,23308.75,23308.75,23308.75,23308.75,0.0,23308.75,0.0,0.0,23308.75,1.0,0.0,0.0,0.0,regular,0,0,0,0,0,0,1,ZERO_VOL,86.8
2026-03-25 10:15:06.685000,10:15,25,3,2026,2,5,23308.2,23308.2,23308.2,23308.2,0.0,23308.2,0.0,0.0,23308.2,1.0,0.0,0.0,0.0,regular,0,0,0,0,0,0,1,ZERO_VOL,123.0
2026-03-25 10:15:06.773732,10:15,25,3,2026,2,5,23308.75,23308.75,23308.75,23308.75,0.0,23308.75,0.0,0.0,23308.75,1.0,0.0,0.0,0.0,regular,0,0,0,0,0,0,1,ZERO_VOL,88.2
2026-03-25 10:15:06.871252,10:15,25,3,2026,2,5,23308.75,23308.75,23308.75,23308.75,0.0,23308.75,0.0,0.0,23308.75,1.0,0.0,0.0,0.0,regular,0,0,0,0,0,0,1,ZERO_VOL,97.0
2026-03-25 10:15:06.925882,10:15,25,3,2026,2,5,23308.25,23308.25,23308.25,23308.25,0.0,23308.25,0.0,0.0,23308.25,1.0,0.0,0.0,0.0,regular,0,0,0,0,0,0,1,ZERO_VOL,54.1
2026-03-25 10:15:08.717255,10:15,25,3,2026,2,5,23306.9,23306.9,23306.9,23306.9,0.0,23306.9,0.0,0.0,23306.9,1.0,0.0,0.0,0.0,regular,0,0,0,0,0,0,1,ZERO_VOL,115.1
2026-03-25 10:15:08.806873,10:15,25,3,2026,2,5,23308.2,23308.2,23308.2,23308.2,0.0,23308.2,0.0,0.0,23308.2,1.0,0.0,0.0,0.0,regular,0,0,0,0,0,0,1,ZERO_VOL,89.1
2026-03-25 10:15:08.900745,10:15,25,3,2026,2,5,23308.2,23308.2,23308.2,23308.2,0.0,23308.2,0.0,0.0,23308.2,1.0,0.0,0.0,0.0,regular,0,0,0,0,0,0,1,ZERO_VOL,93.3
2026-03-25 10:15:08.968088,10:15,25,3,2026,2,5,23308.75,23308.75,23308.75,23308.75,0.0,23308.75,0.0,0.0,23308.75,1.0,0.0,0.0,0.0,regular,0,0,0,0,0,0,1,ZERO_VOL,66.8
2026-03-25 10:15:09.090158,10:15,25,3,2026,2,5,23308.2,23308.2,23308.2,23308.2,0.0,23308.2,0.0,0.0,23308.2,1.0,0.0,0.0,0.0,regular,0,0,0,0,0,0,1,ZERO_VOL,121.6
2026-03-25 10:15:10.818835,10:15,25,3,2026,2,5,23308.1,23308.1,23308.1,23308.1,0.0,23308.1,0.0,0.0,23308.1,1.0,0.0,0.0,0.0,regular,0,0,0,0,0,0,1,ZERO_VOL,152.5
2026-03-25 10:15:10.961585,10:15,25,3,2026,2,5,23308.8,23308.8,23308.8,23308.8,0.0,23308.8,0.0,0.0,23308.8,1.0,0.0,0.0,0.0,regular,0,0,0,0,0,0,1,ZERO_VOL,142.2
2026-03-25 10:15:11.067231,10:15,25,3,2026,2,5,23308.8,23308.8,23308.8,23308.8,0.0,23308.8,0.0,0.0,23308.8,1.0,0.0,0.0,0.0,regular,0,0,0,0,0,0,1,ZERO_VOL,105.1
2026-03-25 10:15:11.121653,10:15,25,3,2026,2,5,23308.2,23308.2,23308.2,23308.2,0.0,23308.2,0.0,0.0,23308.2,1.0,0.0,0.0,0.0,regular,0,0,0,0,0,0,1,ZERO_VOL,53.9
2026-03-25 10:15:11.181854,10:15,25,3,2026,2,5,23308.8,23308.8,23308.8,23308.8,0.0,23308.8,0.0,0.0,23308.8,1.0,0.0,0.0,0.0,regular,0,0,0,0,0,0,1,ZERO_VOL,59.7
2026-03-25 10:15:13.147883,10:15,25,3,2026,2,5,23309.4,23309.4,23309.4,23309.4,0.0,23309.4,0.0,0.0,23309.4,1.0,0.0,0.0,0.0,regular,0,0,0,0,0,0,1,ZERO_VOL,144.6
2026-03-25 10:15:13.253775,10:15,25,3,2026,2,5,23309.4,23309.4,23309.4,23309.4,0.0,23309.4,0.0,0.0,23309.4,1.0,0.0,0.0,0.0,regular,0,0,0,0,0,0,1,ZERO_VOL,105.4
2026-03-25 10:15:13.418900,10:15,25,3,2026,2,5,23309.4,23309.4,23309.4,23309.4,0.0,23309.4,0.0,0.0,23309.4,1.0,0.0,0.0,0.0,regular,0,0,0,0,0,0,1,ZERO_VOL,164.6
2026-03-25 10:15:13.516914,10:15,25,3,2026,2,5,23308.55,23308.55,23308.55,23308.55,0.0,23308.55,0.0,0.0,23308.55,1.0,0.0,0.0,0.0,regular,0,0,0,0,0,0,1,ZERO_VOL,97.5
2026-03-25 10:15:13.576632,10:15,25,3,2026,2,5,23308.8,23308.8,23308.8,23308.8,0.0,23308.8,0.0,0.0,23308.8,1.0,0.0,0.0,0.0,regular,0,0,0,0,0,0,1,ZERO_VOL,59.2
2026-03-25 10:15:15.309881,10:15,25,3,2026,2,5,23306.6,23306.6,23306.6,23306.6,0.0,23306.6,0.0,0.0,23306.6,1.0,0.0,0.0,0.0,regular,0,0,0,0,0,0,1,ZERO_VOL,118.5
2026-03-25 10:15:15.470860,10:15,25,3,2026,2,5,23306.6,23306.6,23306.6,23306.6,0.0,23306.6,0.0,0.0,23306.6,1.0,0.0,0.0,0.0,regular,0,0,0,0,0,0,1,ZERO_VOL,160.5
2026-03-25 10:15:15.528042,10:15,25,3,2026,2,5,23308.1,23308.1,23308.1,23308.1,0.0,23308.1,0.0,0.0,23308.1,1.0,0.0,0.0,0.0,regular,0,0,0,0,0,0,1,ZERO_VOL,56.7
2026-03-25 10:15:15.623911,10:15,25,3,2026,2,5,23304.7,23304.7,23304.7,23304.7,0.0,23304.7,0.0,0.0,23304.7,1.0,0.0,0.0,0.0,regular,0,0,0,0,0,0,1,ZERO_VOL,95.1
2026-03-25 10:15:15.725006,10:15,25,3,2026,2,5,23304.7,23304.7,23304.7,23304.7,0.0,23304.7,0.0,0.0,23304.7,1.0,0.0,0.0,0.0,regular,0,0,0,0,0,0,1,ZERO_VOL,100.6
2026-03-25 10:15:17.324771,10:15,25,3,2026,2,5,23305.65,23305.65,23305.65,23305.65,0.0,23305.65,0.0,0.0,23305.65,1.0,0.0,0.0,0.0,regular,0,0,0,0,0,0,1,ZERO_VOL,91.3
2026-03-25 10:15:17.410003,10:15,25,3,2026,2,5,23306.5,23306.5,23306.5,23306.5,0.0,23306.5,0.0,0.0,23306.5,1.0,0.0,0.0,0.0,regular,0,0,0,0,0,0,1,ZERO_VOL,84.8
2026-03-25 10:15:17.533971,10:15,25,3,2026,2,5,23305.65,23305.65,23305.65,23305.65,0.0,23305.65,0.0,0.0,23305.65,1.0,0.0,0.0,0.0,regular,0,0,0,0,0,0,1,ZERO_VOL,123.5
2026-03-25 10:15:17.608544,10:15,25,3,2026,2,5,23305.65,23305.65,23305.65,23305.65,0.0,23305.65,0.0,0.0,23305.65,1.0,0.0,0.0,0.0,regular,0,0,0,0,0,0,1,ZERO_VOL,74.0
2026-03-25 10:15:17.666667,10:15,25,3,2026,2,5,23306.6,23306.6,23306.6,23306.6,0.0,23306.6,0.0,0.0,23306.6,1.0,0.0,0.0,0.0,regular,0,0,0,0,0,0,1,ZERO_VOL,57.6
2026-03-25 10:15:19.607403,10:15,25,3,2026,2,5,23306.9,23306.9,23306.9,23306.9,0.0,23306.9,0.0,0.0,23306.9,1.0,0.0,0.0,0.0,regular,0,0,0,0,0,0,1,ZERO_VOL,81.7
2026-03-25 10:15:19.724055,10:15,25,3,2026,2,5,23306.9,23306.9,23306.9,23306.9,0.0,23306.9,0.0,0.0,23306.9,1.0,0.0,0.0,0.0,regular,0,0,0,0,0,0,1,ZERO_VOL,116.1
2026-03-25 10:15:19.877480,10:15,25,3,2026,2,5,23306.9,23306.9,23306.9,23306.9,0.0,23306.9,0.0,0.0,23306.9,1.0,0.0,0.0,0.0,regular,0,0,0,0,0,0,1,ZERO_VOL,153.0
2026-03-25 10:15:20.026125,10:15,25,3,2026,2,5,23306.9,23306.9,23306.9,23306.9,0.0,23306.9,0.0,0.0,23306.9,1.0,0.0,0.0,0.0,regular,0,0,0,0,0,0,1,ZERO_VOL,148.1
2026-03-25 10:15:20.082069,10:15,25,3,2026,2,5,23305.65,23305.65,23305.65,23305.65,0.0,23305.65,0.0,0.0,23305.65,1.0,0.0,0.0,0.0,regular,0,0,0,0,0,0,1,ZERO_VOL,55.5
2026-03-25 10:15:21.865710,10:15,25,3,2026,2,5,23308.75,23308.75,23308.75,23308.75,0.0,23308.75,0.0,0.0,23308.75,1.0,0.0,0.0,0.0,regular,0,0,0,0,0,0,1,ZERO_VOL,153.0
2026-03-25 10:15:21.983901,10:15,25,3,2026,2,5,23308.75,23308.75,23308.75,23308.75,0.0,23308.75,0.0,0.0,23308.75,1.0,0.0,0.0,0.0,regular,0,0,0,0,0,0,1,ZERO_VOL,117.7
2026-03-25 10:15:22.099754,10:15,25,3,2026,2,5,23308.75,23308.75,23308.75,23308.75,0.0,23308.75,0.0,0.0,23308.75,1.0,0.0,0.0,0.0,regular,0,0,0,0,0,0,1,ZERO_VOL,115.2
2026-03-25 10:15:22.235330,10:15,25,3,2026,2,5,23308.75,23308.75,23308.75,23308.75,0.0,23308.75,0.0,0.0,23308.75,1.0,0.0,0.0,0.0,regular,0,0,0,0,0,0,1,ZERO_VOL,134.9
2026-03-25 10:15:22.355946,10:15,25,3,2026,2,5,23308.75,23308.75,23308.75,23308.75,0.0,23308.75,0.0,0.0,23308.75,1.0,0.0,0.0,0.0,regular,0,0,0,0,0,0,1,ZERO_VOL,120.0
2026-03-25 10:15:24.157424,10:15,25,3,2026,2,5,23306.8,23306.8,23306.8,23306.8,0.0,23306.8,0.0,0.0,23306.8,1.0,0.0,0.0,0.0,regular,0,0,0,0,0,0,1,ZERO_VOL,162.2
2026-03-25 10:15:24.325150,10:15,25,3,2026,2,5,23308.9,23308.9,23308.9,23308.9,0.0,23308.9,0.0,0.0,23308.9,1.0,0.0,0.0,0.0,regular,0,0,0,0,0,0,1,ZERO_VOL,167.2
2026-03-25 10:15:24.388777,10:15,25,3,2026,2,5,23304.7,23304.7,23304.7,23304.7,0.0,23304.7,0.0,0.0,23304.7,1.0,0.0,0.0,0.0,regular,0,0,0,0,0,0,1,ZERO_VOL,56.8
2026-03-25 10:15:24.449117,10:15,25,3,2026,2,5,23306.9,23306.9,23306.9,23306.9,0.0,23306.9,0.0,0.0,23306.9,1.0,0.0,0.0,0.0,regular,0,0,0,0,0,0,1,ZERO_VOL,59.9
2026-03-25 10:15:24.526762,10:15,25,3,2026,2,5,23306.9,23306.9,23306.9,23306.9,0.0,23306.9,0.0,0.0,23306.9,1.0,0.0,0.0,0.0,regular,0,0,0,0,0,0,1,ZERO_VOL,77.1
2026-03-25 10:15:26.112910,10:15,25,3,2026,2,5,23306.35,23306.35,23306.35,23306.35,0.0,23306.35,0.0,0.0,23306.35,1.0,0.0,0.0,0.0,regular,0,0,0,0,0,0,1,ZERO_VOL,100.9
2026-03-25 10:15:26.177527,10:15,25,3,2026,2,5,23306.9,23306.9,23306.9,23306.9,0.0,23306.9,0.0,0.0,23306.9,1.0,0.0,0.0,0.0,regular,0,0,0,0,0,0,1,ZERO_VOL,64.1
2026-03-25 10:15:26.263109,10:15,25,3,2026,2,5,23306.35,23306.35,23306.35,23306.35,0.0,23306.35,0.0,0.0,23306.35,1.0,0.0,0.0,0.0,regular,0,0,0,0,0,0,1,ZERO_VOL,85.1
2026-03-25 10:15:26.408318,10:15,25,3,2026,2,5,23306.35,23306.35,23306.35,23306.35,0.0,23306.35,0.0,0.0,23306.35,1.0,0.0,0.0,0.0,regular,0,0,0,0,0,0,1,ZERO_VOL,144.7
2026-03-25 10:15:26.497748,10:15,25,3,2026,2,5,23305.05,23305.05,23305.05,23305.05,0.0,23305.05,0.0,0.0,23305.05,1.0,0.0,0.0,0.0,regular,0,0,0,0,0,0,1,ZERO_VOL,88.9
2026-03-25 10:15:28.154137,10:15,25,3,2026,2,5,23306.8,23306.8,23306.8,23306.8,0.0,23306.8,0.0,0.0,23306.8,1.0,0.0,0.0,0.0,regular,0,0,0,0,0,0,1,ZERO_VOL,61.4
2026-03-25 10:15:28.241911,10:15,25,3,2026,2,5,23305.05,23305.05,23305.05,23305.05,0.0,23305.05,0.0,0.0,23305.05,1.0,0.0,0.0,0.0,regular,0,0,0,0,0,0,1,ZERO_VOL,87.3
2026-03-25 10:15:28.364738,10:15,25,3,2026,2,5,23305.05,23305.05,23305.05,23305.05,0.0,23305.05,0.0,0.0,23305.05,1.0,0.0,0.0,0.0,regular,0,0,0,0,0,0,1,ZERO_VOL,122.3
2026-03-25 10:15:28.417124,10:15,25,3,2026,2,5,23305.05,23305.05,23305.05,23305.05,0.0,23305.05,0.0,0.0,23305.05,1.0,0.0,0.0,0.0,regular,0,0,0,0,0,0,1,ZERO_VOL,51.9
2026-03-25 10:15:28.573008,10:15,25,3,2026,2,5,23304.9,23304.9,23304.9,23304.9,0.0,23304.9,0.0,0.0,23304.9,1.0,0.0,0.0,0.0,regular,0,0,0,0,0,0,1,ZERO_VOL,155.4
2026-03-25 10:15:30.365690,10:15,25,3,2026,2,5,23304.4,23304.4,23304.4,23304.4,0.0,23304.4,0.0,0.0,23304.4,1.0,0.0,0.0,0.0,regular,0,0,0,0,0,0,1,ZERO_VOL,177.1
2026-03-25 10:15:30.421353,10:15,25,3,2026,2,5,23308.9,23308.9,23308.9,23308.9,0.0,23308.9,0.0,0.0,23308.9,1.0,0.0,0.0,0.0,regular,0,0,0,0,0,0,1,ZERO_VOL,55.2
2026-03-25 10:15:30.504195,10:15,25,3,2026,2,5,23303.05,23303.05,23303.05,23303.05,0.0,23303.05,0.0,0.0,23303.05,1.0,0.0,0.0,0.0,regular,0,0,0,0,0,0,1,ZERO_VOL,82.3
2026-03-25 10:15:30.607199,10:15,25,3,2026,2,5,23303.05,23303.05,23303.05,23303.05,0.0,23303.05,0.0,0.0,23303.05,1.0,0.0,0.0,0.0,regular,0,0,0,0,0,0,1,ZERO_VOL,102.6
2026-03-25 10:15:30.660466,10:15,25,3,2026,2,5,23303.05,23303.05,23303.05,23303.05,0.0,23303.05,0.0,0.0,23303.05,1.0,0.0,0.0,0.0,regular,0,0,0,0,0,0,1,ZERO_VOL,52.8
2026-03-25 10:15:32.660905,10:15,25,3,2026,2,5,23304.9,23304.9,23304.9,23304.9,0.0,23304.9,0.0,0.0,23304.9,1.0,0.0,0.0,0.0,regular,0,0,0,0,0,0,1,ZERO_VOL,143.5
2026-03-25 10:15:32.803992,10:15,25,3,2026,2,5,23305.4,23305.4,23305.4,23305.4,0.0,23305.4,0.0,0.0,23305.4,1.0,0.0,0.0,0.0,regular,0,0,0,0,0,0,1,ZERO_VOL,142.6
2026-03-25 10:15:32.892368,10:15,25,3,2026,2,5,23305.4,23305.4,23305.4,23305.4,0.0,23305.4,0.0,0.0,23305.4,1.0,0.0,0.0,0.0,regular,0,0,0,0,0,0,1,ZERO_VOL,87.7
2026-03-25 10:15:32.980173,10:15,25,3,2026,2,5,23305.4,23305.4,23305.4,23305.4,0.0,23305.4,0.0,0.0,23305.4,1.0,0.0,0.0,0.0,regular,0,0,0,0,0,0,1,ZERO_VOL,87.3
2026-03-25 10:15:33.072027,10:15,25,3,2026,2,5,23304.9,23304.9,23304.9,23304.9,0.0,23304.9,0.0,0.0,23304.9,1.0,0.0,0.0,0.0,regular,0,0,0,0,0,0,1,ZERO_VOL,91.4
2026-03-25 10:15:34.637796,10:15,25,3,2026,2,5,23300.3,23300.3,23300.3,23300.3,0.0,23300.3,0.0,0.0,23300.3,1.0,0.0,0.0,0.0,regular,0,0,0,0,0,0,1,ZERO_VOL,119.6
2026-03-25 10:15:34.723525,10:15,25,3,2026,2,5,23300.3,23300.3,23300.3,23300.3,0.0,23300.3,0.0,0.0,23300.3,1.0,0.0,0.0,0.0,regular,0,0,0,0,0,0,1,ZERO_VOL,85.3
2026-03-25 10:15:34.791311,10:15,25,3,2026,2,5,23305.05,23305.05,23305.05,23305.05,0.0,23305.05,0.0,0.0,23305.05,1.0,0.0,0.0,0.0,regular,0,0,0,0,0,0,1,ZERO_VOL,66.5
2026-03-25 10:15:34.938526,10:15,25,3,2026,2,5,23300.3,23300.3,23300.3,23300.3,0.0,23300.3,0.0,0.0,23300.3,1.0,0.0,0.0,0.0,regular,0,0,0,0,0,0,1,ZERO_VOL,146.8
2026-03-25 10:15:35.095751,10:15,25,3,2026,2,5,23300.3,23300.3,23300.3,23300.3,0.0,23300.3,0.0,0.0,23300.3,1.0,0.0,0.0,0.0,regular,0,0,0,0,0,0,1,ZERO_VOL,156.5
2026-03-25 10:15:36.853056,10:15,25,3,2026,2,5,23303.55,23303.55,23303.55,23303.55,0.0,23303.55,0.0,0.0,23303.55,1.0,0.0,0.0,0.0,regular,0,0,0,0,0,0,1,ZERO_VOL,90.1
2026-03-25 10:15:37.028869,10:15,25,3,2026,2,5,23303.55,23303.55,23303.55,23303.55,0.0,23303.55,0.0,0.0,23303.55,1.0,0.0,0.0,0.0,regular,0,0,0,0,0,0,1,ZERO_VOL,175.3
2026-03-25 10:15:37.091138,10:15,25,3,2026,2,5,23303.05,23303.05,23303.05,23303.05,0.0,23303.05,0.0,0.0,23303.05,1.0,0.0,0.0,0.0,regular,0,0,0,0,0,0,1,ZERO_VOL,61.8
2026-03-25 10:15:37.264545,10:15,25,3,2026,2,5,23303.55,23303.55,23303.55,23303.55,0.0,23303.55,0.0,0.0,23303.55,1.0,0.0,0.0,0.0,regular,0,0,0,0,0,0,1,ZERO_VOL,172.9
2026-03-25 10:15:37.319252,10:15,25,3,2026,2,5,23304.9,23304.9,23304.9,23304.9,0.0,23304.9,0.0,0.0,23304.9,1.0,0.0,0.0,0.0,regular,0,0,0,0,0,0,1,ZERO_VOL,54.2
2026-03-25 10:15:39.078461,10:15,25,3,2026,2,5,23305.4,23305.4,23305.4,23305.4,0.0,23305.4,0.0,0.0,23305.4,1.0,0.0,0.0,0.0,regular,0,0,0,0,0,0,1,ZERO_VOL,62.2
2026-03-25 10:15:39.134340,10:15,25,3,2026,2,5,23305.4,23305.4,23305.4,23305.4,0.0,23305.4,0.0,0.0,23305.4,1.0,0.0,0.0,0.0,regular,0,0,0,0,0,0,1,ZERO_VOL,55.4
2026-03-25 10:15:39.276293,10:15,25,3,2026,2,5,23301.9,23301.9,23301.9,23301.9,0.0,23301.9,0.0,0.0,23301.9,1.0,0.0,0.0,0.0,regular,0,0,0,0,0,0,1,ZERO_VOL,141.5
2026-03-25 10:15:39.335431,10:15,25,3,2026,2,5,23304.9,23304.9,23304.9,23304.9,0.0,23304.9,0.0,0.0,23304.9,1.0,0.0,0.0,0.0,regular,0,0,0,0,0,0,1,ZERO_VOL,58.6
2026-03-25 10:15:39.480457,10:15,25,3,2026,2,5,23301.9,23301.9,23301.9,23301.9,0.0,23301.9,0.0,0.0,23301.9,1.0,0.0,0.0,0.0,regular,0,0,0,0,0,0,1,ZERO_VOL,144.3
2026-03-25 10:15:41.260347,10:15,25,3,2026,2,5,23300.3,23300.3,23300.3,23300.3,0.0,23300.3,0.0,0.0,23300.3,1.0,0.0,0.0,0.0,regular,0,0,0,0,0,0,1,ZERO_VOL,53.2
2026-03-25 10:15:41.316080,10:15,25,3,2026,2,5,23300.3,23300.3,23300.3,23300.3,0.0,23300.3,0.0,0.0,23300.3,1.0,0.0,0.0,0.0,regular,0,0,0,0,0,0,1,ZERO_VOL,55.2
2026-03-25 10:15:41.406835,10:15,25,3,2026,2,5,23301.85,23301.85,23301.85,23301.85,0.0,23301.85,0.0,0.0,23301.85,1.0,0.0,0.0,0.0,regular,0,0,0,0,0,0,1,ZERO_VOL,90.3
2026-03-25 10:15:41.539136,10:15,25,3,2026,2,5,23301.85,23301.85,23301.85,23301.85,0.0,23301.85,0.0,0.0,23301.85,1.0,0.0,0.0,0.0,regular,0,0,0,0,0,0,1,ZERO_VOL,131.8
2026-03-25 10:15:41.635265,10:15,25,3,2026,2,5,23301.85,23301.85,23301.85,23301.85,0.0,23301.85,0.0,0.0,23301.85,1.0,0.0,0.0,0.0,regular,0,0,0,0,0,0,1,ZERO_VOL,95.6
2026-03-25 10:15:43.959302,10:15,25,3,2026,2,5,23299.85,23299.85,23299.85,23299.85,0.0,23299.85,0.0,0.0,23299.85,1.0,0.0,0.0,0.0,regular,0,0,0,0,0,0,1,ZERO_VOL,111.0
2026-03-25 10:15:44.051503,10:15,25,3,2026,2,5,23299.85,23299.85,23299.85,23299.85,0.0,23299.85,0.0,0.0,23299.85,1.0,0.0,0.0,0.0,regular,0,0,0,0,0,0,1,ZERO_VOL,91.7
2026-03-25 10:15:44.230424,10:15,25,3,2026,2,5,23299.85,23299.85,23299.85,23299.85,0.0,23299.85,0.0,0.0,23299.85,1.0,0.0,0.0,0.0,regular,0,0,0,0,0,0,1,ZERO_VOL,178.4
2026-03-25 10:15:44.284023,10:15,25,3,2026,2,5,23301.85,23301.85,23301.85,23301.85,0.0,23301.85,0.0,0.0,23301.85,1.0,0.0,0.0,0.0,regular,0,0,0,0,0,0,1,ZERO_VOL,53.0
2026-03-25 10:15:44.445543,10:15,25,3,2026,2,5,23298.85,23298.85,23298.85,23298.85,0.0,23298.85,0.0,0.0,23298.85,1.0,0.0,0.0,0.0,regular,0,0,0,0,0,0,1,ZERO_VOL,161.1
2026-03-25 10:15:46.028817,10:15,25,3,2026,2,5,23299.85,23299.85,23299.85,23299.85,0.0,23299.85,0.0,0.0,23299.85,1.0,0.0,0.0,0.0,regular,0,0,0,0,0,0,1,ZERO_VOL,61.5
2026-03-25 10:15:46.123080,10:15,25,3,2026,2,5,23297.1,23297.1,23297.1,23297.1,0.0,23297.1,0.0,0.0,23297.1,1.0,0.0,0.0,0.0,regular,0,0,0,0,0,0,1,ZERO_VOL,93.8
2026-03-25 10:15:46.211950,10:15,25,3,2026,2,5,23297.1,23297.1,23297.1,23297.1,0.0,23297.1,0.0,0.0,23297.1,1.0,0.0,0.0,0.0,regular,0,0,0,0,0,0,1,ZERO_VOL,88.4
2026-03-25 10:15:46.311645,10:15,25,3,2026,2,5,23297.1,23297.1,23297.1,23297.1,0.0,23297.1,0.0,0.0,23297.1,1.0,0.0,0.0,0.0,regular,0,0,0,0,0,0,1,ZERO_VOL,99.2
2026-03-25 10:15:46.420993,10:15,25,3,2026,2,5,23296.8,23296.8,23296.8,23296.8,0.0,23296.8,0.0,0.0,23296.8,1.0,0.0,0.0,0.0,regular,0,0,0,0,0,0,1,ZERO_VOL,108.8
2026-03-25 10:15:48.097672,10:15,25,3,2026,2,5,23299.85,23299.85,23299.85,23299.85,0.0,23299.85,0.0,0.0,23299.85,1.0,0.0,0.0,0.0,regular,0,0,0,0,0,0,1,ZERO_VOL,57.2
2026-03-25 10:15:48.187031,10:15,25,3,2026,2,5,23296.65,23296.65,23296.65,23296.65,0.0,23296.65,0.0,0.0,23296.65,1.0,0.0,0.0,0.0,regular,0,0,0,0,0,0,1,ZERO_VOL,88.8
2026-03-25 10:15:48.250176,10:15,25,3,2026,2,5,23301.85,23301.85,23301.85,23301.85,0.0,23301.85,0.0,0.0,23301.85,1.0,0.0,0.0,0.0,regular,0,0,0,0,0,0,1,ZERO_VOL,62.7
2026-03-25 10:15:48.307208,10:15,25,3,2026,2,5,23299.85,23299.85,23299.85,23299.85,0.0,23299.85,0.0,0.0,23299.85,1.0,0.0,0.0,0.0,regular,0,0,0,0,0,0,1,ZERO_VOL,56.5
2026-03-25 10:15:48.388118,10:15,25,3,2026,2,5,23296.65,23296.65,23296.65,23296.65,0.0,23296.65,0.0,0.0,23296.65,1.0,0.0,0.0,0.0,regular,0,0,0,0,0,0,1,ZERO_VOL,80.4
2026-03-25 10:15:50.186105,10:15,25,3,2026,2,5,23294.95,23294.95,23294.95,23294.95,0.0,23294.95,0.0,0.0,23294.95,1.0,0.0,0.0,0.0,regular,0,0,0,0,0,0,1,ZERO_VOL,154.7
2026-03-25 10:15:50.312673,10:15,25,3,2026,2,5,23299.85,23299.85,23299.85,23299.85,0.0,23299.85,0.0,0.0,23299.85,1.0,0.0,0.0,0.0,regular,0,0,0,0,0,0,1,ZERO_VOL,126.1
2026-03-25 10:15:50.454777,10:15,25,3,2026,2,5,23296.15,23296.15,23296.15,23296.15,0.0,23296.15,0.0,0.0,23296.15,1.0,0.0,0.0,0.0,regular,0,0,0,0,0,0,1,ZERO_VOL,141.6
2026-03-25 10:15:50.562114,10:15,25,3,2026,2,5,23298.85,23298.85,23298.85,23298.85,0.0,23298.85,0.0,0.0,23298.85,1.0,0.0,0.0,0.0,regular,0,0,0,0,0,0,1,ZERO_VOL,106.9
2026-03-25 10:15:50.621999,10:15,25,3,2026,2,5,23294.95,23294.95,23294.95,23294.95,0.0,23294.95,0.0,0.0,23294.95,1.0,0.0,0.0,0.0,regular,0,0,0,0,0,0,1,ZERO_VOL,59.4
2026-03-25 10:15:52.252838,10:15,25,3,2026,2,5,23296.15,23296.15,23296.15,23296.15,0.0,23296.15,0.0,0.0,23296.15,1.0,0.0,0.0,0.0,regular,0,0,0,0,0,0,1,ZERO_VOL,103.6
2026-03-25 10:15:52.308119,10:15,25,3,2026,2,5,23297.1,23297.1,23297.1,23297.1,0.0,23297.1,0.0,0.0,23297.1,1.0,0.0,0.0,0.0,regular,0,0,0,0,0,0,1,ZERO_VOL,54.8
2026-03-25 10:15:52.444106,10:15,25,3,2026,2,5,23296.7,23296.7,23296.7,23296.7,0.0,23296.7,0.0,0.0,23296.7,1.0,0.0,0.0,0.0,regular,0,0,0,0,0,0,1,ZERO_VOL,135.5
2026-03-25 10:15:52.519379,10:15,25,3,2026,2,5,23296.7,23296.7,23296.7,23296.7,0.0,23296.7,0.0,0.0,23296.7,1.0,0.0,0.0,0.0,regular,0,0,0,0,0,0,1,ZERO_VOL,74.8
2026-03-25 10:15:52.617408,10:15,25,3,2026,2,5,23296.7,23296.7,23296.7,23296.7,0.0,23296.7,0.0,0.0,23296.7,1.0,0.0,0.0,0.0,regular,0,0,0,0,0,0,1,ZERO_VOL,97.6
2026-03-25 10:15:54.549332,10:15,25,3,2026,2,5,23296.15,23296.15,23296.15,23296.15,0.0,23296.15,0.0,0.0,23296.15,1.0,0.0,0.0,0.0,regular,0,0,0,0,0,0,1,ZERO_VOL,64.4
2026-03-25 10:15:54.705434,10:15,25,3,2026,2,5,23298.35,23298.35,23298.35,23298.35,0.0,23298.35,0.0,0.0,23298.35,1.0,0.0,0.0,0.0,regular,0,0,0,0,0,0,1,ZERO_VOL,155.6
2026-03-25 10:15:54.792184,10:15,25,3,2026,2,5,23297.5,23297.5,23297.5,23297.5,0.0,23297.5,0.0,0.0,23297.5,1.0,0.0,0.0,0.0,regular,0,0,0,0,0,0,1,ZERO_VOL,86.2
2026-03-25 10:15:54.876391,10:15,25,3,2026,2,5,23297.5,23297.5,23297.5,23297.5,0.0,23297.5,0.0,0.0,23297.5,1.0,0.0,0.0,0.0,regular,0,0,0,0,0,0,1,ZERO_VOL,83.7
2026-03-25 10:15:54.958160,10:15,25,3,2026,2,5,23297.5,23297.5,23297.5,23297.5,0.0,23297.5,0.0,0.0,23297.5,1.0,0.0,0.0,0.0,regular,0,0,0,0,0,0,1,ZERO_VOL,81.3
2026-03-25 10:15:56.994294,10:15,25,3,2026,2,5,23297.75,23297.75,23297.75,23297.75,0.0,23297.75,0.0,0.0,23297.75,1.0,0.0,0.0,0.0,regular,0,0,0,0,0,0,1,ZERO_VOL,144.9
2026-03-25 10:15:57.078781,10:15,25,3,2026,2,5,23299.0,23299.0,23299.0,23299.0,0.0,23299.0,0.0,0.0,23299.0,1.0,0.0,0.0,0.0,regular,0,0,0,0,0,0,1,ZERO_VOL,84.0
2026-03-25 10:15:57.167299,10:15,25,3,2026,2,5,23299.0,23299.0,23299.0,23299.0,0.0,23299.0,0.0,0.0,23299.0,1.0,0.0,0.0,0.0,regular,0,0,0,0,0,0,1,ZERO_VOL,88.0
2026-03-25 10:15:57.320671,10:15,25,3,2026,2,5,23299.0,23299.0,23299.0,23299.0,0.0,23299.0,0.0,0.0,23299.0,1.0,0.0,0.0,0.0,regular,0,0,0,0,0,0,1,ZERO_VOL,152.9
2026-03-25 10:15:57.403866,10:15,25,3,2026,2,5,23295.1,23295.1,23295.1,23295.1,0.0,23295.1,0.0,0.0,23295.1,1.0,0.0,0.0,0.0,regular,0,0,0,0,0,0,1,ZERO_VOL,82.7
2026-03-25 10:15:59.054300,10:15,25,3,2026,2,5,23297.95,23297.95,23297.95,23297.95,0.0,23297.95,0.0,0.0,23297.95,1.0,0.0,0.0,0.0,regular,0,0,0,0,0,0,1,ZERO_VOL,85.5
2026-03-25 10:15:59.162332,10:15,25,3,2026,2,5,23297.95,23297.95,23297.95,23297.95,0.0,23297.95,0.0,0.0,23297.95,1.0,0.0,0.0,0.0,regular,0,0,0,0,0,0,1,ZERO_VOL,107.6
2026-03-25 10:15:59.217872,10:15,25,3,2026,2,5,23294.95,23294.95,23294.95,23294.95,0.0,23294.95,0.0,0.0,23294.95,1.0,0.0,0.0,0.0,regular,0,0,0,0,0,0,1,ZERO_VOL,55.1
2026-03-25 10:15:59.298215,10:15,25,3,2026,2,5,23297.95,23297.95,23297.95,23297.95,0.0,23297.95,0.0,0.0,23297.95,1.0,0.0,0.0,0.0,regular,0,0,0,0,0,0,1,ZERO_VOL,79.9
2026-03-25 10:15:59.383364,10:15,25,3,2026,2,5,23297.95,23297.95,23297.95,23297.95,0.0,23297.95,0.0,0.0,23297.95,1.0,0.0,0.0,0.0,regular,0,0,0,0,0,0,1,ZERO_VOL,84.7
2026-03-25 10:16:01.222094,10:16,25,3,2026,2,5,23306.6,23309.85,23291.5,23291.75,0.0,23297.7,18.35,-0.0637,23297.7,1.0008,80.93,3.25,0.25,regular,0,0,0,0,0,0,1,ZERO_VOL,157.5
2026-03-25 10:16:01.289091,10:16,25,3,2026,2,5,23297.95,23297.95,23297.95,23297.95,0.0,23297.95,0.0,0.0,23297.95,1.0,0.0,0.0,0.0,regular,0,0,0,0,0,0,1,ZERO_VOL,66.5
2026-03-25 10:16:01.351487,10:16,25,3,2026,2,5,23299.0,23299.0,23299.0,23299.0,0.0,23299.0,0.0,0.0,23299.0,1.0,0.0,0.0,0.0,regular,0,0,0,0,0,0,1,ZERO_VOL,61.9
2026-03-25 10:16:01.413910,10:16,25,3,2026,2,5,23297.95,23297.95,23297.95,23297.95,0.0,23297.95,0.0,0.0,23297.95,1.0,0.0,0.0,0.0,regular,0,0,0,0,0,0,1,ZERO_VOL,61.9
2026-03-25 10:16:01.467452,10:16,25,3,2026,2,5,23296.7,23296.7,23296.7,23296.7,0.0,23296.7,0.0,0.0,23296.7,1.0,0.0,0.0,0.0,regular,0,0,0,0,0,0,1,ZERO_VOL,53.0
2026-03-25 10:16:03.430955,10:16,25,3,2026,2,5,23299.0,23299.0,23299.0,23299.0,0.0,23299.0,0.0,0.0,23299.0,1.0,0.0,0.0,0.0,regular,0,0,0,0,0,0,1,ZERO_VOL,53.1
2026-03-25 10:16:03.483266,10:16,25,3,2026,2,5,23297.5,23297.5,23297.5,23297.5,0.0,23297.5,0.0,0.0,23297.5,1.0,0.0,0.0,0.0,regular,0,0,0,0,0,0,1,ZERO_VOL,51.9
2026-03-25 10:16:03.660019,10:16,25,3,2026,2,5,23291.85,23291.85,23291.85,23291.85,0.0,23291.85,0.0,0.0,23291.85,1.0,0.0,0.0,0.0,regular,0,0,0,0,0,0,1,ZERO_VOL,176.3
2026-03-25 10:16:03.759775,10:16,25,3,2026,2,5,23291.85,23291.85,23291.85,23291.85,0.0,23291.85,0.0,0.0,23291.85,1.0,0.0,0.0,0.0,regular,0,0,0,0,0,0,1,ZERO_VOL,99.2
2026-03-25 10:16:03.818416,10:16,25,3,2026,2,5,23295.1,23295.1,23295.1,23295.1,0.0,23295.1,0.0,0.0,23295.1,1.0,0.0,0.0,0.0,regular,0,0,0,0,0,0,1,ZERO_VOL,58.2
2026-03-25 10:16:05.553003,10:16,25,3,2026,2,5,23291.85,23291.85,23291.85,23291.85,0.0,23291.85,0.0,0.0,23291.85,1.0,0.0,0.0,0.0,regular,0,0,0,0,0,0,1,ZERO_VOL,53.2
2026-03-25 10:16:05.648973,10:16,25,3,2026,2,5,23294.55,23294.55,23294.55,23294.55,0.0,23294.55,0.0,0.0,23294.55,1.0,0.0,0.0,0.0,regular,0,0,0,0,0,0,1,ZERO_VOL,95.4
2026-03-25 10:16:05.767813,10:16,25,3,2026,2,5,23292.55,23292.55,23292.55,23292.55,0.0,23292.55,0.0,0.0,23292.55,1.0,0.0,0.0,0.0,regular,0,0,0,0,0,0,1,ZERO_VOL,118.3
2026-03-25 10:16:05.843534,10:16,25,3,2026,2,5,23294.55,23294.55,23294.55,23294.55,0.0,23294.55,0.0,0.0,23294.55,1.0,0.0,0.0,0.0,regular,0,0,0,0,0,0,1,ZERO_VOL,75.2
2026-03-25 10:16:05.935390,10:16,25,3,2026,2,5,23294.55,23294.55,23294.55,23294.55,0.0,23294.55,0.0,0.0,23294.55,1.0,0.0,0.0,0.0,regular,0,0,0,0,0,0,1,ZERO_VOL,91.3
2026-03-25 10:16:07.477062,10:16,25,3,2026,2,5,23291.8,23291.8,23291.8,23291.8,0.0,23291.8,0.0,0.0,23291.8,1.0,0.0,0.0,0.0,regular,0,0,0,0,0,0,1,ZERO_VOL,137.4
2026-03-25 10:16:07.572911,10:16,25,3,2026,2,5,23291.65,23291.65,23291.65,23291.65,0.0,23291.65,0.0,0.0,23291.65,1.0,0.0,0.0,0.0,regular,0,0,0,0,0,0,1,ZERO_VOL,95.4
2026-03-25 10:16:07.735937,10:16,25,3,2026,2,5,23291.65,23291.65,23291.65,23291.65,0.0,23291.65,0.0,0.0,23291.65,1.0,0.0,0.0,0.0,regular,0,0,0,0,0,0,1,ZERO_VOL,162.4
2026-03-25 10:16:07.792825,10:16,25,3,2026,2,5,23291.85,23291.85,23291.85,23291.85,0.0,23291.85,0.0,0.0,23291.85,1.0,0.0,0.0,0.0,regular,0,0,0,0,0,0,1,ZERO_VOL,56.4
2026-03-25 10:16:07.886288,10:16,25,3,2026,2,5,23291.65,23291.65,23291.65,23291.65,0.0,23291.65,0.0,0.0,23291.65,1.0,0.0,0.0,0.0,regular,0,0,0,0,0,0,1,ZERO_VOL,93.0
2026-03-25 10:16:09.606444,10:16,25,3,2026,2,5,23293.75,23293.75,23293.75,23293.75,0.0,23293.75,0.0,0.0,23293.75,1.0,0.0,0.0,0.0,regular,0,0,0,0,0,0,1,ZERO_VOL,144.3
2026-03-25 10:16:09.703745,10:16,25,3,2026,2,5,23296.8,23296.8,23296.8,23296.8,0.0,23296.8,0.0,0.0,23296.8,1.0,0.0,0.0,0.0,regular,0,0,0,0,0,0,1,ZERO_VOL,96.7
2026-03-25 10:16:09.765575,10:16,25,3,2026,2,5,23297.95,23297.95,23297.95,23297.95,0.0,23297.95,0.0,0.0,23297.95,1.0,0.0,0.0,0.0,regular,0,0,0,0,0,0,1,ZERO_VOL,61.3
2026-03-25 10:16:09.830002,10:16,25,3,2026,2,5,23293.75,23293.75,23293.75,23293.75,0.0,23293.75,0.0,0.0,23293.75,1.0,0.0,0.0,0.0,regular,0,0,0,0,0,0,1,ZERO_VOL,63.9
2026-03-25 10:16:09.926876,10:16,25,3,2026,2,5,23296.8,23296.8,23296.8,23296.8,0.0,23296.8,0.0,0.0,23296.8,1.0,0.0,0.0,0.0,regular,0,0,0,0,0,0,1,ZERO_VOL,96.4
2026-03-25 10:16:11.783999,10:16,25,3,2026,2,5,23297.3,23297.3,23297.3,23297.3,0.0,23297.3,0.0,0.0,23297.3,1.0,0.0,0.0,0.0,regular,0,0,0,0,0,0,1,ZERO_VOL,169.7
2026-03-25 10:16:11.887943,10:16,25,3,2026,2,5,23296.65,23296.65,23296.65,23296.65,0.0,23296.65,0.0,0.0,23296.65,1.0,0.0,0.0,0.0,regular,0,0,0,0,0,0,1,ZERO_VOL,103.4
2026-03-25 10:16:12.038108,10:16,25,3,2026,2,5,23296.65,23296.65,23296.65,23296.65,0.0,23296.65,0.0,0.0,23296.65,1.0,0.0,0.0,0.0,regular,0,0,0,0,0,0,1,ZERO_VOL,149.6
2026-03-25 10:16:12.100840,10:16,25,3,2026,2,5,23296.65,23296.65,23296.65,23296.65,0.0,23296.65,0.0,0.0,23296.65,1.0,0.0,0.0,0.0,regular,0,0,0,0,0,0,1,ZERO_VOL,62.2
2026-03-25 10:16:12.188476,10:16,25,3,2026,2,5,23294.55,23294.55,23294.55,23294.55,0.0,23294.55,0.0,0.0,23294.55,1.0,0.0,0.0,0.0,regular,0,0,0,0,0,0,1,ZERO_VOL,87.1
2026-03-25 10:16:14.142710,10:16,25,3,2026,2,5,23295.1,23295.1,23295.1,23295.1,0.0,23295.1,0.0,0.0,23295.1,1.0,0.0,0.0,0.0,regular,0,0,0,0,0,0,1,ZERO_VOL,93.9
2026-03-25 10:16:14.201193,10:16,25,3,2026,2,5,23296.65,23296.65,23296.65,23296.65,0.0,23296.65,0.0,0.0,23296.65,1.0,0.0,0.0,0.0,regular,0,0,0,0,0,0,1,ZERO_VOL,58.0
2026-03-25 10:16:14.371390,10:16,25,3,2026,2,5,23295.1,23295.1,23295.1,23295.1,0.0,23295.1,0.0,0.0,23295.1,1.0,0.0,0.0,0.0,regular,0,0,0,0,0,0,1,ZERO_VOL,169.7
2026-03-25 10:16:14.433158,10:16,25,3,2026,2,5,23293.75,23293.75,23293.75,23293.75,0.0,23293.75,0.0,0.0,23293.75,1.0,0.0,0.0,0.0,regular,0,0,0,0,0,0,1,ZERO_VOL,61.2
2026-03-25 10:16:14.551562,10:16,25,3,2026,2,5,23295.1,23295.1,23295.1,23295.1,0.0,23295.1,0.0,0.0,23295.1,1.0,0.0,0.0,0.0,regular,0,0,0,0,0,0,1,ZERO_VOL,117.9
2026-03-25 10:16:16.084842,10:16,25,3,2026,2,5,23292.85,23292.85,23292.85,23292.85,0.0,23292.85,0.0,0.0,23292.85,1.0,0.0,0.0,0.0,regular,0,0,0,0,0,0,1,ZERO_VOL,109.4
2026-03-25 10:16:16.232796,10:16,25,3,2026,2,5,23292.85,23292.85,23292.85,23292.85,0.0,23292.85,0.0,0.0,23292.85,1.0,0.0,0.0,0.0,regular,0,0,0,0,0,0,1,ZERO_VOL,147.5
2026-03-25 10:16:16.416475,10:16,25,3,2026,2,5,23292.85,23292.85,23292.85,23292.85,0.0,23292.85,0.0,0.0,23292.85,1.0,0.0,0.0,0.0,regular,0,0,0,0,0,0,1,ZERO_VOL,183.2
2026-03-25 10:16:16.571684,10:16,25,3,2026,2,5,23293.95,23293.95,23293.95,23293.95,0.0,23293.95,0.0,0.0,23293.95,1.0,0.0,0.0,0.0,regular,0,0,0,0,0,0,1,ZERO_VOL,154.7
2026-03-25 10:16:16.677197,10:16,25,3,2026,2,5,23293.95,23293.95,23293.95,23293.95,0.0,23293.95,0.0,0.0,23293.95,1.0,0.0,0.0,0.0,regular,0,0,0,0,0,0,1,ZERO_VOL,105.0
2026-03-25 10:16:18.471386,10:16,25,3,2026,2,5,23296.7,23296.7,23296.7,23296.7,0.0,23296.7,0.0,0.0,23296.7,1.0,0.0,0.0,0.0,regular,0,0,0,0,0,0,1,ZERO_VOL,147.7
2026-03-25 10:16:18.586785,10:16,25,3,2026,2,5,23292.2,23292.2,23292.2,23292.2,0.0,23292.2,0.0,0.0,23292.2,1.0,0.0,0.0,0.0,regular,0,0,0,0,0,0,1,ZERO_VOL,114.9
2026-03-25 10:16:18.648225,10:16,25,3,2026,2,5,23296.8,23296.8,23296.8,23296.8,0.0,23296.8,0.0,0.0,23296.8,1.0,0.0,0.0,0.0,regular,0,0,0,0,0,0,1,ZERO_VOL,60.9
2026-03-25 10:16:18.705708,10:16,25,3,2026,2,5,23292.85,23292.85,23292.85,23292.85,0.0,23292.85,0.0,0.0,23292.85,1.0,0.0,0.0,0.0,regular,0,0,0,0,0,0,1,ZERO_VOL,57.0
2026-03-25 10:16:18.811553,10:16,25,3,2026,2,5,23296.7,23296.7,23296.7,23296.7,0.0,23296.7,0.0,0.0,23296.7,1.0,0.0,0.0,0.0,regular,0,0,0,0,0,0,1,ZERO_VOL,105.4
2026-03-25 10:16:20.448533,10:16,25,3,2026,2,5,23295.0,23295.0,23295.0,23295.0,0.0,23295.0,0.0,0.0,23295.0,1.0,0.0,0.0,0.0,regular,0,0,0,0,0,0,1,ZERO_VOL,98.6
2026-03-25 10:16:20.505177,10:16,25,3,2026,2,5,23295.1,23295.1,23295.1,23295.1,0.0,23295.1,0.0,0.0,23295.1,1.0,0.0,0.0,0.0,regular,0,0,0,0,0,0,1,ZERO_VOL,56.1
2026-03-25 10:16:20.610740,10:16,25,3,2026,2,5,23295.0,23295.0,23295.0,23295.0,0.0,23295.0,0.0,0.0,23295.0,1.0,0.0,0.0,0.0,regular,0,0,0,0,0,0,1,ZERO_VOL,105.0
2026-03-25 10:16:20.767504,10:16,25,3,2026,2,5,23295.0,23295.0,23295.0,23295.0,0.0,23295.0,0.0,0.0,23295.0,1.0,0.0,0.0,0.0,regular,0,0,0,0,0,0,1,ZERO_VOL,156.2
2026-03-25 10:16:20.936136,10:16,25,3,2026,2,5,23295.0,23295.0,23295.0,23295.0,0.0,23295.0,0.0,0.0,23295.0,1.0,0.0,0.0,0.0,regular,0,0,0,0,0,0,1,ZERO_VOL,168.1
2026-03-25 10:16:22.647989,10:16,25,3,2026,2,5,23297.05,23297.05,23297.05,23297.05,0.0,23297.05,0.0,0.0,23297.05,1.0,0.0,0.0,0.0,regular,0,0,0,0,0,0,1,ZERO_VOL,152.7
2026-03-25 10:16:22.757829,10:16,25,3,2026,2,5,23296.3,23296.3,23296.3,23296.3,0.0,23296.3,0.0,0.0,23296.3,1.0,0.0,0.0,0.0,regular,0,0,0,0,0,0,1,ZERO_VOL,109.3
2026-03-25 10:16:22.914512,10:16,25,3,2026,2,5,23296.3,23296.3,23296.3,23296.3,0.0,23296.3,0.0,0.0,23296.3,1.0,0.0,0.0,0.0,regular,0,0,0,0,0,0,1,ZERO_VOL,156.0
2026-03-25 10:16:23.060732,10:16,25,3,2026,2,5,23296.3,23296.3,23296.3,23296.3,0.0,23296.3,0.0,0.0,23296.3,1.0,0.0,0.0,0.0,regular,0,0,0,0,0,0,1,ZERO_VOL,145.7
2026-03-25 10:16:23.116734,10:16,25,3,2026,2,5,23295.0,23295.0,23295.0,23295.0,0.0,23295.0,0.0,0.0,23295.0,1.0,0.0,0.0,0.0,regular,0,0,0,0,0,0,1,ZERO_VOL,55.5
2026-03-25 10:16:25.000975,10:16,25,3,2026,2,5,23296.3,23296.3,23296.3,23296.3,0.0,23296.3,0.0,0.0,23296.3,1.0,0.0,0.0,0.0,regular,0,0,0,0,0,0,1,ZERO_VOL,71.3
2026-03-25 10:16:25.106878,10:16,25,3,2026,2,5,23295.65,23295.65,23295.65,23295.65,0.0,23295.65,0.0,0.0,23295.65,1.0,0.0,0.0,0.0,regular,0,0,0,0,0,0,1,ZERO_VOL,105.4
2026-03-25 10:16:25.173783,10:16,25,3,2026,2,5,23296.7,23296.7,23296.7,23296.7,0.0,23296.7,0.0,0.0,23296.7,1.0,0.0,0.0,0.0,regular,0,0,0,0,0,0,1,ZERO_VOL,66.4
2026-03-25 10:16:25.230344,10:16,25,3,2026,2,5,23296.3,23296.3,23296.3,23296.3,0.0,23296.3,0.0,0.0,23296.3,1.0,0.0,0.0,0.0,regular,0,0,0,0,0,0,1,ZERO_VOL,56.0
2026-03-25 10:16:25.287957,10:16,25,3,2026,2,5,23296.7,23296.7,23296.7,23296.7,0.0,23296.7,0.0,0.0,23296.7,1.0,0.0,0.0,0.0,regular,0,0,0,0,0,0,1,ZERO_VOL,57.1
2026-03-25 10:16:27.100393,10:16,25,3,2026,2,5,23296.9,23296.9,23296.9,23296.9,0.0,23296.9,0.0,0.0,23296.9,1.0,0.0,0.0,0.0,regular,0,0,0,0,0,0,1,ZERO_VOL,122.0
2026-03-25 10:16:27.205849,10:16,25,3,2026,2,5,23296.9,23296.9,23296.9,23296.9,0.0,23296.9,0.0,0.0,23296.9,1.0,0.0,0.0,0.0,regular,0,0,0,0,0,0,1,ZERO_VOL,105.0
2026-03-25 10:16:27.269421,10:16,25,3,2026,2,5,23297.05,23297.05,23297.05,23297.05,0.0,23297.05,0.0,0.0,23297.05,1.0,0.0,0.0,0.0,regular,0,0,0,0,0,0,1,ZERO_VOL,63.1
2026-03-25 10:16:27.365871,10:16,25,3,2026,2,5,23296.9,23296.9,23296.9,23296.9,0.0,23296.9,0.0,0.0,23296.9,1.0,0.0,0.0,0.0,regular,0,0,0,0,0,0,1,ZERO_VOL,95.9
2026-03-25 10:16:27.424529,10:16,25,3,2026,2,5,23295.0,23295.0,23295.0,23295.0,0.0,23295.0,0.0,0.0,23295.0,1.0,0.0,0.0,0.0,regular,0,0,0,0,0,0,1,ZERO_VOL,58.2
2026-03-25 10:16:29.090431,10:16,25,3,2026,2,5,23294.6,23294.6,23294.6,23294.6,0.0,23294.6,0.0,0.0,23294.6,1.0,0.0,0.0,0.0,regular,0,0,0,0,0,0,1,ZERO_VOL,100.3
2026-03-25 10:16:29.207750,10:16,25,3,2026,2,5,23294.6,23294.6,23294.6,23294.6,0.0,23294.6,0.0,0.0,23294.6,1.0,0.0,0.0,0.0,regular,0,0,0,0,0,0,1,ZERO_VOL,116.8
2026-03-25 10:16:29.384548,10:16,25,3,2026,2,5,23294.6,23294.6,23294.6,23294.6,0.0,23294.6,0.0,0.0,23294.6,1.0,0.0,0.0,0.0,regular,0,0,0,0,0,0,1,ZERO_VOL,176.3
2026-03-25 10:16:29.472029,10:16,25,3,2026,2,5,23297.1,23297.1,23297.1,23297.1,0.0,23297.1,0.0,0.0,23297.1,1.0,0.0,0.0,0.0,regular,0,0,0,0,0,0,1,ZERO_VOL,87.0
2026-03-25 10:16:29.582544,10:16,25,3,2026,2,5,23297.1,23297.1,23297.1,23297.1,0.0,23297.1,0.0,0.0,23297.1,1.0,0.0,0.0,0.0,regular,0,0,0,0,0,0,1,ZERO_VOL,109.8
2026-03-25 10:16:31.654344,10:16,25,3,2026,2,5,23297.05,23297.05,23297.05,23297.05,0.0,23297.05,0.0,0.0,23297.05,1.0,0.0,0.0,0.0,regular,0,0,0,0,0,0,1,ZERO_VOL,88.0
2026-03-25 10:16:31.709765,10:16,25,3,2026,2,5,23297.1,23297.1,23297.1,23297.1,0.0,23297.1,0.0,0.0,23297.1,1.0,0.0,0.0,0.0,regular,0,0,0,0,0,0,1,ZERO_VOL,55.0
2026-03-25 10:16:31.806101,10:16,25,3,2026,2,5,23298.35,23298.35,23298.35,23298.35,0.0,23298.35,0.0,0.0,23298.35,1.0,0.0,0.0,0.0,regular,0,0,0,0,0,0,1,ZERO_VOL,95.9
2026-03-25 10:16:31.861137,10:16,25,3,2026,2,5,23294.6,23294.6,23294.6,23294.6,0.0,23294.6,0.0,0.0,23294.6,1.0,0.0,0.0,0.0,regular,0,0,0,0,0,0,1,ZERO_VOL,54.5
2026-03-25 10:16:31.949124,10:16,25,3,2026,2,5,23294.6,23294.6,23294.6,23294.6,0.0,23294.6,0.0,0.0,23294.6,1.0,0.0,0.0,0.0,regular,0,0,0,0,0,0,1,ZERO_VOL,87.5
2026-03-25 10:16:33.509883,10:16,25,3,2026,2,5,23298.9,23298.9,23298.9,23298.9,0.0,23298.9,0.0,0.0,23298.9,1.0,0.0,0.0,0.0,regular,0,0,0,0,0,0,1,ZERO_VOL,91.0
2026-03-25 10:16:33.609946,10:16,25,3,2026,2,5,23298.9,23298.9,23298.9,23298.9,0.0,23298.9,0.0,0.0,23298.9,1.0,0.0,0.0,0.0,regular,0,0,0,0,0,0,1,ZERO_VOL,98.4
2026-03-25 10:16:33.712354,10:16,25,3,2026,2,5,23298.9,23298.9,23298.9,23298.9,0.0,23298.9,0.0,0.0,23298.9,1.0,0.0,0.0,0.0,regular,0,0,0,0,0,0,1,ZERO_VOL,101.9
2026-03-25 10:16:33.777474,10:16,25,3,2026,2,5,23297.1,23297.1,23297.1,23297.1,0.0,23297.1,0.0,0.0,23297.1,1.0,0.0,0.0,0.0,regular,0,0,0,0,0,0,1,ZERO_VOL,64.6
2026-03-25 10:16:33.891853,10:16,25,3,2026,2,5,23298.9,23298.9,23298.9,23298.9,0.0,23298.9,0.0,0.0,23298.9,1.0,0.0,0.0,0.0,regular,0,0,0,0,0,0,1,ZERO_VOL,113.8
2026-03-25 10:16:35.588275,10:16,25,3,2026,2,5,23300.7,23300.7,23300.7,23300.7,0.0,23300.7,0.0,0.0,23300.7,1.0,0.0,0.0,0.0,regular,0,0,0,0,0,0,1,ZERO_VOL,176.0
2026-03-25 10:16:35.778337,10:16,25,3,2026,2,5,23299.6,23299.6,23299.6,23299.6,0.0,23299.6,0.0,0.0,23299.6,1.0,0.0,0.0,0.0,regular,0,0,0,0,0,0,1,ZERO_VOL,189.6
2026-03-25 10:16:35.966583,10:16,25,3,2026,2,5,23299.6,23299.6,23299.6,23299.6,0.0,23299.6,0.0,0.0,23299.6,1.0,0.0,0.0,0.0,regular,0,0,0,0,0,0,1,ZERO_VOL,187.6
2026-03-25 10:16:36.055039,10:16,25,3,2026,2,5,23299.6,23299.6,23299.6,23299.6,0.0,23299.6,0.0,0.0,23299.6,1.0,0.0,0.0,0.0,regular,0,0,0,0,0,0,1,ZERO_VOL,88.0
2026-03-25 10:16:36.133496,10:16,25,3,2026,2,5,23298.9,23298.9,23298.9,23298.9,0.0,23298.9,0.0,0.0,23298.9,1.0,0.0,0.0,0.0,regular,0,0,0,0,0,0,1,ZERO_VOL,78.0
2026-03-25 10:16:37.679279,10:16,25,3,2026,2,5,23301.4,23301.4,23301.4,23301.4,0.0,23301.4,0.0,0.0,23301.4,1.0,0.0,0.0,0.0,regular,0,0,0,0,0,0,1,ZERO_VOL,88.2
2026-03-25 10:16:37.787090,10:16,25,3,2026,2,5,23301.4,23301.4,23301.4,23301.4,0.0,23301.4,0.0,0.0,23301.4,1.0,0.0,0.0,0.0,regular,0,0,0,0,0,0,1,ZERO_VOL,107.4
2026-03-25 10:16:37.876764,10:16,25,3,2026,2,5,23301.4,23301.4,23301.4,23301.4,0.0,23301.4,0.0,0.0,23301.4,1.0,0.0,0.0,0.0,regular,0,0,0,0,0,0,1,ZERO_VOL,89.2
2026-03-25 10:16:37.933324,10:16,25,3,2026,2,5,23298.9,23298.9,23298.9,23298.9,0.0,23298.9,0.0,0.0,23298.9,1.0,0.0,0.0,0.0,regular,0,0,0,0,0,0,1,ZERO_VOL,56.0
2026-03-25 10:16:37.986588,10:16,25,3,2026,2,5,23297.1,23297.1,23297.1,23297.1,0.0,23297.1,0.0,0.0,23297.1,1.0,0.0,0.0,0.0,regular,0,0,0,0,0,0,1,ZERO_VOL,52.8
2026-03-25 10:16:39.591500,10:16,25,3,2026,2,5,23297.1,23297.1,23297.1,23297.1,0.0,23297.1,0.0,0.0,23297.1,1.0,0.0,0.0,0.0,regular,0,0,0,0,0,0,1,ZERO_VOL,72.4
2026-03-25 10:16:39.650462,10:16,25,3,2026,2,5,23301.4,23301.4,23301.4,23301.4,0.0,23301.4,0.0,0.0,23301.4,1.0,0.0,0.0,0.0,regular,0,0,0,0,0,0,1,ZERO_VOL,58.3
2026-03-25 10:16:39.795206,10:16,25,3,2026,2,5,23303.1,23303.1,23303.1,23303.1,0.0,23303.1,0.0,0.0,23303.1,1.0,0.0,0.0,0.0,regular,0,0,0,0,0,0,1,ZERO_VOL,144.2
2026-03-25 10:16:39.881756,10:16,25,3,2026,2,5,23299.8,23299.8,23299.8,23299.8,0.0,23299.8,0.0,0.0,23299.8,1.0,0.0,0.0,0.0,regular,0,0,0,0,0,0,1,ZERO_VOL,86.1
2026-03-25 10:16:40.037272,10:16,25,3,2026,2,5,23299.8,23299.8,23299.8,23299.8,0.0,23299.8,0.0,0.0,23299.8,1.0,0.0,0.0,0.0,regular,0,0,0,0,0,0,1,ZERO_VOL,155.0
2026-03-25 10:16:41.990079,10:16,25,3,2026,2,5,23301.6,23301.6,23301.6,23301.6,0.0,23301.6,0.0,0.0,23301.6,1.0,0.0,0.0,0.0,regular,0,0,0,0,0,0,1,ZERO_VOL,108.6
2026-03-25 10:16:42.096549,10:16,25,3,2026,2,5,23301.6,23301.6,23301.6,23301.6,0.0,23301.6,0.0,0.0,23301.6,1.0,0.0,0.0,0.0,regular,0,0,0,0,0,0,1,ZERO_VOL,106.0
2026-03-25 10:16:42.213724,10:16,25,3,2026,2,5,23301.6,23301.6,23301.6,23301.6,0.0,23301.6,0.0,0.0,23301.6,1.0,0.0,0.0,0.0,regular,0,0,0,0,0,0,1,ZERO_VOL,116.5
2026-03-25 10:16:42.350626,10:16,25,3,2026,2,5,23301.6,23301.6,23301.6,23301.6,0.0,23301.6,0.0,0.0,23301.6,1.0,0.0,0.0,0.0,regular,0,0,0,0,0,0,1,ZERO_VOL,136.4
2026-03-25 10:16:42.512173,10:16,25,3,2026,2,5,23298.0,23298.0,23298.0,23298.0,0.0,23298.0,0.0,0.0,23298.0,1.0,0.0,0.0,0.0,regular,0,0,0,0,0,0,1,ZERO_VOL,161.0
2026-03-25 10:16:44.105465,10:16,25,3,2026,2,5,23298.4,23298.4,23298.4,23298.4,0.0,23298.4,0.0,0.0,23298.4,1.0,0.0,0.0,0.0,regular,0,0,0,0,0,0,1,ZERO_VOL,93.3
2026-03-25 10:16:44.190818,10:16,25,3,2026,2,5,23298.4,23298.4,23298.4,23298.4,0.0,23298.4,0.0,0.0,23298.4,1.0,0.0,0.0,0.0,regular,0,0,0,0,0,0,1,ZERO_VOL,84.8
2026-03-25 10:16:44.250536,10:16,25,3,2026,2,5,23299.8,23299.8,23299.8,23299.8,0.0,23299.8,0.0,0.0,23299.8,1.0,0.0,0.0,0.0,regular,0,0,0,0,0,0,1,ZERO_VOL,59.1
2026-03-25 10:16:44.340417,10:16,25,3,2026,2,5,23298.4,23298.4,23298.4,23298.4,0.0,23298.4,0.0,0.0,23298.4,1.0,0.0,0.0,0.0,regular,0,0,0,0,0,0,1,ZERO_VOL,89.3
2026-03-25 10:16:44.661833,10:16,25,3,2026,2,5,23298.4,23298.4,23298.4,23298.4,0.0,23298.4,0.0,0.0,23298.4,1.0,0.0,0.0,0.0,regular,0,0,0,0,0,0,1,ZERO_VOL,320.9
2026-03-25 10:16:46.223142,10:16,25,3,2026,2,5,23301.55,23301.55,23301.55,23301.55,0.0,23301.55,0.0,0.0,23301.55,1.0,0.0,0.0,0.0,regular,0,0,0,0,0,0,1,ZERO_VOL,94.4
2026-03-25 10:16:46.278679,10:16,25,3,2026,2,5,23301.6,23301.6,23301.6,23301.6,0.0,23301.6,0.0,0.0,23301.6,1.0,0.0,0.0,0.0,regular,0,0,0,0,0,0,1,ZERO_VOL,55.1
2026-03-25 10:16:46.392771,10:16,25,3,2026,2,5,23301.55,23301.55,23301.55,23301.55,0.0,23301.55,0.0,0.0,23301.55,1.0,0.0,0.0,0.0,regular,0,0,0,0,0,0,1,ZERO_VOL,113.6
2026-03-25 10:16:46.486621,10:16,25,3,2026,2,5,23298.65,23298.65,23298.65,23298.65,0.0,23298.65,0.0,0.0,23298.65,1.0,0.0,0.0,0.0,regular,0,0,0,0,0,0,1,ZERO_VOL,93.4
2026-03-25 10:16:46.634648,10:16,25,3,2026,2,5,23301.55,23301.55,23301.55,23301.55,0.0,23301.55,0.0,0.0,23301.55,1.0,0.0,0.0,0.0,regular,0,0,0,0,0,0,1,ZERO_VOL,147.6
2026-03-25 10:16:51.146475,10:16,25,3,2026,2,5,23301.05,23301.05,23301.05,23301.05,0.0,23301.05,0.0,0.0,23301.05,1.0,0.0,0.0,0.0,regular,0,0,0,0,0,0,1,ZERO_VOL,122.0
2026-03-25 10:16:51.250563,10:16,25,3,2026,2,5,23301.05,23301.05,23301.05,23301.05,0.0,23301.05,0.0,0.0,23301.05,1.0,0.0,0.0,0.0,regular,0,0,0,0,0,0,1,ZERO_VOL,103.6
2026-03-25 10:16:51.331160,10:16,25,3,2026,2,5,23301.05,23301.05,23301.05,23301.05,0.0,23301.05,0.0,0.0,23301.05,1.0,0.0,0.0,0.0,regular,0,0,0,0,0,0,1,ZERO_VOL,80.1
2026-03-25 10:16:51.436056,10:16,25,3,2026,2,5,23301.05,23301.05,23301.05,23301.05,0.0,23301.05,0.0,0.0,23301.05,1.0,0.0,0.0,0.0,regular,0,0,0,0,0,0,1,ZERO_VOL,104.4
2026-03-25 10:16:51.544699,10:16,25,3,2026,2,5,23301.05,23301.05,23301.05,23301.05,0.0,23301.05,0.0,0.0,23301.05,1.0,0.0,0.0,0.0,regular,0,0,0,0,0,0,1,ZERO_VOL,108.2
2026-03-25 10:16:53.292767,10:16,25,3,2026,2,5,23298.4,23298.4,23298.4,23298.4,0.0,23298.4,0.0,0.0,23298.4,1.0,0.0,0.0,0.0,regular,0,0,0,0,0,0,1,ZERO_VOL,53.5
2026-03-25 10:16:53.346147,10:16,25,3,2026,2,5,23298.4,23298.4,23298.4,23298.4,0.0,23298.4,0.0,0.0,23298.4,1.0,0.0,0.0,0.0,regular,0,0,0,0,0,0,1,ZERO_VOL,52.9
2026-03-25 10:16:53.401646,10:16,25,3,2026,2,5,23301.05,23301.05,23301.05,23301.05,0.0,23301.05,0.0,0.0,23301.05,1.0,0.0,0.0,0.0,regular,0,0,0,0,0,0,1,ZERO_VOL,55.0
2026-03-25 10:16:53.455837,10:16,25,3,2026,2,5,23301.55,23301.55,23301.55,23301.55,0.0,23301.55,0.0,0.0,23301.55,1.0,0.0,0.0,0.0,regular,0,0,0,0,0,0,1,ZERO_VOL,53.6
2026-03-25 10:16:53.600151,10:16,25,3,2026,2,5,23300.8,23300.8,23300.8,23300.8,0.0,23300.8,0.0,0.0,23300.8,1.0,0.0,0.0,0.0,regular,0,0,0,0,0,0,1,ZERO_VOL,143.8
2026-03-25 10:16:55.168986,10:16,25,3,2026,2,5,23300.85,23300.85,23300.85,23300.85,0.0,23300.85,0.0,0.0,23300.85,1.0,0.0,0.0,0.0,regular,0,0,0,0,0,0,1,ZERO_VOL,83.3
2026-03-25 10:16:55.244527,10:16,25,3,2026,2,5,23300.85,23300.85,23300.85,23300.85,0.0,23300.85,0.0,0.0,23300.85,1.0,0.0,0.0,0.0,regular,0,0,0,0,0,0,1,ZERO_VOL,75.1
2026-03-25 10:16:55.349724,10:16,25,3,2026,2,5,23300.85,23300.85,23300.85,23300.85,0.0,23300.85,0.0,0.0,23300.85,1.0,0.0,0.0,0.0,regular,0,0,0,0,0,0,1,ZERO_VOL,104.7
2026-03-25 10:16:55.536447,10:16,25,3,2026,2,5,23300.85,23300.85,23300.85,23300.85,0.0,23300.85,0.0,0.0,23300.85,1.0,0.0,0.0,0.0,regular,0,0,0,0,0,0,1,ZERO_VOL,186.2
2026-03-25 10:16:55.719426,10:16,25,3,2026,2,5,23300.85,23300.85,23300.85,23300.85,0.0,23300.85,0.0,0.0,23300.85,1.0,0.0,0.0,0.0,regular,0,0,0,0,0,0,1,ZERO_VOL,182.5
2026-03-25 10:16:57.332321,10:16,25,3,2026,2,5,23301.1,23301.1,23301.1,23301.1,0.0,23301.1,0.0,0.0,23301.1,1.0,0.0,0.0,0.0,regular,0,0,0,0,0,0,1,ZERO_VOL,104.5
2026-03-25 10:16:57.453689,10:16,25,3,2026,2,5,23301.1,23301.1,23301.1,23301.1,0.0,23301.1,0.0,0.0,23301.1,1.0,0.0,0.0,0.0,regular,0,0,0,0,0,0,1,ZERO_VOL,120.9
2026-03-25 10:16:57.547645,10:16,25,3,2026,2,5,23301.85,23301.85,23301.85,23301.85,0.0,23301.85,0.0,0.0,23301.85,1.0,0.0,0.0,0.0,regular,0,0,0,0,0,0,1,ZERO_VOL,93.4
2026-03-25 10:16:57.603335,10:16,25,3,2026,2,5,23301.1,23301.1,23301.1,23301.1,0.0,23301.1,0.0,0.0,23301.1,1.0,0.0,0.0,0.0,regular,0,0,0,0,0,0,1,ZERO_VOL,55.2
2026-03-25 10:16:57.662169,10:16,25,3,2026,2,5,23301.05,23301.05,23301.05,23301.05,0.0,23301.05,0.0,0.0,23301.05,1.0,0.0,0.0,0.0,regular,0,0,0,0,0,0,1,ZERO_VOL,58.3
2026-03-25 10:16:59.271138,10:16,25,3,2026,2,5,23301.65,23301.65,23301.65,23301.65,0.0,23301.65,0.0,0.0,23301.65,1.0,0.0,0.0,0.0,regular,0,0,0,0,0,0,1,ZERO_VOL,128.2
2026-03-25 10:16:59.435706,10:16,25,3,2026,2,5,23301.65,23301.65,23301.65,23301.65,0.0,23301.65,0.0,0.0,23301.65,1.0,0.0,0.0,0.0,regular,0,0,0,0,0,0,1,ZERO_VOL,164.1
2026-03-25 10:16:59.533009,10:16,25,3,2026,2,5,23301.1,23301.1,23301.1,23301.1,0.0,23301.1,0.0,0.0,23301.1,1.0,0.0,0.0,0.0,regular,0,0,0,0,0,0,1,ZERO_VOL,96.7
2026-03-25 10:16:59.597335,10:16,25,3,2026,2,5,23301.65,23301.65,23301.65,23301.65,0.0,23301.65,0.0,0.0,23301.65,1.0,0.0,0.0,0.0,regular,0,0,0,0,0,0,1,ZERO_VOL,63.9
2026-03-25 10:16:59.686431,10:16,25,3,2026,2,5,23301.15,23301.15,23301.15,23301.15,0.0,23301.15,0.0,0.0,23301.15,1.0,0.0,0.0,0.0,regular,0,0,0,0,0,0,1,ZERO_VOL,88.6
2026-03-25 10:17:01.268676,10:17,25,3,2026,2,5,23291.4,23303.1,23291.4,23301.2,0.0,23298.57,11.7,0.0421,23298.57,1.0005,83.76,1.9,0.0,regular,0,0,0,0,0,0,1,ZERO_VOL,147.8
2026-03-25 10:17:01.355841,10:17,25,3,2026,2,5,23291.4,23303.1,23291.4,23301.2,0.0,23298.57,11.7,0.0421,23298.57,1.0005,83.76,1.9,0.0,regular,0,0,0,0,0,0,1,ZERO_VOL,86.5
2026-03-25 10:17:01.411334,10:17,25,3,2026,2,5,23300.85,23300.85,23300.85,23300.85,0.0,23300.85,0.0,0.0,23300.85,1.0,0.0,0.0,0.0,regular,0,0,0,0,0,0,1,ZERO_VOL,55.0
2026-03-25 10:17:01.576957,10:17,25,3,2026,2,5,23291.4,23303.1,23291.4,23301.2,0.0,23298.57,11.7,0.0421,23298.57,1.0005,83.76,1.9,0.0,regular,0,0,0,0,0,0,1,ZERO_VOL,165.0
2026-03-25 10:17:01.653774,10:17,25,3,2026,2,5,23300.85,23300.85,23300.85,23300.85,0.0,23300.85,0.0,0.0,23300.85,1.0,0.0,0.0,0.0,regular,0,0,0,0,0,0,1,ZERO_VOL,76.3
2026-03-25 10:17:03.551836,10:17,25,3,2026,2,5,23301.35,23301.35,23301.35,23301.35,0.0,23301.35,0.0,0.0,23301.35,1.0,0.0,0.0,0.0,regular,0,0,0,0,0,0,1,ZERO_VOL,93.3
2026-03-25 10:17:03.604140,10:17,25,3,2026,2,5,23301.65,23301.65,23301.65,23301.65,0.0,23301.65,0.0,0.0,23301.65,1.0,0.0,0.0,0.0,regular,0,0,0,0,0,0,1,ZERO_VOL,51.9
2026-03-25 10:17:03.751978,10:17,25,3,2026,2,5,23301.35,23301.35,23301.35,23301.35,0.0,23301.35,0.0,0.0,23301.35,1.0,0.0,0.0,0.0,regular,0,0,0,0,0,0,1,ZERO_VOL,147.4
2026-03-25 10:17:03.857299,10:17,25,3,2026,2,5,23301.35,23301.35,23301.35,23301.35,0.0,23301.35,0.0,0.0,23301.35,1.0,0.0,0.0,0.0,regular,0,0,0,0,0,0,1,ZERO_VOL,104.8
2026-03-25 10:17:04.011771,10:17,25,3,2026,2,5,23301.35,23301.35,23301.35,23301.35,0.0,23301.35,0.0,0.0,23301.35,1.0,0.0,0.0,0.0,regular,0,0,0,0,0,0,1,ZERO_VOL,154.0
2026-03-25 10:17:05.640444,10:17,25,3,2026,2,5,23297.85,23297.85,23297.85,23297.85,0.0,23297.85,0.0,0.0,23297.85,1.0,0.0,0.0,0.0,regular,0,0,0,0,0,0,1,ZERO_VOL,150.6
2026-03-25 10:17:05.757582,10:17,25,3,2026,2,5,23297.85,23297.85,23297.85,23297.85,0.0,23297.85,0.0,0.0,23297.85,1.0,0.0,0.0,0.0,regular,0,0,0,0,0,0,1,ZERO_VOL,116.6
2026-03-25 10:17:05.811464,10:17,25,3,2026,2,5,23301.1,23301.1,23301.1,23301.1,0.0,23301.1,0.0,0.0,23301.1,1.0,0.0,0.0,0.0,regular,0,0,0,0,0,0,1,ZERO_VOL,53.3
2026-03-25 10:17:05.863181,10:17,25,3,2026,2,5,23297.85,23297.85,23297.85,23297.85,0.0,23297.85,0.0,0.0,23297.85,1.0,0.0,0.0,0.0,regular,0,0,0,0,0,0,1,ZERO_VOL,51.0
2026-03-25 10:17:05.964018,10:17,25,3,2026,2,5,23299.8,23299.8,23299.8,23299.8,0.0,23299.8,0.0,0.0,23299.8,1.0,0.0,0.0,0.0,regular,0,0,0,0,0,0,1,ZERO_VOL,100.3
2026-03-25 10:17:07.870587,10:17,25,3,2026,2,5,23301.65,23301.65,23301.65,23301.65,0.0,23301.65,0.0,0.0,23301.65,1.0,0.0,0.0,0.0,regular,0,0,0,0,0,0,1,ZERO_VOL,96.9
2026-03-25 10:17:07.925184,10:17,25,3,2026,2,5,23301.35,23301.35,23301.35,23301.35,0.0,23301.35,0.0,0.0,23301.35,1.0,0.0,0.0,0.0,regular,0,0,0,0,0,0,1,ZERO_VOL,54.1
2026-03-25 10:17:08.008411,10:17,25,3,2026,2,5,23301.65,23301.65,23301.65,23301.65,0.0,23301.65,0.0,0.0,23301.65,1.0,0.0,0.0,0.0,regular,0,0,0,0,0,0,1,ZERO_VOL,82.7
2026-03-25 10:17:08.139261,10:17,25,3,2026,2,5,23301.65,23301.65,23301.65,23301.65,0.0,23301.65,0.0,0.0,23301.65,1.0,0.0,0.0,0.0,regular,0,0,0,0,0,0,1,ZERO_VOL,130.3
2026-03-25 10:17:08.316385,10:17,25,3,2026,2,5,23301.65,23301.65,23301.65,23301.65,0.0,23301.65,0.0,0.0,23301.65,1.0,0.0,0.0,0.0,regular,0,0,0,0,0,0,1,ZERO_VOL,176.6
2026-03-25 10:17:09.956941,10:17,25,3,2026,2,5,23301.65,23301.65,23301.65,23301.65,0.0,23301.65,0.0,0.0,23301.65,1.0,0.0,0.0,0.0,regular,0,0,0,0,0,0,1,ZERO_VOL,54.1
2026-03-25 10:17:10.105431,10:17,25,3,2026,2,5,23301.6,23301.6,23301.6,23301.6,0.0,23301.6,0.0,0.0,23301.6,1.0,0.0,0.0,0.0,regular,0,0,0,0,0,0,1,ZERO_VOL,148.0
2026-03-25 10:17:10.195626,10:17,25,3,2026,2,5,23301.6,23301.6,23301.6,23301.6,0.0,23301.6,0.0,0.0,23301.6,1.0,0.0,0.0,0.0,regular,0,0,0,0,0,0,1,ZERO_VOL,89.4
2026-03-25 10:17:10.294350,10:17,25,3,2026,2,5,23301.6,23301.6,23301.6,23301.6,0.0,23301.6,0.0,0.0,23301.6,1.0,0.0,0.0,0.0,regular,0,0,0,0,0,0,1,ZERO_VOL,98.2
2026-03-25 10:17:10.353176,10:17,25,3,2026,2,5,23301.35,23301.35,23301.35,23301.35,0.0,23301.35,0.0,0.0,23301.35,1.0,0.0,0.0,0.0,regular,0,0,0,0,0,0,1,ZERO_VOL,58.4
2026-03-25 10:17:12.048840,10:17,25,3,2026,2,5,23301.6,23301.6,23301.6,23301.6,0.0,23301.6,0.0,0.0,23301.6,1.0,0.0,0.0,0.0,regular,0,0,0,0,0,0,1,ZERO_VOL,110.4
2026-03-25 10:17:12.105920,10:17,25,3,2026,2,5,23301.35,23301.35,23301.35,23301.35,0.0,23301.35,0.0,0.0,23301.35,1.0,0.0,0.0,0.0,regular,0,0,0,0,0,0,1,ZERO_VOL,56.6
2026-03-25 10:17:12.210629,10:17,25,3,2026,2,5,23301.6,23301.6,23301.6,23301.6,0.0,23301.6,0.0,0.0,23301.6,1.0,0.0,0.0,0.0,regular,0,0,0,0,0,0,1,ZERO_VOL,104.2
2026-03-25 10:17:12.312948,10:17,25,3,2026,2,5,23301.6,23301.6,23301.6,23301.6,0.0,23301.6,0.0,0.0,23301.6,1.0,0.0,0.0,0.0,regular,0,0,0,0,0,0,1,ZERO_VOL,101.8
2026-03-25 10:17:12.457619,10:17,25,3,2026,2,5,23301.6,23301.6,23301.6,23301.6,0.0,23301.6,0.0,0.0,23301.6,1.0,0.0,0.0,0.0,regular,0,0,0,0,0,0,1,ZERO_VOL,144.2
2026-03-25 10:17:14.041031,10:17,25,3,2026,2,5,23299.8,23299.8,23299.8,23299.8,0.0,23299.8,0.0,0.0,23299.8,1.0,0.0,0.0,0.0,regular,0,0,0,0,0,0,1,ZERO_VOL,57.4
2026-03-25 10:17:14.100639,10:17,25,3,2026,2,5,23301.6,23301.6,23301.6,23301.6,0.0,23301.6,0.0,0.0,23301.6,1.0,0.0,0.0,0.0,regular,0,0,0,0,0,0,1,ZERO_VOL,59.1
2026-03-25 10:17:14.241342,10:17,25,3,2026,2,5,23306.55,23306.55,23306.55,23306.55,0.0,23306.55,0.0,0.0,23306.55,1.0,0.0,0.0,0.0,regular,0,0,0,0,0,0,1,ZERO_VOL,140.2
2026-03-25 10:17:14.296011,10:17,25,3,2026,2,5,23301.6,23301.6,23301.6,23301.6,0.0,23301.6,0.0,0.0,23301.6,1.0,0.0,0.0,0.0,regular,0,0,0,0,0,0,1,ZERO_VOL,54.1
2026-03-25 10:17:14.413905,10:17,25,3,2026,2,5,23306.55,23306.55,23306.55,23306.55,0.0,23306.55,0.0,0.0,23306.55,1.0,0.0,0.0,0.0,regular,0,0,0,0,0,0,1,ZERO_VOL,117.4
2026-03-25 10:17:16.096937,10:17,25,3,2026,2,5,23301.6,23301.6,23301.6,23301.6,0.0,23301.6,0.0,0.0,23301.6,1.0,0.0,0.0,0.0,regular,0,0,0,0,0,0,1,ZERO_VOL,54.0
2026-03-25 10:17:16.191512,10:17,25,3,2026,2,5,23305.45,23305.45,23305.45,23305.45,0.0,23305.45,0.0,0.0,23305.45,1.0,0.0,0.0,0.0,regular,0,0,0,0,0,0,1,ZERO_VOL,94.1
2026-03-25 10:17:16.269047,10:17,25,3,2026,2,5,23305.45,23305.45,23305.45,23305.45,0.0,23305.45,0.0,0.0,23305.45,1.0,0.0,0.0,0.0,regular,0,0,0,0,0,0,1,ZERO_VOL,77.0
2026-03-25 10:17:16.383387,10:17,25,3,2026,2,5,23305.45,23305.45,23305.45,23305.45,0.0,23305.45,0.0,0.0,23305.45,1.0,0.0,0.0,0.0,regular,0,0,0,0,0,0,1,ZERO_VOL,113.8
2026-03-25 10:17:16.436952,10:17,25,3,2026,2,5,23301.6,23301.6,23301.6,23301.6,0.0,23301.6,0.0,0.0,23301.6,1.0,0.0,0.0,0.0,regular,0,0,0,0,0,0,1,ZERO_VOL,53.1
2026-03-25 10:17:18.159657,10:17,25,3,2026,2,5,23305.2,23305.2,23305.2,23305.2,0.0,23305.2,0.0,0.0,23305.2,1.0,0.0,0.0,0.0,regular,0,0,0,0,0,0,1,ZERO_VOL,150.0
2026-03-25 10:17:18.259424,10:17,25,3,2026,2,5,23305.2,23305.2,23305.2,23305.2,0.0,23305.2,0.0,0.0,23305.2,1.0,0.0,0.0,0.0,regular,0,0,0,0,0,0,1,ZERO_VOL,99.3
2026-03-25 10:17:18.343899,10:17,25,3,2026,2,5,23305.2,23305.2,23305.2,23305.2,0.0,23305.2,0.0,0.0,23305.2,1.0,0.0,0.0,0.0,regular,0,0,0,0,0,0,1,ZERO_VOL,83.9
2026-03-25 10:17:18.429550,10:17,25,3,2026,2,5,23305.6,23305.6,23305.6,23305.6,0.0,23305.6,0.0,0.0,23305.6,1.0,0.0,0.0,0.0,regular,0,0,0,0,0,0,1,ZERO_VOL,85.2
2026-03-25 10:17:18.485177,10:17,25,3,2026,2,5,23305.2,23305.2,23305.2,23305.2,0.0,23305.2,0.0,0.0,23305.2,1.0,0.0,0.0,0.0,regular,0,0,0,0,0,0,1,ZERO_VOL,55.2
2026-03-25 10:17:20.148602,10:17,25,3,2026,2,5,23305.45,23305.45,23305.45,23305.45,0.0,23305.45,0.0,0.0,23305.45,1.0,0.0,0.0,0.0,regular,0,0,0,0,0,0,1,ZERO_VOL,57.0
2026-03-25 10:17:20.206489,10:17,25,3,2026,2,5,23305.45,23305.45,23305.45,23305.45,0.0,23305.45,0.0,0.0,23305.45,1.0,0.0,0.0,0.0,regular,0,0,0,0,0,0,1,ZERO_VOL,57.4
2026-03-25 10:17:20.350124,10:17,25,3,2026,2,5,23304.65,23304.65,23304.65,23304.65,0.0,23304.65,0.0,0.0,23304.65,1.0,0.0,0.0,0.0,regular,0,0,0,0,0,0,1,ZERO_VOL,143.1
2026-03-25 10:17:20.433213,10:17,25,3,2026,2,5,23305.6,23305.6,23305.6,23305.6,0.0,23305.6,0.0,0.0,23305.6,1.0,0.0,0.0,0.0,regular,0,0,0,0,0,0,1,ZERO_VOL,82.6
2026-03-25 10:17:20.491698,10:17,25,3,2026,2,5,23305.2,23305.2,23305.2,23305.2,0.0,23305.2,0.0,0.0,23305.2,1.0,0.0,0.0,0.0,regular,0,0,0,0,0,0,1,ZERO_VOL,58.0
2026-03-25 10:17:22.268767,10:17,25,3,2026,2,5,23306.4,23306.4,23306.4,23306.4,0.0,23306.4,0.0,0.0,23306.4,1.0,0.0,0.0,0.0,regular,0,0,0,0,0,0,1,ZERO_VOL,129.3
2026-03-25 10:17:22.326950,10:17,25,3,2026,2,5,23305.45,23305.45,23305.45,23305.45,0.0,23305.45,0.0,0.0,23305.45,1.0,0.0,0.0,0.0,regular,0,0,0,0,0,0,1,ZERO_VOL,57.7
2026-03-25 10:17:22.419395,10:17,25,3,2026,2,5,23305.95,23305.95,23305.95,23305.95,0.0,23305.95,0.0,0.0,23305.95,1.0,0.0,0.0,0.0,regular,0,0,0,0,0,0,1,ZERO_VOL,91.9
2026-03-25 10:17:22.484533,10:17,25,3,2026,2,5,23305.2,23305.2,23305.2,23305.2,0.0,23305.2,0.0,0.0,23305.2,1.0,0.0,0.0,0.0,regular,0,0,0,0,0,0,1,ZERO_VOL,64.6
2026-03-25 10:17:22.582743,10:17,25,3,2026,2,5,23305.95,23305.95,23305.95,23305.95,0.0,23305.95,0.0,0.0,23305.95,1.0,0.0,0.0,0.0,regular,0,0,0,0,0,0,1,ZERO_VOL,97.7
2026-03-25 10:17:24.513353,10:17,25,3,2026,2,5,23304.85,23304.85,23304.85,23304.85,0.0,23304.85,0.0,0.0,23304.85,1.0,0.0,0.0,0.0,regular,0,0,0,0,0,0,1,ZERO_VOL,174.1
2026-03-25 10:17:24.633502,10:17,25,3,2026,2,5,23303.95,23303.95,23303.95,23303.95,0.0,23303.95,0.0,0.0,23303.95,1.0,0.0,0.0,0.0,regular,0,0,0,0,0,0,1,ZERO_VOL,119.7
2026-03-25 10:17:24.822668,10:17,25,3,2026,2,5,23304.85,23304.85,23304.85,23304.85,0.0,23304.85,0.0,0.0,23304.85,1.0,0.0,0.0,0.0,regular,0,0,0,0,0,0,1,ZERO_VOL,188.6
2026-03-25 10:17:24.973418,10:17,25,3,2026,2,5,23304.85,23304.85,23304.85,23304.85,0.0,23304.85,0.0,0.0,23304.85,1.0,0.0,0.0,0.0,regular,0,0,0,0,0,0,1,ZERO_VOL,150.3
2026-03-25 10:17:25.065501,10:17,25,3,2026,2,5,23304.85,23304.85,23304.85,23304.85,0.0,23304.85,0.0,0.0,23304.85,1.0,0.0,0.0,0.0,regular,0,0,0,0,0,0,1,ZERO_VOL,91.6
2026-03-25 10:17:26.657308,10:17,25,3,2026,2,5,23305.2,23305.2,23305.2,23305.2,0.0,23305.2,0.0,0.0,23305.2,1.0,0.0,0.0,0.0,regular,0,0,0,0,0,0,1,ZERO_VOL,55.5
2026-03-25 10:17:26.764064,10:17,25,3,2026,2,5,23305.6,23305.6,23305.6,23305.6,0.0,23305.6,0.0,0.0,23305.6,1.0,0.0,0.0,0.0,regular,0,0,0,0,0,0,1,ZERO_VOL,106.3
2026-03-25 10:17:26.829193,10:17,25,3,2026,2,5,23304.85,23304.85,23304.85,23304.85,0.0,23304.85,0.0,0.0,23304.85,1.0,0.0,0.0,0.0,regular,0,0,0,0,0,0,1,ZERO_VOL,64.6
2026-03-25 10:17:26.885187,10:17,25,3,2026,2,5,23305.6,23305.6,23305.6,23305.6,0.0,23305.6,0.0,0.0,23305.6,1.0,0.0,0.0,0.0,regular,0,0,0,0,0,0,1,ZERO_VOL,55.4
2026-03-25 10:17:26.990339,10:17,25,3,2026,2,5,23305.6,23305.6,23305.6,23305.6,0.0,23305.6,0.0,0.0,23305.6,1.0,0.0,0.0,0.0,regular,0,0,0,0,0,0,1,ZERO_VOL,104.7
2026-03-25 10:17:28.437525,10:17,25,3,2026,2,5,23305.6,23305.6,23305.6,23305.6,0.0,23305.6,0.0,0.0,23305.6,1.0,0.0,0.0,0.0,regular,0,0,0,0,0,0,1,ZERO_VOL,58.2
2026-03-25 10:17:28.574642,10:17,25,3,2026,2,5,23304.55,23304.55,23304.55,23304.55,0.0,23304.55,0.0,0.0,23304.55,1.0,0.0,0.0,0.0,regular,0,0,0,0,0,0,1,ZERO_VOL,136.6
2026-03-25 10:17:28.667840,10:17,25,3,2026,2,5,23305.85,23305.85,23305.85,23305.85,0.0,23305.85,0.0,0.0,23305.85,1.0,0.0,0.0,0.0,regular,0,0,0,0,0,0,1,ZERO_VOL,92.7
2026-03-25 10:17:28.769853,10:17,25,3,2026,2,5,23305.85,23305.85,23305.85,23305.85,0.0,23305.85,0.0,0.0,23305.85,1.0,0.0,0.0,0.0,regular,0,0,0,0,0,0,1,ZERO_VOL,101.4
2026-03-25 10:17:28.834656,10:17,25,3,2026,2,5,23304.85,23304.85,23304.85,23304.85,0.0,23304.85,0.0,0.0,23304.85,1.0,0.0,0.0,0.0,regular,0,0,0,0,0,0,1,ZERO_VOL,64.3
2026-03-25 10:17:30.590510,10:17,25,3,2026,2,5,23305.25,23305.25,23305.25,23305.25,0.0,23305.25,0.0,0.0,23305.25,1.0,0.0,0.0,0.0,regular,0,0,0,0,0,0,1,ZERO_VOL,117.3
2026-03-25 10:17:30.755980,10:17,25,3,2026,2,5,23305.55,23305.55,23305.55,23305.55,0.0,23305.55,0.0,0.0,23305.55,1.0,0.0,0.0,0.0,regular,0,0,0,0,0,0,1,ZERO_VOL,164.9
2026-03-25 10:17:30.868891,10:17,25,3,2026,2,5,23305.55,23305.55,23305.55,23305.55,0.0,23305.55,0.0,0.0,23305.55,1.0,0.0,0.0,0.0,regular,0,0,0,0,0,0,1,ZERO_VOL,112.3
2026-03-25 10:17:30.963164,10:17,25,3,2026,2,5,23305.55,23305.55,23305.55,23305.55,0.0,23305.55,0.0,0.0,23305.55,1.0,0.0,0.0,0.0,regular,0,0,0,0,0,0,1,ZERO_VOL,93.8
2026-03-25 10:17:31.059944,10:17,25,3,2026,2,5,23305.55,23305.55,23305.55,23305.55,0.0,23305.55,0.0,0.0,23305.55,1.0,0.0,0.0,0.0,regular,0,0,0,0,0,0,1,ZERO_VOL,96.2
2026-03-25 10:17:32.795535,10:17,25,3,2026,2,5,23307.1,23307.1,23307.1,23307.1,0.0,23307.1,0.0,0.0,23307.1,1.0,0.0,0.0,0.0,regular,0,0,0,0,0,0,1,ZERO_VOL,144.7
2026-03-25 10:17:32.961946,10:17,25,3,2026,2,5,23307.45,23307.45,23307.45,23307.45,0.0,23307.45,0.0,0.0,23307.45,1.0,0.0,0.0,0.0,regular,0,0,0,0,0,0,1,ZERO_VOL,165.9
2026-03-25 10:17:33.072290,10:17,25,3,2026,2,5,23307.45,23307.45,23307.45,23307.45,0.0,23307.45,0.0,0.0,23307.45,1.0,0.0,0.0,0.0,regular,0,0,0,0,0,0,1,ZERO_VOL,109.8
2026-03-25 10:17:33.160067,10:17,25,3,2026,2,5,23307.45,23307.45,23307.45,23307.45,0.0,23307.45,0.0,0.0,23307.45,1.0,0.0,0.0,0.0,regular,0,0,0,0,0,0,1,ZERO_VOL,87.3
2026-03-25 10:17:33.213458,10:17,25,3,2026,2,5,23305.25,23305.25,23305.25,23305.25,0.0,23305.25,0.0,0.0,23305.25,1.0,0.0,0.0,0.0,regular,0,0,0,0,0,0,1,ZERO_VOL,52.9
2026-03-25 10:17:34.934046,10:17,25,3,2026,2,5,23309.8,23309.8,23309.8,23309.8,0.0,23309.8,0.0,0.0,23309.8,1.0,0.0,0.0,0.0,regular,0,0,0,0,0,0,1,ZERO_VOL,97.8
2026-03-25 10:17:34.992713,10:17,25,3,2026,2,5,23305.85,23305.85,23305.85,23305.85,0.0,23305.85,0.0,0.0,23305.85,1.0,0.0,0.0,0.0,regular,0,0,0,0,0,0,1,ZERO_VOL,58.0
2026-03-25 10:17:35.082471,10:17,25,3,2026,2,5,23309.8,23309.8,23309.8,23309.8,0.0,23309.8,0.0,0.0,23309.8,1.0,0.0,0.0,0.0,regular,0,0,0,0,0,0,1,ZERO_VOL,89.0
2026-03-25 10:17:35.152356,10:17,25,3,2026,2,5,23305.55,23305.55,23305.55,23305.55,0.0,23305.55,0.0,0.0,23305.55,1.0,0.0,0.0,0.0,regular,0,0,0,0,0,0,1,ZERO_VOL,69.2
2026-03-25 10:17:35.298386,10:17,25,3,2026,2,5,23309.8,23309.8,23309.8,23309.8,0.0,23309.8,0.0,0.0,23309.8,1.0,0.0,0.0,0.0,regular,0,0,0,0,0,0,1,ZERO_VOL,145.5
2026-03-25 10:17:36.867314,10:17,25,3,2026,2,5,23309.8,23309.8,23309.8,23309.8,0.0,23309.8,0.0,0.0,23309.8,1.0,0.0,0.0,0.0,regular,0,0,0,0,0,0,1,ZERO_VOL,88.9
2026-03-25 10:17:37.015399,10:17,25,3,2026,2,5,23311.7,23311.7,23311.7,23311.7,0.0,23311.7,0.0,0.0,23311.7,1.0,0.0,0.0,0.0,regular,0,0,0,0,0,0,1,ZERO_VOL,147.6
2026-03-25 10:17:37.193040,10:17,25,3,2026,2,5,23311.7,23311.7,23311.7,23311.7,0.0,23311.7,0.0,0.0,23311.7,1.0,0.0,0.0,0.0,regular,0,0,0,0,0,0,1,ZERO_VOL,177.1
2026-03-25 10:17:37.248997,10:17,25,3,2026,2,5,23305.55,23305.55,23305.55,23305.55,0.0,23305.55,0.0,0.0,23305.55,1.0,0.0,0.0,0.0,regular,0,0,0,0,0,0,1,ZERO_VOL,55.5
2026-03-25 10:17:37.325986,10:17,25,3,2026,2,5,23311.7,23311.7,23311.7,23311.7,0.0,23311.7,0.0,0.0,23311.7,1.0,0.0,0.0,0.0,regular,0,0,0,0,0,0,1,ZERO_VOL,76.5
2026-03-25 10:17:38.926593,10:17,25,3,2026,2,5,23312.5,23312.5,23312.5,23312.5,0.0,23312.5,0.0,0.0,23312.5,1.0,0.0,0.0,0.0,regular,0,0,0,0,0,0,1,ZERO_VOL,136.1
2026-03-25 10:17:38.985746,10:17,25,3,2026,2,5,23309.8,23309.8,23309.8,23309.8,0.0,23309.8,0.0,0.0,23309.8,1.0,0.0,0.0,0.0,regular,0,0,0,0,0,0,1,ZERO_VOL,58.7
2026-03-25 10:17:39.161003,10:17,25,3,2026,2,5,23312.5,23312.5,23312.5,23312.5,0.0,23312.5,0.0,0.0,23312.5,1.0,0.0,0.0,0.0,regular,0,0,0,0,0,0,1,ZERO_VOL,174.8
2026-03-25 10:17:39.245512,10:17,25,3,2026,2,5,23312.5,23312.5,23312.5,23312.5,0.0,23312.5,0.0,0.0,23312.5,1.0,0.0,0.0,0.0,regular,0,0,0,0,0,0,1,ZERO_VOL,84.0
2026-03-25 10:17:39.303957,10:17,25,3,2026,2,5,23311.7,23311.7,23311.7,23311.7,0.0,23311.7,0.0,0.0,23311.7,1.0,0.0,0.0,0.0,regular,0,0,0,0,0,0,1,ZERO_VOL,58.0
2026-03-25 10:17:41.064727,10:17,25,3,2026,2,5,23315.15,23315.15,23315.15,23315.15,0.0,23315.15,0.0,0.0,23315.15,1.0,0.0,0.0,0.0,regular,0,0,0,0,0,0,1,ZERO_VOL,104.5
2026-03-25 10:17:41.152720,10:17,25,3,2026,2,5,23315.15,23315.15,23315.15,23315.15,0.0,23315.15,0.0,0.0,23315.15,1.0,0.0,0.0,0.0,regular,0,0,0,0,0,0,1,ZERO_VOL,87.5
2026-03-25 10:17:41.249785,10:17,25,3,2026,2,5,23315.15,23315.15,23315.15,23315.15,0.0,23315.15,0.0,0.0,23315.15,1.0,0.0,0.0,0.0,regular,0,0,0,0,0,0,1,ZERO_VOL,96.6
2026-03-25 10:17:41.417946,10:17,25,3,2026,2,5,23315.15,23315.15,23315.15,23315.15,0.0,23315.15,0.0,0.0,23315.15,1.0,0.0,0.0,0.0,regular,0,0,0,0,0,0,1,ZERO_VOL,167.7
2026-03-25 10:17:41.471095,10:17,25,3,2026,2,5,23307.45,23307.45,23307.45,23307.45,0.0,23307.45,0.0,0.0,23307.45,1.0,0.0,0.0,0.0,regular,0,0,0,0,0,0,1,ZERO_VOL,52.7
2026-03-25 10:17:43.134020,10:17,25,3,2026,2,5,23316.7,23316.7,23316.7,23316.7,0.0,23316.7,0.0,0.0,23316.7,1.0,0.0,0.0,0.0,regular,0,0,0,0,0,0,1,ZERO_VOL,104.8
2026-03-25 10:17:43.187597,10:17,25,3,2026,2,5,23315.15,23315.15,23315.15,23315.15,0.0,23315.15,0.0,0.0,23315.15,1.0,0.0,0.0,0.0,regular,0,0,0,0,0,0,1,ZERO_VOL,53.1
2026-03-25 10:17:43.267697,10:17,25,3,2026,2,5,23316.7,23316.7,23316.7,23316.7,0.0,23316.7,0.0,0.0,23316.7,1.0,0.0,0.0,0.0,regular,0,0,0,0,0,0,1,ZERO_VOL,79.6
2026-03-25 10:17:43.423042,10:17,25,3,2026,2,5,23316.7,23316.7,23316.7,23316.7,0.0,23316.7,0.0,0.0,23316.7,1.0,0.0,0.0,0.0,regular,0,0,0,0,0,0,1,ZERO_VOL,154.8
2026-03-25 10:17:43.523410,10:17,25,3,2026,2,5,23316.7,23316.7,23316.7,23316.7,0.0,23316.7,0.0,0.0,23316.7,1.0,0.0,0.0,0.0,regular,0,0,0,0,0,0,1,ZERO_VOL,99.9
2026-03-25 10:17:45.328551,10:17,25,3,2026,2,5,23316.1,23316.1,23316.1,23316.1,0.0,23316.1,0.0,0.0,23316.1,1.0,0.0,0.0,0.0,regular,0,0,0,0,0,0,1,ZERO_VOL,95.7
2026-03-25 10:17:45.426551,10:17,25,3,2026,2,5,23317.15,23317.15,23317.15,23317.15,0.0,23317.15,0.0,0.0,23317.15,1.0,0.0,0.0,0.0,regular,0,0,0,0,0,0,1,ZERO_VOL,97.4
2026-03-25 10:17:45.507433,10:17,25,3,2026,2,5,23311.7,23311.7,23311.7,23311.7,0.0,23311.7,0.0,0.0,23311.7,1.0,0.0,0.0,0.0,regular,0,0,0,0,0,0,1,ZERO_VOL,80.3
2026-03-25 10:17:45.574122,10:17,25,3,2026,2,5,23315.15,23315.15,23315.15,23315.15,0.0,23315.15,0.0,0.0,23315.15,1.0,0.0,0.0,0.0,regular,0,0,0,0,0,0,1,ZERO_VOL,66.1
2026-03-25 10:17:45.677843,10:17,25,3,2026,2,5,23317.15,23317.15,23317.15,23317.15,0.0,23317.15,0.0,0.0,23317.15,1.0,0.0,0.0,0.0,regular,0,0,0,0,0,0,1,ZERO_VOL,103.3
2026-03-25 10:17:47.430680,10:17,25,3,2026,2,5,23316.85,23316.85,23316.85,23316.85,0.0,23316.85,0.0,0.0,23316.85,1.0,0.0,0.0,0.0,regular,0,0,0,0,0,0,1,ZERO_VOL,145.6
2026-03-25 10:17:47.526186,10:17,25,3,2026,2,5,23316.9,23316.9,23316.9,23316.9,0.0,23316.9,0.0,0.0,23316.9,1.0,0.0,0.0,0.0,regular,0,0,0,0,0,0,1,ZERO_VOL,95.0
2026-03-25 10:17:47.611679,10:17,25,3,2026,2,5,23316.9,23316.9,23316.9,23316.9,0.0,23316.9,0.0,0.0,23316.9,1.0,0.0,0.0,0.0,regular,0,0,0,0,0,0,1,ZERO_VOL,84.9
2026-03-25 10:17:47.668610,10:17,25,3,2026,2,5,23312.5,23312.5,23312.5,23312.5,0.0,23312.5,0.0,0.0,23312.5,1.0,0.0,0.0,0.0,regular,0,0,0,0,0,0,1,ZERO_VOL,56.5
2026-03-25 10:17:47.769586,10:17,25,3,2026,2,5,23316.9,23316.9,23316.9,23316.9,0.0,23316.9,0.0,0.0,23316.9,1.0,0.0,0.0,0.0,regular,0,0,0,0,0,0,1,ZERO_VOL,100.5
2026-03-25 10:17:49.502227,10:17,25,3,2026,2,5,23314.6,23314.6,23314.6,23314.6,0.0,23314.6,0.0,0.0,23314.6,1.0,0.0,0.0,0.0,regular,0,0,0,0,0,0,1,ZERO_VOL,179.4
2026-03-25 10:17:49.556787,10:17,25,3,2026,2,5,23316.9,23316.9,23316.9,23316.9,0.0,23316.9,0.0,0.0,23316.9,1.0,0.0,0.0,0.0,regular,0,0,0,0,0,0,1,ZERO_VOL,54.0
2026-03-25 10:17:49.648760,10:17,25,3,2026,2,5,23314.0,23314.0,23314.0,23314.0,0.0,23314.0,0.0,0.0,23314.0,1.0,0.0,0.0,0.0,regular,0,0,0,0,0,0,1,ZERO_VOL,91.3
2026-03-25 10:17:49.793072,10:17,25,3,2026,2,5,23314.0,23314.0,23314.0,23314.0,0.0,23314.0,0.0,0.0,23314.0,1.0,0.0,0.0,0.0,regular,0,0,0,0,0,0,1,ZERO_VOL,143.7
2026-03-25 10:17:49.846994,10:17,25,3,2026,2,5,23316.7,23316.7,23316.7,23316.7,0.0,23316.7,0.0,0.0,23316.7,1.0,0.0,0.0,0.0,regular,0,0,0,0,0,0,1,ZERO_VOL,53.4
2026-03-25 10:17:51.499861,10:17,25,3,2026,2,5,23316.9,23316.9,23316.9,23316.9,0.0,23316.9,0.0,0.0,23316.9,1.0,0.0,0.0,0.0,regular,0,0,0,0,0,0,1,ZERO_VOL,53.1
2026-03-25 10:17:51.654006,10:17,25,3,2026,2,5,23314.5,23314.5,23314.5,23314.5,0.0,23314.5,0.0,0.0,23314.5,1.0,0.0,0.0,0.0,regular,0,0,0,0,0,0,1,ZERO_VOL,153.7
2026-03-25 10:17:51.748211,10:17,25,3,2026,2,5,23314.55,23314.55,23314.55,23314.55,0.0,23314.55,0.0,0.0,23314.55,1.0,0.0,0.0,0.0,regular,0,0,0,0,0,0,1,ZERO_VOL,93.7
2026-03-25 10:17:51.812895,10:17,25,3,2026,2,5,23316.9,23316.9,23316.9,23316.9,0.0,23316.9,0.0,0.0,23316.9,1.0,0.0,0.0,0.0,regular,0,0,0,0,0,0,1,ZERO_VOL,64.2
2026-03-25 10:17:51.877310,10:17,25,3,2026,2,5,23316.7,23316.7,23316.7,23316.7,0.0,23316.7,0.0,0.0,23316.7,1.0,0.0,0.0,0.0,regular,0,0,0,0,0,0,1,ZERO_VOL,64.0
2026-03-25 10:17:53.705811,10:17,25,3,2026,2,5,23313.8,23313.8,23313.8,23313.8,0.0,23313.8,0.0,0.0,23313.8,1.0,0.0,0.0,0.0,regular,0,0,0,0,0,0,1,ZERO_VOL,164.9
2026-03-25 10:17:53.813525,10:17,25,3,2026,2,5,23313.75,23313.75,23313.75,23313.75,0.0,23313.75,0.0,0.0,23313.75,1.0,0.0,0.0,0.0,regular,0,0,0,0,0,0,1,ZERO_VOL,107.2
2026-03-25 10:17:53.918812,10:17,25,3,2026,2,5,23313.75,23313.75,23313.75,23313.75,0.0,23313.75,0.0,0.0,23313.75,1.0,0.0,0.0,0.0,regular,0,0,0,0,0,0,1,ZERO_VOL,104.7
2026-03-25 10:17:53.981894,10:17,25,3,2026,2,5,23316.7,23316.7,23316.7,23316.7,0.0,23316.7,0.0,0.0,23316.7,1.0,0.0,0.0,0.0,regular,0,0,0,0,0,0,1,ZERO_VOL,62.6
2026-03-25 10:17:54.069924,10:17,25,3,2026,2,5,23313.75,23313.75,23313.75,23313.75,0.0,23313.75,0.0,0.0,23313.75,1.0,0.0,0.0,0.0,regular,0,0,0,0,0,0,1,ZERO_VOL,87.6
2026-03-25 10:17:56.107562,10:17,25,3,2026,2,5,23313.8,23313.8,23313.8,23313.8,0.0,23313.8,0.0,0.0,23313.8,1.0,0.0,0.0,0.0,regular,0,0,0,0,0,0,1,ZERO_VOL,145.5
2026-03-25 10:17:56.199146,10:17,25,3,2026,2,5,23313.8,23313.8,23313.8,23313.8,0.0,23313.8,0.0,0.0,23313.8,1.0,0.0,0.0,0.0,regular,0,0,0,0,0,0,1,ZERO_VOL,91.1
2026-03-25 10:17:56.293554,10:17,25,3,2026,2,5,23313.8,23313.8,23313.8,23313.8,0.0,23313.8,0.0,0.0,23313.8,1.0,0.0,0.0,0.0,regular,0,0,0,0,0,0,1,ZERO_VOL,93.9
2026-03-25 10:17:56.460243,10:17,25,3,2026,2,5,23313.8,23313.8,23313.8,23313.8,0.0,23313.8,0.0,0.0,23313.8,1.0,0.0,0.0,0.0,regular,0,0,0,0,0,0,1,ZERO_VOL,166.2
2026-03-25 10:17:56.521248,10:17,25,3,2026,2,5,23314.6,23314.6,23314.6,23314.6,0.0,23314.6,0.0,0.0,23314.6,1.0,0.0,0.0,0.0,regular,0,0,0,0,0,0,1,ZERO_VOL,60.5
2026-03-25 10:17:58.345677,10:17,25,3,2026,2,5,23314.05,23314.05,23314.05,23314.05,0.0,23314.05,0.0,0.0,23314.05,1.0,0.0,0.0,0.0,regular,0,0,0,0,0,0,1,ZERO_VOL,82.2
2026-03-25 10:17:58.440082,10:17,25,3,2026,2,5,23313.0,23313.0,23313.0,23313.0,0.0,23313.0,0.0,0.0,23313.0,1.0,0.0,0.0,0.0,regular,0,0,0,0,0,0,1,ZERO_VOL,93.9
2026-03-25 10:17:58.496939,10:17,25,3,2026,2,5,23313.75,23313.75,23313.75,23313.75,0.0,23313.75,0.0,0.0,23313.75,1.0,0.0,0.0,0.0,regular,0,0,0,0,0,0,1,ZERO_VOL,56.4
2026-03-25 10:17:58.552239,10:17,25,3,2026,2,5,23314.5,23314.5,23314.5,23314.5,0.0,23314.5,0.0,0.0,23314.5,1.0,0.0,0.0,0.0,regular,0,0,0,0,0,0,1,ZERO_VOL,54.8
2026-03-25 10:17:58.709383,10:17,25,3,2026,2,5,23313.0,23313.0,23313.0,23313.0,0.0,23313.0,0.0,0.0,23313.0,1.0,0.0,0.0,0.0,regular,0,0,0,0,0,0,1,ZERO_VOL,156.7
2026-03-25 10:18:00.414951,10:18,25,3,2026,2,5,23313.8,23313.8,23313.8,23313.8,0.0,23313.8,0.0,0.0,23313.8,1.0,0.0,0.0,0.0,regular,0,0,0,0,0,0,1,ZERO_VOL,59.8
2026-03-25 10:18:00.580602,10:18,25,3,2026,2,5,23301.95,23317.7,23297.85,23312.6,0.0,23309.38,19.85,0.0457,23309.38,1.0009,53.66,5.1,4.1,regular,0,0,0,0,0,0,1,ZERO_VOL,165.2
2026-03-25 10:18:00.712980,10:18,25,3,2026,2,5,23301.95,23317.7,23297.85,23312.6,0.0,23309.38,19.85,0.0457,23309.38,1.0009,53.66,5.1,4.1,regular,0,0,0,0,0,0,1,ZERO_VOL,131.9
2026-03-25 10:18:00.845580,10:18,25,3,2026,2,5,23301.95,23317.7,23297.85,23312.6,0.0,23309.38,19.85,0.0457,23309.38,1.0009,53.66,5.1,4.1,regular,0,0,0,0,0,0,1,ZERO_VOL,132.1
2026-03-25 10:18:00.958441,10:18,25,3,2026,2,5,23301.95,23317.7,23297.85,23312.6,0.0,23309.38,19.85,0.0457,23309.38,1.0009,53.66,5.1,4.1,regular,0,0,0,0,0,0,1,ZERO_VOL,112.3
2026-03-25 10:18:02.684362,10:18,25,3,2026,2,5,23313.8,23313.8,23313.8,23313.8,0.0,23313.8,0.0,0.0,23313.8,1.0,0.0,0.0,0.0,regular,0,0,0,0,0,0,1,ZERO_VOL,76.0
2026-03-25 10:18:02.755823,10:18,25,3,2026,2,5,23313.8,23313.8,23313.8,23313.8,0.0,23313.8,0.0,0.0,23313.8,1.0,0.0,0.0,0.0,regular,0,0,0,0,0,0,1,ZERO_VOL,70.8
2026-03-25 10:18:02.851741,10:18,25,3,2026,2,5,23308.75,23308.75,23308.75,23308.75,0.0,23308.75,0.0,0.0,23308.75,1.0,0.0,0.0,0.0,regular,0,0,0,0,0,0,1,ZERO_VOL,95.4
2026-03-25 10:18:02.972428,10:18,25,3,2026,2,5,23308.75,23308.75,23308.75,23308.75,0.0,23308.75,0.0,0.0,23308.75,1.0,0.0,0.0,0.0,regular,0,0,0,0,0,0,1,ZERO_VOL,120.0
2026-03-25 10:18:03.023322,10:18,25,3,2026,2,5,23301.95,23317.7,23297.85,23312.6,0.0,23309.38,19.85,0.0457,23309.38,1.0009,53.66,5.1,4.1,regular,0,0,0,0,0,0,1,ZERO_VOL,50.4
2026-03-25 10:18:04.789310,10:18,25,3,2026,2,5,23308.5,23308.5,23308.5,23308.5,0.0,23308.5,0.0,0.0,23308.5,1.0,0.0,0.0,0.0,regular,0,0,0,0,0,0,1,ZERO_VOL,107.1
2026-03-25 10:18:04.874436,10:18,25,3,2026,2,5,23308.5,23308.5,23308.5,23308.5,0.0,23308.5,0.0,0.0,23308.5,1.0,0.0,0.0,0.0,regular,0,0,0,0,0,0,1,ZERO_VOL,84.6
2026-03-25 10:18:05.001966,10:18,25,3,2026,2,5,23308.5,23308.5,23308.5,23308.5,0.0,23308.5,0.0,0.0,23308.5,1.0,0.0,0.0,0.0,regular,0,0,0,0,0,0,1,ZERO_VOL,127.1
2026-03-25 10:18:05.166796,10:18,25,3,2026,2,5,23308.5,23308.5,23308.5,23308.5,0.0,23308.5,0.0,0.0,23308.5,1.0,0.0,0.0,0.0,regular,0,0,0,0,0,0,1,ZERO_VOL,164.3
2026-03-25 10:18:05.262038,10:18,25,3,2026,2,5,23308.5,23308.5,23308.5,23308.5,0.0,23308.5,0.0,0.0,23308.5,1.0,0.0,0.0,0.0,regular,0,0,0,0,0,0,1,ZERO_VOL,94.8
2026-03-25 10:18:07.052088,10:18,25,3,2026,2,5,23312.95,23312.95,23312.95,23312.95,0.0,23312.95,0.0,0.0,23312.95,1.0,0.0,0.0,0.0,regular,0,0,0,0,0,0,1,ZERO_VOL,122.2
2026-03-25 10:18:07.157054,10:18,25,3,2026,2,5,23312.95,23312.95,23312.95,23312.95,0.0,23312.95,0.0,0.0,23312.95,1.0,0.0,0.0,0.0,regular,0,0,0,0,0,0,1,ZERO_VOL,104.5
2026-03-25 10:18:07.264404,10:18,25,3,2026,2,5,23312.95,23312.95,23312.95,23312.95,0.0,23312.95,0.0,0.0,23312.95,1.0,0.0,0.0,0.0,regular,0,0,0,0,0,0,1,ZERO_VOL,106.8
2026-03-25 10:18:07.320011,10:18,25,3,2026,2,5,23301.95,23317.7,23297.85,23312.6,0.0,23309.38,19.85,0.0457,23309.38,1.0009,53.66,5.1,4.1,regular,0,0,0,0,0,0,1,ZERO_VOL,55.0
2026-03-25 10:18:07.380072,10:18,25,3,2026,2,5,23301.95,23317.7,23297.85,23312.6,0.0,23309.38,19.85,0.0457,23309.38,1.0009,53.66,5.1,4.1,regular,0,0,0,0,0,0,1,ZERO_VOL,59.6
2026-03-25 10:18:08.969820,10:18,25,3,2026,2,5,23312.95,23312.95,23312.95,23312.95,0.0,23312.95,0.0,0.0,23312.95,1.0,0.0,0.0,0.0,regular,0,0,0,0,0,0,1,ZERO_VOL,57.1
2026-03-25 10:18:09.076919,10:18,25,3,2026,2,5,23311.2,23311.2,23311.2,23311.2,0.0,23311.2,0.0,0.0,23311.2,1.0,0.0,0.0,0.0,regular,0,0,0,0,0,0,1,ZERO_VOL,106.6
2026-03-25 10:18:09.445783,10:18,25,3,2026,2,5,23311.2,23311.2,23311.2,23311.2,0.0,23311.2,0.0,0.0,23311.2,1.0,0.0,0.0,0.0,regular,0,0,0,0,0,0,1,ZERO_VOL,368.4
2026-03-25 10:18:09.504778,10:18,25,3,2026,2,5,23308.75,23308.75,23308.75,23308.75,0.0,23308.75,0.0,0.0,23308.75,1.0,0.0,0.0,0.0,regular,0,0,0,0,0,0,1,ZERO_VOL,58.5
2026-03-25 10:18:09.652379,10:18,25,3,2026,2,5,23311.2,23311.2,23311.2,23311.2,0.0,23311.2,0.0,0.0,23311.2,1.0,0.0,0.0,0.0,regular,0,0,0,0,0,0,1,ZERO_VOL,147.1
2026-03-25 10:18:11.701952,10:18,25,3,2026,2,5,23310.55,23310.55,23310.55,23310.55,0.0,23310.55,0.0,0.0,23310.55,1.0,0.0,0.0,0.0,regular,0,0,0,0,0,0,1,ZERO_VOL,145.2
2026-03-25 10:18:11.801311,10:18,25,3,2026,2,5,23308.5,23308.5,23308.5,23308.5,0.0,23308.5,0.0,0.0,23308.5,1.0,0.0,0.0,0.0,regular,0,0,0,0,0,0,1,ZERO_VOL,98.9
2026-03-25 10:18:11.880138,10:18,25,3,2026,2,5,23308.5,23308.5,23308.5,23308.5,0.0,23308.5,0.0,0.0,23308.5,1.0,0.0,0.0,0.0,regular,0,0,0,0,0,0,1,ZERO_VOL,78.3
2026-03-25 10:18:11.968292,10:18,25,3,2026,2,5,23310.55,23310.55,23310.55,23310.55,0.0,23310.55,0.0,0.0,23310.55,1.0,0.0,0.0,0.0,regular,0,0,0,0,0,0,1,ZERO_VOL,87.7
2026-03-25 10:18:12.063531,10:18,25,3,2026,2,5,23310.55,23310.55,23310.55,23310.55,0.0,23310.55,0.0,0.0,23310.55,1.0,0.0,0.0,0.0,regular,0,0,0,0,0,0,1,ZERO_VOL,94.7
2026-03-25 10:18:14.182252,10:18,25,3,2026,2,5,23311.2,23311.2,23311.2,23311.2,0.0,23311.2,0.0,0.0,23311.2,1.0,0.0,0.0,0.0,regular,0,0,0,0,0,0,1,ZERO_VOL,158.1
2026-03-25 10:18:14.236750,10:18,25,3,2026,2,5,23311.2,23311.2,23311.2,23311.2,0.0,23311.2,0.0,0.0,23311.2,1.0,0.0,0.0,0.0,regular,0,0,0,0,0,0,1,ZERO_VOL,53.9
2026-03-25 10:18:14.382515,10:18,25,3,2026,2,5,23311.2,23311.2,23311.2,23311.2,0.0,23311.2,0.0,0.0,23311.2,1.0,0.0,0.0,0.0,regular,0,0,0,0,0,0,1,ZERO_VOL,145.2
2026-03-25 10:18:14.529249,10:18,25,3,2026,2,5,23311.2,23311.2,23311.2,23311.2,0.0,23311.2,0.0,0.0,23311.2,1.0,0.0,0.0,0.0,regular,0,0,0,0,0,0,1,ZERO_VOL,146.2
2026-03-25 10:18:14.582584,10:18,25,3,2026,2,5,23308.5,23308.5,23308.5,23308.5,0.0,23308.5,0.0,0.0,23308.5,1.0,0.0,0.0,0.0,regular,0,0,0,0,0,0,1,ZERO_VOL,52.8
2026-03-25 10:18:16.336350,10:18,25,3,2026,2,5,23311.65,23311.65,23311.65,23311.65,0.0,23311.65,0.0,0.0,23311.65,1.0,0.0,0.0,0.0,regular,0,0,0,0,0,0,1,ZERO_VOL,146.2
2026-03-25 10:18:16.395305,10:18,25,3,2026,2,5,23310.55,23310.55,23310.55,23310.55,0.0,23310.55,0.0,0.0,23310.55,1.0,0.0,0.0,0.0,regular,0,0,0,0,0,0,1,ZERO_VOL,58.4
2026-03-25 10:18:16.532713,10:18,25,3,2026,2,5,23312.1,23312.1,23312.1,23312.1,0.0,23312.1,0.0,0.0,23312.1,1.0,0.0,0.0,0.0,regular,0,0,0,0,0,0,1,ZERO_VOL,136.9
2026-03-25 10:18:16.647034,10:18,25,3,2026,2,5,23311.65,23311.65,23311.65,23311.65,0.0,23311.65,0.0,0.0,23311.65,1.0,0.0,0.0,0.0,regular,0,0,0,0,0,0,1,ZERO_VOL,113.9
2026-03-25 10:18:16.702982,10:18,25,3,2026,2,5,23308.5,23308.5,23308.5,23308.5,0.0,23308.5,0.0,0.0,23308.5,1.0,0.0,0.0,0.0,regular,0,0,0,0,0,0,1,ZERO_VOL,55.4
2026-03-25 10:18:18.516426,10:18,25,3,2026,2,5,23312.1,23312.1,23312.1,23312.1,0.0,23312.1,0.0,0.0,23312.1,1.0,0.0,0.0,0.0,regular,0,0,0,0,0,0,1,ZERO_VOL,57.0
2026-03-25 10:18:18.574200,10:18,25,3,2026,2,5,23310.55,23310.55,23310.55,23310.55,0.0,23310.55,0.0,0.0,23310.55,1.0,0.0,0.0,0.0,regular,0,0,0,0,0,0,1,ZERO_VOL,57.3
2026-03-25 10:18:18.630011,10:18,25,3,2026,2,5,23310.55,23310.55,23310.55,23310.55,0.0,23310.55,0.0,0.0,23310.55,1.0,0.0,0.0,0.0,regular,0,0,0,0,0,0,1,ZERO_VOL,55.2
2026-03-25 10:18:18.749330,10:18,25,3,2026,2,5,23312.1,23312.1,23312.1,23312.1,0.0,23312.1,0.0,0.0,23312.1,1.0,0.0,0.0,0.0,regular,0,0,0,0,0,0,1,ZERO_VOL,118.8
2026-03-25 10:18:18.805614,10:18,25,3,2026,2,5,23311.65,23311.65,23311.65,23311.65,0.0,23311.65,0.0,0.0,23311.65,1.0,0.0,0.0,0.0,regular,0,0,0,0,0,0,1,ZERO_VOL,55.8
2026-03-25 10:18:20.531422,10:18,25,3,2026,2,5,23311.15,23311.15,23311.15,23311.15,0.0,23311.15,0.0,0.0,23311.15,1.0,0.0,0.0,0.0,regular,0,0,0,0,0,0,1,ZERO_VOL,78.4
2026-03-25 10:18:20.694445,10:18,25,3,2026,2,5,23311.15,23311.15,23311.15,23311.15,0.0,23311.15,0.0,0.0,23311.15,1.0,0.0,0.0,0.0,regular,0,0,0,0,0,0,1,ZERO_VOL,162.5
2026-03-25 10:18:20.748008,10:18,25,3,2026,2,5,23308.5,23308.5,23308.5,23308.5,0.0,23308.5,0.0,0.0,23308.5,1.0,0.0,0.0,0.0,regular,0,0,0,0,0,0,1,ZERO_VOL,53.1
2026-03-25 10:18:20.835116,10:18,25,3,2026,2,5,23311.15,23311.15,23311.15,23311.15,0.0,23311.15,0.0,0.0,23311.15,1.0,0.0,0.0,0.0,regular,0,0,0,0,0,0,1,ZERO_VOL,86.6
2026-03-25 10:18:20.987253,10:18,25,3,2026,2,5,23311.15,23311.15,23311.15,23311.15,0.0,23311.15,0.0,0.0,23311.15,1.0,0.0,0.0,0.0,regular,0,0,0,0,0,0,1,ZERO_VOL,151.7
2026-03-25 10:18:22.780651,10:18,25,3,2026,2,5,23310.8,23310.8,23310.8,23310.8,0.0,23310.8,0.0,0.0,23310.8,1.0,0.0,0.0,0.0,regular,0,0,0,0,0,0,1,ZERO_VOL,113.9
2026-03-25 10:18:22.878405,10:18,25,3,2026,2,5,23310.8,23310.8,23310.8,23310.8,0.0,23310.8,0.0,0.0,23310.8,1.0,0.0,0.0,0.0,regular,0,0,0,0,0,0,1,ZERO_VOL,97.3
2026-03-25 10:18:22.972189,10:18,25,3,2026,2,5,23310.8,23310.8,23310.8,23310.8,0.0,23310.8,0.0,0.0,23310.8,1.0,0.0,0.0,0.0,regular,0,0,0,0,0,0,1,ZERO_VOL,93.2
2026-03-25 10:18:23.040012,10:18,25,3,2026,2,5,23311.15,23311.15,23311.15,23311.15,0.0,23311.15,0.0,0.0,23311.15,1.0,0.0,0.0,0.0,regular,0,0,0,0,0,0,1,ZERO_VOL,67.2
2026-03-25 10:18:23.094123,10:18,25,3,2026,2,5,23311.15,23311.15,23311.15,23311.15,0.0,23311.15,0.0,0.0,23311.15,1.0,0.0,0.0,0.0,regular,0,0,0,0,0,0,1,ZERO_VOL,53.6
2026-03-25 10:18:25.154266,10:18,25,3,2026,2,5,23311.15,23311.15,23311.15,23311.15,0.0,23311.15,0.0,0.0,23311.15,1.0,0.0,0.0,0.0,regular,0,0,0,0,0,0,1,ZERO_VOL,55.1
2026-03-25 10:18:25.238017,10:18,25,3,2026,2,5,23311.65,23311.65,23311.65,23311.65,0.0,23311.65,0.0,0.0,23311.65,1.0,0.0,0.0,0.0,regular,0,0,0,0,0,0,1,ZERO_VOL,83.3
2026-03-25 10:18:25.331120,10:18,25,3,2026,2,5,23311.5,23311.5,23311.5,23311.5,0.0,23311.5,0.0,0.0,23311.5,1.0,0.0,0.0,0.0,regular,0,0,0,0,0,0,1,ZERO_VOL,92.5
2026-03-25 10:18:25.384532,10:18,25,3,2026,2,5,23311.15,23311.15,23311.15,23311.15,0.0,23311.15,0.0,0.0,23311.15,1.0,0.0,0.0,0.0,regular,0,0,0,0,0,0,1,ZERO_VOL,52.9
2026-03-25 10:18:25.468524,10:18,25,3,2026,2,5,23313.35,23313.35,23313.35,23313.35,0.0,23313.35,0.0,0.0,23313.35,1.0,0.0,0.0,0.0,regular,0,0,0,0,0,0,1,ZERO_VOL,83.5
2026-03-25 10:18:27.276013,10:18,25,3,2026,2,5,23313.75,23313.75,23313.75,23313.75,0.0,23313.75,0.0,0.0,23313.75,1.0,0.0,0.0,0.0,regular,0,0,0,0,0,0,1,ZERO_VOL,101.9
2026-03-25 10:18:27.422166,10:18,25,3,2026,2,5,23313.75,23313.75,23313.75,23313.75,0.0,23313.75,0.0,0.0,23313.75,1.0,0.0,0.0,0.0,regular,0,0,0,0,0,0,1,ZERO_VOL,145.6
2026-03-25 10:18:27.508936,10:18,25,3,2026,2,5,23311.3,23311.3,23311.3,23311.3,0.0,23311.3,0.0,0.0,23311.3,1.0,0.0,0.0,0.0,regular,0,0,0,0,0,0,1,ZERO_VOL,86.2
2026-03-25 10:18:27.584716,10:18,25,3,2026,2,5,23312.1,23312.1,23312.1,23312.1,0.0,23312.1,0.0,0.0,23312.1,1.0,0.0,0.0,0.0,regular,0,0,0,0,0,0,1,ZERO_VOL,75.3
2026-03-25 10:18:27.726930,10:18,25,3,2026,2,5,23313.75,23313.75,23313.75,23313.75,0.0,23313.75,0.0,0.0,23313.75,1.0,0.0,0.0,0.0,regular,0,0,0,0,0,0,1,ZERO_VOL,141.8
2026-03-25 10:18:29.550485,10:18,25,3,2026,2,5,23311.15,23311.15,23311.15,23311.15,0.0,23311.15,0.0,0.0,23311.15,1.0,0.0,0.0,0.0,regular,0,0,0,0,0,0,1,ZERO_VOL,54.5
2026-03-25 10:18:29.606835,10:18,25,3,2026,2,5,23311.3,23311.3,23311.3,23311.3,0.0,23311.3,0.0,0.0,23311.3,1.0,0.0,0.0,0.0,regular,0,0,0,0,0,0,1,ZERO_VOL,55.9
2026-03-25 10:18:29.791096,10:18,25,3,2026,2,5,23312.7,23312.7,23312.7,23312.7,0.0,23312.7,0.0,0.0,23312.7,1.0,0.0,0.0,0.0,regular,0,0,0,0,0,0,1,ZERO_VOL,183.8
2026-03-25 10:18:29.926670,10:18,25,3,2026,2,5,23311.95,23311.95,23311.95,23311.95,0.0,23311.95,0.0,0.0,23311.95,1.0,0.0,0.0,0.0,regular,0,0,0,0,0,0,1,ZERO_VOL,135.1
2026-03-25 10:18:30.031054,10:18,25,3,2026,2,5,23311.95,23311.95,23311.95,23311.95,0.0,23311.95,0.0,0.0,23311.95,1.0,0.0,0.0,0.0,regular,0,0,0,0,0,0,1,ZERO_VOL,103.9
2026-03-25 10:18:31.815880,10:18,25,3,2026,2,5,23310.8,23310.8,23310.8,23310.8,0.0,23310.8,0.0,0.0,23310.8,1.0,0.0,0.0,0.0,regular,0,0,0,0,0,0,1,ZERO_VOL,125.2
2026-03-25 10:18:31.912673,10:18,25,3,2026,2,5,23310.8,23310.8,23310.8,23310.8,0.0,23310.8,0.0,0.0,23310.8,1.0,0.0,0.0,0.0,regular,0,0,0,0,0,0,1,ZERO_VOL,96.3
2026-03-25 10:18:32.069805,10:18,25,3,2026,2,5,23310.8,23310.8,23310.8,23310.8,0.0,23310.8,0.0,0.0,23310.8,1.0,0.0,0.0,0.0,regular,0,0,0,0,0,0,1,ZERO_VOL,156.6
2026-03-25 10:18:32.124314,10:18,25,3,2026,2,5,23311.95,23311.95,23311.95,23311.95,0.0,23311.95,0.0,0.0,23311.95,1.0,0.0,0.0,0.0,regular,0,0,0,0,0,0,1,ZERO_VOL,54.0
2026-03-25 10:18:32.183147,10:18,25,3,2026,2,5,23313.75,23313.75,23313.75,23313.75,0.0,23313.75,0.0,0.0,23313.75,1.0,0.0,0.0,0.0,regular,0,0,0,0,0,0,1,ZERO_VOL,58.3
2026-03-25 10:18:33.737793,10:18,25,3,2026,2,5,23310.7,23310.7,23310.7,23310.7,0.0,23310.7,0.0,0.0,23310.7,1.0,0.0,0.0,0.0,regular,0,0,0,0,0,0,1,ZERO_VOL,93.9
2026-03-25 10:18:33.855201,10:18,25,3,2026,2,5,23310.7,23310.7,23310.7,23310.7,0.0,23310.7,0.0,0.0,23310.7,1.0,0.0,0.0,0.0,regular,0,0,0,0,0,0,1,ZERO_VOL,116.7
2026-03-25 10:18:34.003300,10:18,25,3,2026,2,5,23310.7,23310.7,23310.7,23310.7,0.0,23310.7,0.0,0.0,23310.7,1.0,0.0,0.0,0.0,regular,0,0,0,0,0,0,1,ZERO_VOL,147.4
2026-03-25 10:18:34.123270,10:18,25,3,2026,2,5,23310.7,23310.7,23310.7,23310.7,0.0,23310.7,0.0,0.0,23310.7,1.0,0.0,0.0,0.0,regular,0,0,0,0,0,0,1,ZERO_VOL,119.4
2026-03-25 10:18:34.201833,10:18,25,3,2026,2,5,23312.7,23312.7,23312.7,23312.7,0.0,23312.7,0.0,0.0,23312.7,1.0,0.0,0.0,0.0,regular,0,0,0,0,0,0,1,ZERO_VOL,78.0
2026-03-25 10:18:43.051952,10:18,25,3,2026,2,5,23308.35,23308.35,23308.35,23308.35,0.0,23308.35,0.0,0.0,23308.35,1.0,0.0,0.0,0.0,regular,0,0,0,0,0,0,1,ZERO_VOL,76.3
2026-03-25 10:18:43.146228,10:18,25,3,2026,2,5,23308.35,23308.35,23308.35,23308.35,0.0,23308.35,0.0,0.0,23308.35,1.0,0.0,0.0,0.0,regular,0,0,0,0,0,0,1,ZERO_VOL,93.8
2026-03-25 10:18:43.317369,10:18,25,3,2026,2,5,23308.35,23308.35,23308.35,23308.35,0.0,23308.35,0.0,0.0,23308.35,1.0,0.0,0.0,0.0,regular,0,0,0,0,0,0,1,ZERO_VOL,170.7
2026-03-25 10:18:43.495374,10:18,25,3,2026,2,5,23308.35,23308.35,23308.35,23308.35,0.0,23308.35,0.0,0.0,23308.35,1.0,0.0,0.0,0.0,regular,0,0,0,0,0,0,1,ZERO_VOL,177.5
2026-03-25 10:18:43.603315,10:18,25,3,2026,2,5,23308.5,23308.5,23308.5,23308.5,0.0,23308.5,0.0,0.0,23308.5,1.0,0.0,0.0,0.0,regular,0,0,0,0,0,0,1,ZERO_VOL,107.5
2026-03-25 10:18:45.158506,10:18,25,3,2026,2,5,23307.2,23307.2,23307.2,23307.2,0.0,23307.2,0.0,0.0,23307.2,1.0,0.0,0.0,0.0,regular,0,0,0,0,0,0,1,ZERO_VOL,155.8
2026-03-25 10:18:45.306729,10:18,25,3,2026,2,5,23307.2,23307.2,23307.2,23307.2,0.0,23307.2,0.0,0.0,23307.2,1.0,0.0,0.0,0.0,regular,0,0,0,0,0,0,1,ZERO_VOL,147.7
2026-03-25 10:18:45.451730,10:18,25,3,2026,2,5,23306.75,23306.75,23306.75,23306.75,0.0,23306.75,0.0,0.0,23306.75,1.0,0.0,0.0,0.0,regular,0,0,0,0,0,0,1,ZERO_VOL,144.4
2026-03-25 10:18:45.512321,10:18,25,3,2026,2,5,23308.35,23308.35,23308.35,23308.35,0.0,23308.35,0.0,0.0,23308.35,1.0,0.0,0.0,0.0,regular,0,0,0,0,0,0,1,ZERO_VOL,60.1
2026-03-25 10:18:45.674628,10:18,25,3,2026,2,5,23306.75,23306.75,23306.75,23306.75,0.0,23306.75,0.0,0.0,23306.75,1.0,0.0,0.0,0.0,regular,0,0,0,0,0,0,1,ZERO_VOL,161.8
2026-03-25 10:18:47.248932,10:18,25,3,2026,2,5,23307.7,23307.7,23307.7,23307.7,0.0,23307.7,0.0,0.0,23307.7,1.0,0.0,0.0,0.0,regular,0,0,0,0,0,0,1,ZERO_VOL,125.9
2026-03-25 10:18:47.385694,10:18,25,3,2026,2,5,23307.7,23307.7,23307.7,23307.7,0.0,23307.7,0.0,0.0,23307.7,1.0,0.0,0.0,0.0,regular,0,0,0,0,0,0,1,ZERO_VOL,136.3
2026-03-25 10:18:47.508273,10:18,25,3,2026,2,5,23307.7,23307.7,23307.7,23307.7,0.0,23307.7,0.0,0.0,23307.7,1.0,0.0,0.0,0.0,regular,0,0,0,0,0,0,1,ZERO_VOL,122.1
2026-03-25 10:18:47.612962,10:18,25,3,2026,2,5,23307.75,23307.75,23307.75,23307.75,0.0,23307.75,0.0,0.0,23307.75,1.0,0.0,0.0,0.0,regular,0,0,0,0,0,0,1,ZERO_VOL,104.2
2026-03-25 10:18:47.710089,10:18,25,3,2026,2,5,23307.75,23307.75,23307.75,23307.75,0.0,23307.75,0.0,0.0,23307.75,1.0,0.0,0.0,0.0,regular,0,0,0,0,0,0,1,ZERO_VOL,96.6
2026-03-25 10:18:49.279814,10:18,25,3,2026,2,5,23308.3,23308.3,23308.3,23308.3,0.0,23308.3,0.0,0.0,23308.3,1.0,0.0,0.0,0.0,regular,0,0,0,0,0,0,1,ZERO_VOL,105.2
2026-03-25 10:18:49.424374,10:18,25,3,2026,2,5,23308.3,23308.3,23308.3,23308.3,0.0,23308.3,0.0,0.0,23308.3,1.0,0.0,0.0,0.0,regular,0,0,0,0,0,0,1,ZERO_VOL,144.1
2026-03-25 10:18:49.483517,10:18,25,3,2026,2,5,23307.7,23307.7,23307.7,23307.7,0.0,23307.7,0.0,0.0,23307.7,1.0,0.0,0.0,0.0,regular,0,0,0,0,0,0,1,ZERO_VOL,58.6
2026-03-25 10:18:49.610295,10:18,25,3,2026,2,5,23308.3,23308.3,23308.3,23308.3,0.0,23308.3,0.0,0.0,23308.3,1.0,0.0,0.0,0.0,regular,0,0,0,0,0,0,1,ZERO_VOL,126.1
2026-03-25 10:18:49.718482,10:18,25,3,2026,2,5,23308.25,23308.25,23308.25,23308.25,0.0,23308.25,0.0,0.0,23308.25,1.0,0.0,0.0,0.0,regular,0,0,0,0,0,0,1,ZERO_VOL,107.7
2026-03-25 10:18:51.475135,10:18,25,3,2026,2,5,23307.2,23307.2,23307.2,23307.2,0.0,23307.2,0.0,0.0,23307.2,1.0,0.0,0.0,0.0,regular,0,0,0,0,0,0,1,ZERO_VOL,56.1
2026-03-25 10:18:51.618803,10:18,25,3,2026,2,5,23308.2,23308.2,23308.2,23308.2,0.0,23308.2,0.0,0.0,23308.2,1.0,0.0,0.0,0.0,regular,0,0,0,0,0,0,1,ZERO_VOL,143.2
2026-03-25 10:18:51.708857,10:18,25,3,2026,2,5,23309.95,23309.95,23309.95,23309.95,0.0,23309.95,0.0,0.0,23309.95,1.0,0.0,0.0,0.0,regular,0,0,0,0,0,0,1,ZERO_VOL,89.6
2026-03-25 10:18:51.763215,10:18,25,3,2026,2,5,23306.75,23306.75,23306.75,23306.75,0.0,23306.75,0.0,0.0,23306.75,1.0,0.0,0.0,0.0,regular,0,0,0,0,0,0,1,ZERO_VOL,53.9
2026-03-25 10:18:51.937585,10:18,25,3,2026,2,5,23309.95,23309.95,23309.95,23309.95,0.0,23309.95,0.0,0.0,23309.95,1.0,0.0,0.0,0.0,regular,0,0,0,0,0,0,1,ZERO_VOL,173.9
2026-03-25 10:18:53.397167,10:18,25,3,2026,2,5,23308.3,23308.3,23308.3,23308.3,0.0,23308.3,0.0,0.0,23308.3,1.0,0.0,0.0,0.0,regular,0,0,0,0,0,0,1,ZERO_VOL,54.5
2026-03-25 10:18:53.544040,10:18,25,3,2026,2,5,23308.45,23308.45,23308.45,23308.45,0.0,23308.45,0.0,0.0,23308.45,1.0,0.0,0.0,0.0,regular,0,0,0,0,0,0,1,ZERO_VOL,146.3
2026-03-25 10:18:53.603663,10:18,25,3,2026,2,5,23308.25,23308.25,23308.25,23308.25,0.0,23308.25,0.0,0.0,23308.25,1.0,0.0,0.0,0.0,regular,0,0,0,0,0,0,1,ZERO_VOL,58.9
2026-03-25 10:18:53.667658,10:18,25,3,2026,2,5,23308.35,23308.35,23308.35,23308.35,0.0,23308.35,0.0,0.0,23308.35,1.0,0.0,0.0,0.0,regular,0,0,0,0,0,0,1,ZERO_VOL,63.5
2026-03-25 10:18:53.838468,10:18,25,3,2026,2,5,23308.45,23308.45,23308.45,23308.45,0.0,23308.45,0.0,0.0,23308.45,1.0,0.0,0.0,0.0,regular,0,0,0,0,0,0,1,ZERO_VOL,170.3
2026-03-25 10:18:55.286248,10:18,25,3,2026,2,5,23309.65,23309.65,23309.65,23309.65,0.0,23309.65,0.0,0.0,23309.65,1.0,0.0,0.0,0.0,regular,0,0,0,0,0,0,1,ZERO_VOL,134.1
2026-03-25 10:18:55.417250,10:18,25,3,2026,2,5,23309.65,23309.65,23309.65,23309.65,0.0,23309.65,0.0,0.0,23309.65,1.0,0.0,0.0,0.0,regular,0,0,0,0,0,0,1,ZERO_VOL,130.1
2026-03-25 10:18:55.484827,10:18,25,3,2026,2,5,23308.3,23308.3,23308.3,23308.3,0.0,23308.3,0.0,0.0,23308.3,1.0,0.0,0.0,0.0,regular,0,0,0,0,0,0,1,ZERO_VOL,67.0
2026-03-25 10:18:55.630969,10:18,25,3,2026,2,5,23309.65,23309.65,23309.65,23309.65,0.0,23309.65,0.0,0.0,23309.65,1.0,0.0,0.0,0.0,regular,0,0,0,0,0,0,1,ZERO_VOL,145.7
2026-03-25 10:18:55.687971,10:18,25,3,2026,2,5,23307.2,23307.2,23307.2,23307.2,0.0,23307.2,0.0,0.0,23307.2,1.0,0.0,0.0,0.0,regular,0,0,0,0,0,0,1,ZERO_VOL,56.5
2026-03-25 10:18:57.157212,10:18,25,3,2026,2,5,23308.2,23308.2,23308.2,23308.2,0.0,23308.2,0.0,0.0,23308.2,1.0,0.0,0.0,0.0,regular,0,0,0,0,0,0,1,ZERO_VOL,54.7
2026-03-25 10:18:57.301764,10:18,25,3,2026,2,5,23307.5,23307.5,23307.5,23307.5,0.0,23307.5,0.0,0.0,23307.5,1.0,0.0,0.0,0.0,regular,0,0,0,0,0,0,1,ZERO_VOL,144.1
2026-03-25 10:18:57.362908,10:18,25,3,2026,2,5,23308.45,23308.45,23308.45,23308.45,0.0,23308.45,0.0,0.0,23308.45,1.0,0.0,0.0,0.0,regular,0,0,0,0,0,0,1,ZERO_VOL,60.6
2026-03-25 10:18:57.417483,10:18,25,3,2026,2,5,23307.75,23307.75,23307.75,23307.75,0.0,23307.75,0.0,0.0,23307.75,1.0,0.0,0.0,0.0,regular,0,0,0,0,0,0,1,ZERO_VOL,54.1
2026-03-25 10:18:57.557040,10:18,25,3,2026,2,5,23307.5,23307.5,23307.5,23307.5,0.0,23307.5,0.0,0.0,23307.5,1.0,0.0,0.0,0.0,regular,0,0,0,0,0,0,1,ZERO_VOL,139.1
2026-03-25 10:18:59.136362,10:18,25,3,2026,2,5,23310.15,23310.15,23310.15,23310.15,0.0,23310.15,0.0,0.0,23310.15,1.0,0.0,0.0,0.0,regular,0,0,0,0,0,0,1,ZERO_VOL,154.2
2026-03-25 10:18:59.234399,10:18,25,3,2026,2,5,23310.15,23310.15,23310.15,23310.15,0.0,23310.15,0.0,0.0,23310.15,1.0,0.0,0.0,0.0,regular,0,0,0,0,0,0,1,ZERO_VOL,97.5
2026-03-25 10:18:59.331982,10:18,25,3,2026,2,5,23310.15,23310.15,23310.15,23310.15,0.0,23310.15,0.0,0.0,23310.15,1.0,0.0,0.0,0.0,regular,0,0,0,0,0,0,1,ZERO_VOL,96.8
2026-03-25 10:18:59.406837,10:18,25,3,2026,2,5,23310.15,23310.15,23310.15,23310.15,0.0,23310.15,0.0,0.0,23310.15,1.0,0.0,0.0,0.0,regular,0,0,0,0,0,0,1,ZERO_VOL,74.4
2026-03-25 10:18:59.490364,10:18,25,3,2026,2,5,23310.15,23310.15,23310.15,23310.15,0.0,23310.15,0.0,0.0,23310.15,1.0,0.0,0.0,0.0,regular,0,0,0,0,0,0,1,ZERO_VOL,83.1
2026-03-25 10:19:01.088147,10:19,25,3,2026,2,5,23310.15,23313.75,23305.7,23310.7,0.0,23310.05,8.05,0.0024,23310.05,1.0003,6.82,3.05,4.45,regular,0,0,0,0,0,0,1,ZERO_VOL,111.3
2026-03-25 10:19:01.145738,10:19,25,3,2026,2,5,23310.15,23310.15,23310.15,23310.15,0.0,23310.15,0.0,0.0,23310.15,1.0,0.0,0.0,0.0,regular,0,0,0,0,0,0,1,ZERO_VOL,57.1
2026-03-25 10:19:01.240579,10:19,25,3,2026,2,5,23310.15,23313.75,23305.7,23310.7,0.0,23310.05,8.05,0.0024,23310.05,1.0003,6.82,3.05,4.45,regular,0,0,0,0,0,0,1,ZERO_VOL,94.3
2026-03-25 10:19:01.327463,10:19,25,3,2026,2,5,23310.15,23313.75,23305.7,23310.7,0.0,23310.05,8.05,0.0024,23310.05,1.0003,6.82,3.05,4.45,regular,0,0,0,0,0,0,1,ZERO_VOL,86.2
2026-03-25 10:19:01.389089,10:19,25,3,2026,2,5,23307.5,23307.5,23307.5,23307.5,0.0,23307.5,0.0,0.0,23307.5,1.0,0.0,0.0,0.0,regular,0,0,0,0,0,0,1,ZERO_VOL,61.1
2026-03-25 10:19:03.108931,10:19,25,3,2026,2,5,23313.3,23313.3,23313.3,23313.3,0.0,23313.3,0.0,0.0,23313.3,1.0,0.0,0.0,0.0,regular,0,0,0,0,0,0,1,ZERO_VOL,149.0
2026-03-25 10:19:03.209078,10:19,25,3,2026,2,5,23313.3,23313.3,23313.3,23313.3,0.0,23313.3,0.0,0.0,23313.3,1.0,0.0,0.0,0.0,regular,0,0,0,0,0,0,1,ZERO_VOL,99.7
2026-03-25 10:19:03.299611,10:19,25,3,2026,2,5,23313.3,23313.3,23313.3,23313.3,0.0,23313.3,0.0,0.0,23313.3,1.0,0.0,0.0,0.0,regular,0,0,0,0,0,0,1,ZERO_VOL,89.8
2026-03-25 10:19:03.355465,10:19,25,3,2026,2,5,23309.65,23309.65,23309.65,23309.65,0.0,23309.65,0.0,0.0,23309.65,1.0,0.0,0.0,0.0,regular,0,0,0,0,0,0,1,ZERO_VOL,55.4
2026-03-25 10:19:03.531804,10:19,25,3,2026,2,5,23313.3,23313.3,23313.3,23313.3,0.0,23313.3,0.0,0.0,23313.3,1.0,0.0,0.0,0.0,regular,0,0,0,0,0,0,1,ZERO_VOL,175.8
2026-03-25 10:19:05.036985,10:19,25,3,2026,2,5,23310.15,23310.15,23310.15,23310.15,0.0,23310.15,0.0,0.0,23310.15,1.0,0.0,0.0,0.0,regular,0,0,0,0,0,0,1,ZERO_VOL,61.0
2026-03-25 10:19:05.199611,10:19,25,3,2026,2,5,23312.15,23312.15,23312.15,23312.15,0.0,23312.15,0.0,0.0,23312.15,1.0,0.0,0.0,0.0,regular,0,0,0,0,0,0,1,ZERO_VOL,162.1
2026-03-25 10:19:05.306124,10:19,25,3,2026,2,5,23312.15,23312.15,23312.15,23312.15,0.0,23312.15,0.0,0.0,23312.15,1.0,0.0,0.0,0.0,regular,0,0,0,0,0,0,1,ZERO_VOL,106.0
2026-03-25 10:19:05.440159,10:19,25,3,2026,2,5,23312.15,23312.15,23312.15,23312.15,0.0,23312.15,0.0,0.0,23312.15,1.0,0.0,0.0,0.0,regular,0,0,0,0,0,0,1,ZERO_VOL,133.6
2026-03-25 10:19:05.530021,10:19,25,3,2026,2,5,23312.15,23312.15,23312.15,23312.15,0.0,23312.15,0.0,0.0,23312.15,1.0,0.0,0.0,0.0,regular,0,0,0,0,0,0,1,ZERO_VOL,89.3
2026-03-25 10:19:07.164352,10:19,25,3,2026,2,5,23310.25,23310.25,23310.25,23310.25,0.0,23310.25,0.0,0.0,23310.25,1.0,0.0,0.0,0.0,regular,0,0,0,0,0,0,1,ZERO_VOL,171.1
2026-03-25 10:19:07.331091,10:19,25,3,2026,2,5,23310.25,23310.25,23310.25,23310.25,0.0,23310.25,0.0,0.0,23310.25,1.0,0.0,0.0,0.0,regular,0,0,0,0,0,0,1,ZERO_VOL,166.2
2026-03-25 10:19:07.509692,10:19,25,3,2026,2,5,23310.25,23310.25,23310.25,23310.25,0.0,23310.25,0.0,0.0,23310.25,1.0,0.0,0.0,0.0,regular,0,0,0,0,0,0,1,ZERO_VOL,178.1
2026-03-25 10:19:07.566087,10:19,25,3,2026,2,5,23310.15,23310.15,23310.15,23310.15,0.0,23310.15,0.0,0.0,23310.15,1.0,0.0,0.0,0.0,regular,0,0,0,0,0,0,1,ZERO_VOL,55.9
2026-03-25 10:19:07.672199,10:19,25,3,2026,2,5,23304.5,23304.5,23304.5,23304.5,0.0,23304.5,0.0,0.0,23304.5,1.0,0.0,0.0,0.0,regular,0,0,0,0,0,0,1,ZERO_VOL,105.4
2026-03-25 10:19:09.301455,10:19,25,3,2026,2,5,23299.05,23299.05,23299.05,23299.05,0.0,23299.05,0.0,0.0,23299.05,1.0,0.0,0.0,0.0,regular,0,0,0,0,0,0,1,ZERO_VOL,179.8
2026-03-25 10:19:09.355549,10:19,25,3,2026,2,5,23304.5,23304.5,23304.5,23304.5,0.0,23304.5,0.0,0.0,23304.5,1.0,0.0,0.0,0.0,regular,0,0,0,0,0,0,1,ZERO_VOL,53.6
2026-03-25 10:19:09.451069,10:19,25,3,2026,2,5,23293.25,23293.25,23293.25,23293.25,0.0,23293.25,0.0,0.0,23293.25,1.0,0.0,0.0,0.0,regular,0,0,0,0,0,0,1,ZERO_VOL,95.0
2026-03-25 10:19:09.537651,10:19,25,3,2026,2,5,23293.25,23293.25,23293.25,23293.25,0.0,23293.25,0.0,0.0,23293.25,1.0,0.0,0.0,0.0,regular,0,0,0,0,0,0,1,ZERO_VOL,86.0
2026-03-25 10:19:09.599486,10:19,25,3,2026,2,5,23310.15,23310.15,23310.15,23310.15,0.0,23310.15,0.0,0.0,23310.15,1.0,0.0,0.0,0.0,regular,0,0,0,0,0,0,1,ZERO_VOL,61.4
2026-03-25 10:19:11.290688,10:19,25,3,2026,2,5,23310.25,23310.25,23310.25,23310.25,0.0,23310.25,0.0,0.0,23310.25,1.0,0.0,0.0,0.0,regular,0,0,0,0,0,0,1,ZERO_VOL,63.5
2026-03-25 10:19:11.398034,10:19,25,3,2026,2,5,23290.1,23290.1,23290.1,23290.1,0.0,23290.1,0.0,0.0,23290.1,1.0,0.0,0.0,0.0,regular,0,0,0,0,0,0,1,ZERO_VOL,106.9
2026-03-25 10:19:11.545044,10:19,25,3,2026,2,5,23290.1,23290.1,23290.1,23290.1,0.0,23290.1,0.0,0.0,23290.1,1.0,0.0,0.0,0.0,regular,0,0,0,0,0,0,1,ZERO_VOL,146.5
2026-03-25 10:19:11.702621,10:19,25,3,2026,2,5,23290.1,23290.1,23290.1,23290.1,0.0,23290.1,0.0,0.0,23290.1,1.0,0.0,0.0,0.0,regular,0,0,0,0,0,0,1,ZERO_VOL,156.9
2026-03-25 10:19:11.779705,10:19,25,3,2026,2,5,23310.25,23310.25,23310.25,23310.25,0.0,23310.25,0.0,0.0,23310.25,1.0,0.0,0.0,0.0,regular,0,0,0,0,0,0,1,ZERO_VOL,76.5
2026-03-25 10:19:13.300825,10:19,25,3,2026,2,5,23298.1,23298.1,23298.1,23298.1,0.0,23298.1,0.0,0.0,23298.1,1.0,0.0,0.0,0.0,regular,0,0,0,0,0,0,1,ZERO_VOL,98.1
2026-03-25 10:19:13.356834,10:19,25,3,2026,2,5,23298.1,23298.1,23298.1,23298.1,0.0,23298.1,0.0,0.0,23298.1,1.0,0.0,0.0,0.0,regular,0,0,0,0,0,0,1,ZERO_VOL,55.5
2026-03-25 10:19:13.450495,10:19,25,3,2026,2,5,23298.45,23298.45,23298.45,23298.45,0.0,23298.45,0.0,0.0,23298.45,1.0,0.0,0.0,0.0,regular,0,0,0,0,0,0,1,ZERO_VOL,93.2
2026-03-25 10:19:13.573426,10:19,25,3,2026,2,5,23298.1,23298.1,23298.1,23298.1,0.0,23298.1,0.0,0.0,23298.1,1.0,0.0,0.0,0.0,regular,0,0,0,0,0,0,1,ZERO_VOL,122.4
2026-03-25 10:19:13.627826,10:19,25,3,2026,2,5,23310.25,23310.25,23310.25,23310.25,0.0,23310.25,0.0,0.0,23310.25,1.0,0.0,0.0,0.0,regular,0,0,0,0,0,0,1,ZERO_VOL,53.8
2026-03-25 10:19:15.140328,10:19,25,3,2026,2,5,23298.35,23298.35,23298.35,23298.35,0.0,23298.35,0.0,0.0,23298.35,1.0,0.0,0.0,0.0,regular,0,0,0,0,0,0,1,ZERO_VOL,84.0
2026-03-25 10:19:15.314500,10:19,25,3,2026,2,5,23298.35,23298.35,23298.35,23298.35,0.0,23298.35,0.0,0.0,23298.35,1.0,0.0,0.0,0.0,regular,0,0,0,0,0,0,1,ZERO_VOL,173.7
2026-03-25 10:19:15.388844,10:19,25,3,2026,2,5,23298.1,23298.1,23298.1,23298.1,0.0,23298.1,0.0,0.0,23298.1,1.0,0.0,0.0,0.0,regular,0,0,0,0,0,0,1,ZERO_VOL,73.8
2026-03-25 10:19:15.529081,10:19,25,3,2026,2,5,23298.35,23298.35,23298.35,23298.35,0.0,23298.35,0.0,0.0,23298.35,1.0,0.0,0.0,0.0,regular,0,0,0,0,0,0,1,ZERO_VOL,139.7
2026-03-25 10:19:15.674587,10:19,25,3,2026,2,5,23298.0,23298.0,23298.0,23298.0,0.0,23298.0,0.0,0.0,23298.0,1.0,0.0,0.0,0.0,regular,0,0,0,0,0,0,1,ZERO_VOL,145.0
2026-03-25 10:19:17.098977,10:19,25,3,2026,2,5,23290.1,23290.1,23290.1,23290.1,0.0,23290.1,0.0,0.0,23290.1,1.0,0.0,0.0,0.0,regular,0,0,0,0,0,0,1,ZERO_VOL,56.4
2026-03-25 10:19:17.199084,10:19,25,3,2026,2,5,23299.1,23299.1,23299.1,23299.1,0.0,23299.1,0.0,0.0,23299.1,1.0,0.0,0.0,0.0,regular,0,0,0,0,0,0,1,ZERO_VOL,99.6
2026-03-25 10:19:17.257297,10:19,25,3,2026,2,5,23304.5,23304.5,23304.5,23304.5,0.0,23304.5,0.0,0.0,23304.5,1.0,0.0,0.0,0.0,regular,0,0,0,0,0,0,1,ZERO_VOL,57.7
2026-03-25 10:19:17.405811,10:19,25,3,2026,2,5,23299.1,23299.1,23299.1,23299.1,0.0,23299.1,0.0,0.0,23299.1,1.0,0.0,0.0,0.0,regular,0,0,0,0,0,0,1,ZERO_VOL,148.0
2026-03-25 10:19:17.550688,10:19,25,3,2026,2,5,23299.1,23299.1,23299.1,23299.1,0.0,23299.1,0.0,0.0,23299.1,1.0,0.0,0.0,0.0,regular,0,0,0,0,0,0,1,ZERO_VOL,144.4
2026-03-25 10:19:19.407489,10:19,25,3,2026,2,5,23298.7,23298.7,23298.7,23298.7,0.0,23298.7,0.0,0.0,23298.7,1.0,0.0,0.0,0.0,regular,0,0,0,0,0,0,1,ZERO_VOL,104.2
2026-03-25 10:19:19.566889,10:19,25,3,2026,2,5,23299.3,23299.3,23299.3,23299.3,0.0,23299.3,0.0,0.0,23299.3,1.0,0.0,0.0,0.0,regular,0,0,0,0,0,0,1,ZERO_VOL,158.9
2026-03-25 10:19:19.713246,10:19,25,3,2026,2,5,23299.3,23299.3,23299.3,23299.3,0.0,23299.3,0.0,0.0,23299.3,1.0,0.0,0.0,0.0,regular,0,0,0,0,0,0,1,ZERO_VOL,145.9
2026-03-25 10:19:19.882822,10:19,25,3,2026,2,5,23299.3,23299.3,23299.3,23299.3,0.0,23299.3,0.0,0.0,23299.3,1.0,0.0,0.0,0.0,regular,0,0,0,0,0,0,1,ZERO_VOL,169.1
2026-03-25 10:19:20.034759,10:19,25,3,2026,2,5,23299.3,23299.3,23299.3,23299.3,0.0,23299.3,0.0,0.0,23299.3,1.0,0.0,0.0,0.0,regular,0,0,0,0,0,0,1,ZERO_VOL,151.4
2026-03-25 10:19:21.840452,10:19,25,3,2026,2,5,23290.1,23290.1,23290.1,23290.1,0.0,23290.1,0.0,0.0,23290.1,1.0,0.0,0.0,0.0,regular,0,0,0,0,0,0,1,ZERO_VOL,60.2
2026-03-25 10:19:21.896909,10:19,25,3,2026,2,5,23299.3,23299.3,23299.3,23299.3,0.0,23299.3,0.0,0.0,23299.3,1.0,0.0,0.0,0.0,regular,0,0,0,0,0,0,1,ZERO_VOL,56.0
2026-03-25 10:19:21.971943,10:19,25,3,2026,2,5,23302.2,23302.2,23302.2,23302.2,0.0,23302.2,0.0,0.0,23302.2,1.0,0.0,0.0,0.0,regular,0,0,0,0,0,0,1,ZERO_VOL,74.6
2026-03-25 10:19:22.031768,10:19,25,3,2026,2,5,23299.3,23299.3,23299.3,23299.3,0.0,23299.3,0.0,0.0,23299.3,1.0,0.0,0.0,0.0,regular,0,0,0,0,0,0,1,ZERO_VOL,59.3
2026-03-25 10:19:22.187238,10:19,25,3,2026,2,5,23302.2,23302.2,23302.2,23302.2,0.0,23302.2,0.0,0.0,23302.2,1.0,0.0,0.0,0.0,regular,0,0,0,0,0,0,1,ZERO_VOL,155.0
2026-03-25 10:19:23.811504,10:19,25,3,2026,2,5,23301.35,23301.35,23301.35,23301.35,0.0,23301.35,0.0,0.0,23301.35,1.0,0.0,0.0,0.0,regular,0,0,0,0,0,0,1,ZERO_VOL,125.6
2026-03-25 10:19:23.927240,10:19,25,3,2026,2,5,23301.35,23301.35,23301.35,23301.35,0.0,23301.35,0.0,0.0,23301.35,1.0,0.0,0.0,0.0,regular,0,0,0,0,0,0,1,ZERO_VOL,115.2
2026-03-25 10:19:24.047324,10:19,25,3,2026,2,5,23301.35,23301.35,23301.35,23301.35,0.0,23301.35,0.0,0.0,23301.35,1.0,0.0,0.0,0.0,regular,0,0,0,0,0,0,1,ZERO_VOL,119.6
2026-03-25 10:19:24.144950,10:19,25,3,2026,2,5,23298.7,23298.7,23298.7,23298.7,0.0,23298.7,0.0,0.0,23298.7,1.0,0.0,0.0,0.0,regular,0,0,0,0,0,0,1,ZERO_VOL,97.1
2026-03-25 10:19:24.263644,10:19,25,3,2026,2,5,23301.35,23301.35,23301.35,23301.35,0.0,23301.35,0.0,0.0,23301.35,1.0,0.0,0.0,0.0,regular,0,0,0,0,0,0,1,ZERO_VOL,118.1
2026-03-25 10:19:25.849302,10:19,25,3,2026,2,5,23302.2,23302.2,23302.2,23302.2,0.0,23302.2,0.0,0.0,23302.2,1.0,0.0,0.0,0.0,regular,0,0,0,0,0,0,1,ZERO_VOL,63.1
2026-03-25 10:19:25.963027,10:19,25,3,2026,2,5,23299.15,23299.15,23299.15,23299.15,0.0,23299.15,0.0,0.0,23299.15,1.0,0.0,0.0,0.0,regular,0,0,0,0,0,0,1,ZERO_VOL,113.2
2026-03-25 10:19:26.111786,10:19,25,3,2026,2,5,23299.15,23299.15,23299.15,23299.15,0.0,23299.15,0.0,0.0,23299.15,1.0,0.0,0.0,0.0,regular,0,0,0,0,0,0,1,ZERO_VOL,148.3
2026-03-25 10:19:26.246320,10:19,25,3,2026,2,5,23299.15,23299.15,23299.15,23299.15,0.0,23299.15,0.0,0.0,23299.15,1.0,0.0,0.0,0.0,regular,0,0,0,0,0,0,1,ZERO_VOL,134.0
2026-03-25 10:19:26.316962,10:19,25,3,2026,2,5,23298.7,23298.7,23298.7,23298.7,0.0,23298.7,0.0,0.0,23298.7,1.0,0.0,0.0,0.0,regular,0,0,0,0,0,0,1,ZERO_VOL,69.8
2026-03-25 10:19:27.911185,10:19,25,3,2026,2,5,23300.3,23300.3,23300.3,23300.3,0.0,23300.3,0.0,0.0,23300.3,1.0,0.0,0.0,0.0,regular,0,0,0,0,0,0,1,ZERO_VOL,92.6
2026-03-25 10:19:27.968770,10:19,25,3,2026,2,5,23299.3,23299.3,23299.3,23299.3,0.0,23299.3,0.0,0.0,23299.3,1.0,0.0,0.0,0.0,regular,0,0,0,0,0,0,1,ZERO_VOL,57.1
2026-03-25 10:19:28.032495,10:19,25,3,2026,2,5,23299.15,23299.15,23299.15,23299.15,0.0,23299.15,0.0,0.0,23299.15,1.0,0.0,0.0,0.0,regular,0,0,0,0,0,0,1,ZERO_VOL,63.2
2026-03-25 10:19:28.090273,10:19,25,3,2026,2,5,23301.35,23301.35,23301.35,23301.35,0.0,23301.35,0.0,0.0,23301.35,1.0,0.0,0.0,0.0,regular,0,0,0,0,0,0,1,ZERO_VOL,57.2
2026-03-25 10:19:28.144360,10:19,25,3,2026,2,5,23299.3,23299.3,23299.3,23299.3,0.0,23299.3,0.0,0.0,23299.3,1.0,0.0,0.0,0.0,regular,0,0,0,0,0,0,1,ZERO_VOL,53.6
2026-03-25 10:19:29.680075,10:19,25,3,2026,2,5,23301.45,23301.45,23301.45,23301.45,0.0,23301.45,0.0,0.0,23301.45,1.0,0.0,0.0,0.0,regular,0,0,0,0,0,0,1,ZERO_VOL,107.5
2026-03-25 10:19:29.797887,10:19,25,3,2026,2,5,23300.8,23300.8,23300.8,23300.8,0.0,23300.8,0.0,0.0,23300.8,1.0,0.0,0.0,0.0,regular,0,0,0,0,0,0,1,ZERO_VOL,117.3
2026-03-25 10:19:29.853866,10:19,25,3,2026,2,5,23299.15,23299.15,23299.15,23299.15,0.0,23299.15,0.0,0.0,23299.15,1.0,0.0,0.0,0.0,regular,0,0,0,0,0,0,1,ZERO_VOL,55.5
2026-03-25 10:19:29.909770,10:19,25,3,2026,2,5,23299.15,23299.15,23299.15,23299.15,0.0,23299.15,0.0,0.0,23299.15,1.0,0.0,0.0,0.0,regular,0,0,0,0,0,0,1,ZERO_VOL,55.4
2026-03-25 10:19:29.986199,10:19,25,3,2026,2,5,23299.3,23299.3,23299.3,23299.3,0.0,23299.3,0.0,0.0,23299.3,1.0,0.0,0.0,0.0,regular,0,0,0,0,0,0,1,ZERO_VOL,76.0
2026-03-25 10:19:31.667732,10:19,25,3,2026,2,5,23301.35,23301.35,23301.35,23301.35,0.0,23301.35,0.0,0.0,23301.35,1.0,0.0,0.0,0.0,regular,0,0,0,0,0,0,1,ZERO_VOL,90.3
2026-03-25 10:19:31.747517,10:19,25,3,2026,2,5,23301.35,23301.35,23301.35,23301.35,0.0,23301.35,0.0,0.0,23301.35,1.0,0.0,0.0,0.0,regular,0,0,0,0,0,0,1,ZERO_VOL,79.3
2026-03-25 10:19:31.803352,10:19,25,3,2026,2,5,23301.35,23301.35,23301.35,23301.35,0.0,23301.35,0.0,0.0,23301.35,1.0,0.0,0.0,0.0,regular,0,0,0,0,0,0,1,ZERO_VOL,55.3
2026-03-25 10:19:31.859710,10:19,25,3,2026,2,5,23299.15,23299.15,23299.15,23299.15,0.0,23299.15,0.0,0.0,23299.15,1.0,0.0,0.0,0.0,regular,0,0,0,0,0,0,1,ZERO_VOL,55.8
2026-03-25 10:19:32.006578,10:19,25,3,2026,2,5,23301.5,23301.5,23301.5,23301.5,0.0,23301.5,0.0,0.0,23301.5,1.0,0.0,0.0,0.0,regular,0,0,0,0,0,0,1,ZERO_VOL,146.3
2026-03-25 10:19:33.502894,10:19,25,3,2026,2,5,23299.15,23299.15,23299.15,23299.15,0.0,23299.15,0.0,0.0,23299.15,1.0,0.0,0.0,0.0,regular,0,0,0,0,0,0,1,ZERO_VOL,56.4
2026-03-25 10:19:33.628308,10:19,25,3,2026,2,5,23302.05,23302.05,23302.05,23302.05,0.0,23302.05,0.0,0.0,23302.05,1.0,0.0,0.0,0.0,regular,0,0,0,0,0,0,1,ZERO_VOL,124.9
2026-03-25 10:19:33.704981,10:19,25,3,2026,2,5,23301.35,23301.35,23301.35,23301.35,0.0,23301.35,0.0,0.0,23301.35,1.0,0.0,0.0,0.0,regular,0,0,0,0,0,0,1,ZERO_VOL,76.2
2026-03-25 10:19:33.821520,10:19,25,3,2026,2,5,23302.05,23302.05,23302.05,23302.05,0.0,23302.05,0.0,0.0,23302.05,1.0,0.0,0.0,0.0,regular,0,0,0,0,0,0,1,ZERO_VOL,116.0
2026-03-25 10:19:33.900731,10:19,25,3,2026,2,5,23302.05,23302.05,23302.05,23302.05,0.0,23302.05,0.0,0.0,23302.05,1.0,0.0,0.0,0.0,regular,0,0,0,0,0,0,1,ZERO_VOL,78.7
2026-03-25 10:19:35.876376,10:19,25,3,2026,2,5,23299.95,23299.95,23299.95,23299.95,0.0,23299.95,0.0,0.0,23299.95,1.0,0.0,0.0,0.0,regular,0,0,0,0,0,0,1,ZERO_VOL,85.7
2026-03-25 10:19:36.138317,10:19,25,3,2026,2,5,23299.95,23299.95,23299.95,23299.95,0.0,23299.95,0.0,0.0,23299.95,1.0,0.0,0.0,0.0,regular,0,0,0,0,0,0,1,ZERO_VOL,261.5
2026-03-25 10:19:36.272596,10:19,25,3,2026,2,5,23299.95,23299.95,23299.95,23299.95,0.0,23299.95,0.0,0.0,23299.95,1.0,0.0,0.0,0.0,regular,0,0,0,0,0,0,1,ZERO_VOL,133.8
2026-03-25 10:19:36.347648,10:19,25,3,2026,2,5,23301.45,23301.45,23301.45,23301.45,0.0,23301.45,0.0,0.0,23301.45,1.0,0.0,0.0,0.0,regular,0,0,0,0,0,0,1,ZERO_VOL,74.6
2026-03-25 10:19:36.485016,10:19,25,3,2026,2,5,23300.8,23300.8,23300.8,23300.8,0.0,23300.8,0.0,0.0,23300.8,1.0,0.0,0.0,0.0,regular,0,0,0,0,0,0,1,ZERO_VOL,136.9
2026-03-25 10:19:38.055170,10:19,25,3,2026,2,5,23301.45,23301.45,23301.45,23301.45,0.0,23301.45,0.0,0.0,23301.45,1.0,0.0,0.0,0.0,regular,0,0,0,0,0,0,1,ZERO_VOL,53.1
2026-03-25 10:19:38.236443,10:19,25,3,2026,2,5,23300.05,23300.05,23300.05,23300.05,0.0,23300.05,0.0,0.0,23300.05,1.0,0.0,0.0,0.0,regular,0,0,0,0,0,0,1,ZERO_VOL,180.7
2026-03-25 10:19:38.382589,10:19,25,3,2026,2,5,23300.05,23300.05,23300.05,23300.05,0.0,23300.05,0.0,0.0,23300.05,1.0,0.0,0.0,0.0,regular,0,0,0,0,0,0,1,ZERO_VOL,145.2
2026-03-25 10:19:38.450359,10:19,25,3,2026,2,5,23302.05,23302.05,23302.05,23302.05,0.0,23302.05,0.0,0.0,23302.05,1.0,0.0,0.0,0.0,regular,0,0,0,0,0,0,1,ZERO_VOL,64.8
2026-03-25 10:19:38.569283,10:19,25,3,2026,2,5,23300.05,23300.05,23300.05,23300.05,0.0,23300.05,0.0,0.0,23300.05,1.0,0.0,0.0,0.0,regular,0,0,0,0,0,0,1,ZERO_VOL,118.5
2026-03-25 10:19:40.232870,10:19,25,3,2026,2,5,23300.55,23300.55,23300.55,23300.55,0.0,23300.55,0.0,0.0,23300.55,1.0,0.0,0.0,0.0,regular,0,0,0,0,0,0,1,ZERO_VOL,146.5
2026-03-25 10:19:40.320871,10:19,25,3,2026,2,5,23299.95,23299.95,23299.95,23299.95,0.0,23299.95,0.0,0.0,23299.95,1.0,0.0,0.0,0.0,regular,0,0,0,0,0,0,1,ZERO_VOL,87.5
2026-03-25 10:19:40.377627,10:19,25,3,2026,2,5,23299.95,23299.95,23299.95,23299.95,0.0,23299.95,0.0,0.0,23299.95,1.0,0.0,0.0,0.0,regular,0,0,0,0,0,0,1,ZERO_VOL,56.2
2026-03-25 10:19:40.473370,10:19,25,3,2026,2,5,23299.65,23299.65,23299.65,23299.65,0.0,23299.65,0.0,0.0,23299.65,1.0,0.0,0.0,0.0,regular,0,0,0,0,0,0,1,ZERO_VOL,95.3
2026-03-25 10:19:40.630307,10:19,25,3,2026,2,5,23300.55,23300.55,23300.55,23300.55,0.0,23300.55,0.0,0.0,23300.55,1.0,0.0,0.0,0.0,regular,0,0,0,0,0,0,1,ZERO_VOL,156.4
2026-03-25 10:19:42.388475,10:19,25,3,2026,2,5,23300.7,23300.7,23300.7,23300.7,0.0,23300.7,0.0,0.0,23300.7,1.0,0.0,0.0,0.0,regular,0,0,0,0,0,0,1,ZERO_VOL,171.1
2026-03-25 10:19:42.475760,10:19,25,3,2026,2,5,23301.05,23301.05,23301.05,23301.05,0.0,23301.05,0.0,0.0,23301.05,1.0,0.0,0.0,0.0,regular,0,0,0,0,0,0,1,ZERO_VOL,86.8
2026-03-25 10:19:42.565661,10:19,25,3,2026,2,5,23301.05,23301.05,23301.05,23301.05,0.0,23301.05,0.0,0.0,23301.05,1.0,0.0,0.0,0.0,regular,0,0,0,0,0,0,1,ZERO_VOL,89.4
2026-03-25 10:19:42.619400,10:19,25,3,2026,2,5,23300.05,23300.05,23300.05,23300.05,0.0,23300.05,0.0,0.0,23300.05,1.0,0.0,0.0,0.0,regular,0,0,0,0,0,0,1,ZERO_VOL,53.3
2026-03-25 10:19:42.713465,10:19,25,3,2026,2,5,23300.7,23300.7,23300.7,23300.7,0.0,23300.7,0.0,0.0,23300.7,1.0,0.0,0.0,0.0,regular,0,0,0,0,0,0,1,ZERO_VOL,93.6
2026-03-25 10:19:44.088853,10:19,25,3,2026,2,5,23300.8,23300.8,23300.8,23300.8,0.0,23300.8,0.0,0.0,23300.8,1.0,0.0,0.0,0.0,regular,0,0,0,0,0,0,1,ZERO_VOL,58.7
2026-03-25 10:19:44.148561,10:19,25,3,2026,2,5,23299.95,23299.95,23299.95,23299.95,0.0,23299.95,0.0,0.0,23299.95,1.0,0.0,0.0,0.0,regular,0,0,0,0,0,0,1,ZERO_VOL,59.2
2026-03-25 10:19:44.325377,10:19,25,3,2026,2,5,23300.75,23300.75,23300.75,23300.75,0.0,23300.75,0.0,0.0,23300.75,1.0,0.0,0.0,0.0,regular,0,0,0,0,0,0,1,ZERO_VOL,176.3
2026-03-25 10:19:44.479937,10:19,25,3,2026,2,5,23295.85,23295.85,23295.85,23295.85,0.0,23295.85,0.0,0.0,23295.85,1.0,0.0,0.0,0.0,regular,0,0,0,0,0,0,1,ZERO_VOL,154.0
2026-03-25 10:19:44.584427,10:19,25,3,2026,2,5,23300.75,23300.75,23300.75,23300.75,0.0,23300.75,0.0,0.0,23300.75,1.0,0.0,0.0,0.0,regular,0,0,0,0,0,0,1,ZERO_VOL,104.0
2026-03-25 10:19:46.135041,10:19,25,3,2026,2,5,23295.6,23295.6,23295.6,23295.6,0.0,23295.6,0.0,0.0,23295.6,1.0,0.0,0.0,0.0,regular,0,0,0,0,0,0,1,ZERO_VOL,102.0
2026-03-25 10:19:46.225759,10:19,25,3,2026,2,5,23295.6,23295.6,23295.6,23295.6,0.0,23295.6,0.0,0.0,23295.6,1.0,0.0,0.0,0.0,regular,0,0,0,0,0,0,1,ZERO_VOL,90.3
2026-03-25 10:19:46.384552,10:19,25,3,2026,2,5,23295.6,23295.6,23295.6,23295.6,0.0,23295.6,0.0,0.0,23295.6,1.0,0.0,0.0,0.0,regular,0,0,0,0,0,0,1,ZERO_VOL,158.3
2026-03-25 10:19:46.500533,10:19,25,3,2026,2,5,23295.6,23295.6,23295.6,23295.6,0.0,23295.6,0.0,0.0,23295.6,1.0,0.0,0.0,0.0,regular,0,0,0,0,0,0,1,ZERO_VOL,115.5
2026-03-25 10:19:46.599158,10:19,25,3,2026,2,5,23299.65,23299.65,23299.65,23299.65,0.0,23299.65,0.0,0.0,23299.65,1.0,0.0,0.0,0.0,regular,0,0,0,0,0,0,1,ZERO_VOL,98.2
2026-03-25 10:19:48.178033,10:19,25,3,2026,2,5,23295.6,23295.6,23295.6,23295.6,0.0,23295.6,0.0,0.0,23295.6,1.0,0.0,0.0,0.0,regular,0,0,0,0,0,0,1,ZERO_VOL,54.3
2026-03-25 10:19:48.234072,10:19,25,3,2026,2,5,23299.65,23299.65,23299.65,23299.65,0.0,23299.65,0.0,0.0,23299.65,1.0,0.0,0.0,0.0,regular,0,0,0,0,0,0,1,ZERO_VOL,55.4
2026-03-25 10:19:48.292553,10:19,25,3,2026,2,5,23300.55,23300.55,23300.55,23300.55,0.0,23300.55,0.0,0.0,23300.55,1.0,0.0,0.0,0.0,regular,0,0,0,0,0,0,1,ZERO_VOL,58.0
2026-03-25 10:19:48.349020,10:19,25,3,2026,2,5,23301.05,23301.05,23301.05,23301.05,0.0,23301.05,0.0,0.0,23301.05,1.0,0.0,0.0,0.0,regular,0,0,0,0,0,0,1,ZERO_VOL,56.0
2026-03-25 10:19:48.490202,10:19,25,3,2026,2,5,23296.4,23296.4,23296.4,23296.4,0.0,23296.4,0.0,0.0,23296.4,1.0,0.0,0.0,0.0,regular,0,0,0,0,0,0,1,ZERO_VOL,140.6
2026-03-25 10:19:50.301357,10:19,25,3,2026,2,5,23295.65,23295.65,23295.65,23295.65,0.0,23295.65,0.0,0.0,23295.65,1.0,0.0,0.0,0.0,regular,0,0,0,0,0,0,1,ZERO_VOL,169.2
2026-03-25 10:19:50.390003,10:19,25,3,2026,2,5,23295.65,23295.65,23295.65,23295.65,0.0,23295.65,0.0,0.0,23295.65,1.0,0.0,0.0,0.0,regular,0,0,0,0,0,0,1,ZERO_VOL,88.2
2026-03-25 10:19:50.527222,10:19,25,3,2026,2,5,23296.45,23296.45,23296.45,23296.45,0.0,23296.45,0.0,0.0,23296.45,1.0,0.0,0.0,0.0,regular,0,0,0,0,0,0,1,ZERO_VOL,136.7
2026-03-25 10:19:50.624732,10:19,25,3,2026,2,5,23296.45,23296.45,23296.45,23296.45,0.0,23296.45,0.0,0.0,23296.45,1.0,0.0,0.0,0.0,regular,0,0,0,0,0,0,1,ZERO_VOL,97.0
2026-03-25 10:19:50.701074,10:19,25,3,2026,2,5,23296.45,23296.45,23296.45,23296.45,0.0,23296.45,0.0,0.0,23296.45,1.0,0.0,0.0,0.0,regular,0,0,0,0,0,0,1,ZERO_VOL,75.8
2026-03-25 10:19:52.367783,10:19,25,3,2026,2,5,23296.5,23296.5,23296.5,23296.5,0.0,23296.5,0.0,0.0,23296.5,1.0,0.0,0.0,0.0,regular,0,0,0,0,0,0,1,ZERO_VOL,81.5
2026-03-25 10:19:52.514824,10:19,25,3,2026,2,5,23296.5,23296.5,23296.5,23296.5,0.0,23296.5,0.0,0.0,23296.5,1.0,0.0,0.0,0.0,regular,0,0,0,0,0,0,1,ZERO_VOL,146.6
2026-03-25 10:19:52.659350,10:19,25,3,2026,2,5,23296.5,23296.5,23296.5,23296.5,0.0,23296.5,0.0,0.0,23296.5,1.0,0.0,0.0,0.0,regular,0,0,0,0,0,0,1,ZERO_VOL,144.0
2026-03-25 10:19:52.750183,10:19,25,3,2026,2,5,23295.85,23295.85,23295.85,23295.85,0.0,23295.85,0.0,0.0,23295.85,1.0,0.0,0.0,0.0,regular,0,0,0,0,0,0,1,ZERO_VOL,90.3
2026-03-25 10:19:52.836752,10:19,25,3,2026,2,5,23295.85,23295.85,23295.85,23295.85,0.0,23295.85,0.0,0.0,23295.85,1.0,0.0,0.0,0.0,regular,0,0,0,0,0,0,1,ZERO_VOL,86.1
2026-03-25 10:19:54.488900,10:19,25,3,2026,2,5,23296.2,23296.2,23296.2,23296.2,0.0,23296.2,0.0,0.0,23296.2,1.0,0.0,0.0,0.0,regular,0,0,0,0,0,0,1,ZERO_VOL,155.7
2026-03-25 10:19:54.656872,10:19,25,3,2026,2,5,23294.9,23294.9,23294.9,23294.9,0.0,23294.9,0.0,0.0,23294.9,1.0,0.0,0.0,0.0,regular,0,0,0,0,0,0,1,ZERO_VOL,167.5
2026-03-25 10:19:54.801443,10:19,25,3,2026,2,5,23296.2,23296.2,23296.2,23296.2,0.0,23296.2,0.0,0.0,23296.2,1.0,0.0,0.0,0.0,regular,0,0,0,0,0,0,1,ZERO_VOL,144.0
2026-03-25 10:19:54.863022,10:19,25,3,2026,2,5,23296.5,23296.5,23296.5,23296.5,0.0,23296.5,0.0,0.0,23296.5,1.0,0.0,0.0,0.0,regular,0,0,0,0,0,0,1,ZERO_VOL,61.1
2026-03-25 10:19:54.961552,10:19,25,3,2026,2,5,23294.9,23294.9,23294.9,23294.9,0.0,23294.9,0.0,0.0,23294.9,1.0,0.0,0.0,0.0,regular,0,0,0,0,0,0,1,ZERO_VOL,98.0
2026-03-25 10:19:56.590543,10:19,25,3,2026,2,5,23295.05,23295.05,23295.05,23295.05,0.0,23295.05,0.0,0.0,23295.05,1.0,0.0,0.0,0.0,regular,0,0,0,0,0,0,1,ZERO_VOL,113.2
2026-03-25 10:19:56.691909,10:19,25,3,2026,2,5,23295.35,23295.35,23295.35,23295.35,0.0,23295.35,0.0,0.0,23295.35,1.0,0.0,0.0,0.0,regular,0,0,0,0,0,0,1,ZERO_VOL,100.9
2026-03-25 10:19:56.741268,10:19,25,3,2026,2,5,23296.5,23296.5,23296.5,23296.5,0.0,23296.5,0.0,0.0,23296.5,1.0,0.0,0.0,0.0,regular,0,0,0,0,0,0,1,ZERO_VOL,48.8
2026-03-25 10:19:56.827215,10:19,25,3,2026,2,5,23295.35,23295.35,23295.35,23295.35,0.0,23295.35,0.0,0.0,23295.35,1.0,0.0,0.0,0.0,regular,0,0,0,0,0,0,1,ZERO_VOL,85.5
2026-03-25 10:19:56.913769,10:19,25,3,2026,2,5,23295.35,23295.35,23295.35,23295.35,0.0,23295.35,0.0,0.0,23295.35,1.0,0.0,0.0,0.0,regular,0,0,0,0,0,0,1,ZERO_VOL,86.1
2026-03-25 10:19:58.495787,10:19,25,3,2026,2,5,23296.15,23296.15,23296.15,23296.15,0.0,23296.15,0.0,0.0,23296.15,1.0,0.0,0.0,0.0,regular,0,0,0,0,0,0,1,ZERO_VOL,96.6
2026-03-25 10:19:58.555007,10:19,25,3,2026,2,5,23296.45,23296.45,23296.45,23296.45,0.0,23296.45,0.0,0.0,23296.45,1.0,0.0,0.0,0.0,regular,0,0,0,0,0,0,1,ZERO_VOL,58.7
2026-03-25 10:19:58.704440,10:19,25,3,2026,2,5,23295.35,23295.35,23295.35,23295.35,0.0,23295.35,0.0,0.0,23295.35,1.0,0.0,0.0,0.0,regular,0,0,0,0,0,0,1,ZERO_VOL,148.9
2026-03-25 10:19:58.797848,10:19,25,3,2026,2,5,23296.15,23296.15,23296.15,23296.15,0.0,23296.15,0.0,0.0,23296.15,1.0,0.0,0.0,0.0,regular,0,0,0,0,0,0,1,ZERO_VOL,92.9
2026-03-25 10:19:58.895483,10:19,25,3,2026,2,5,23296.15,23296.15,23296.15,23296.15,0.0,23296.15,0.0,0.0,23296.15,1.0,0.0,0.0,0.0,regular,0,0,0,0,0,0,1,ZERO_VOL,97.1
2026-03-25 10:20:00.487449,10:20,25,3,2026,2,5,23311.1,23313.3,23289.95,23295.5,0.0,23299.58,23.35,-0.0669,23299.58,1.001,66.8,2.2,5.55,regular,0,0,0,0,0,0,1,ZERO_VOL,159.5
2026-03-25 10:20:00.545876,10:20,25,3,2026,2,5,23294.9,23294.9,23294.9,23294.9,0.0,23294.9,0.0,0.0,23294.9,1.0,0.0,0.0,0.0,regular,0,0,0,0,0,0,1,ZERO_VOL,57.9
2026-03-25 10:20:00.605853,10:20,25,3,2026,2,5,23296.5,23296.5,23296.5,23296.5,0.0,23296.5,0.0,0.0,23296.5,1.0,0.0,0.0,0.0,regular,0,0,0,0,0,0,1,ZERO_VOL,59.5
2026-03-25 10:20:00.732670,10:20,25,3,2026,2,5,23311.1,23313.3,23289.95,23295.5,0.0,23299.58,23.35,-0.0669,23299.58,1.001,66.8,2.2,5.55,regular,0,0,0,0,0,0,1,ZERO_VOL,126.4
2026-03-25 10:20:00.786236,10:20,25,3,2026,2,5,23296.15,23296.15,23296.15,23296.15,0.0,23296.15,0.0,0.0,23296.15,1.0,0.0,0.0,0.0,regular,0,0,0,0,0,0,1,ZERO_VOL,53.1
2026-03-25 10:20:02.600485,10:20,25,3,2026,2,5,23296.4,23296.4,23296.4,23296.4,0.0,23296.4,0.0,0.0,23296.4,1.0,0.0,0.0,0.0,regular,0,0,0,0,0,0,1,ZERO_VOL,90.5
2026-03-25 10:20:02.690948,10:20,25,3,2026,2,5,23295.75,23295.75,23295.75,23295.75,0.0,23295.75,0.0,0.0,23295.75,1.0,0.0,0.0,0.0,regular,0,0,0,0,0,0,1,ZERO_VOL,90.0
2026-03-25 10:20:02.878936,10:20,25,3,2026,2,5,23295.75,23295.75,23295.75,23295.75,0.0,23295.75,0.0,0.0,23295.75,1.0,0.0,0.0,0.0,regular,0,0,0,0,0,0,1,ZERO_VOL,187.5
2026-03-25 10:20:03.042125,10:20,25,3,2026,2,5,23295.75,23295.75,23295.75,23295.75,0.0,23295.75,0.0,0.0,23295.75,1.0,0.0,0.0,0.0,regular,0,0,0,0,0,0,1,ZERO_VOL,162.6
2026-03-25 10:20:03.139787,10:20,25,3,2026,2,5,23295.75,23295.75,23295.75,23295.75,0.0,23295.75,0.0,0.0,23295.75,1.0,0.0,0.0,0.0,regular,0,0,0,0,0,0,1,ZERO_VOL,97.1
2026-03-25 10:20:05.251473,10:20,25,3,2026,2,5,23295.9,23295.9,23295.9,23295.9,0.0,23295.9,0.0,0.0,23295.9,1.0,0.0,0.0,0.0,regular,0,0,0,0,0,0,1,ZERO_VOL,141.7
2026-03-25 10:20:05.356618,10:20,25,3,2026,2,5,23295.9,23295.9,23295.9,23295.9,0.0,23295.9,0.0,0.0,23295.9,1.0,0.0,0.0,0.0,regular,0,0,0,0,0,0,1,ZERO_VOL,104.6
2026-03-25 10:20:05.431097,10:20,25,3,2026,2,5,23311.1,23313.3,23289.95,23295.5,0.0,23299.58,23.35,-0.0669,23299.58,1.001,66.8,2.2,5.55,regular,0,0,0,0,0,0,1,ZERO_VOL,73.9
2026-03-25 10:20:05.487084,10:20,25,3,2026,2,5,23295.35,23295.35,23295.35,23295.35,0.0,23295.35,0.0,0.0,23295.35,1.0,0.0,0.0,0.0,regular,0,0,0,0,0,0,1,ZERO_VOL,55.5
2026-03-25 10:20:05.566404,10:20,25,3,2026,2,5,23295.75,23295.75,23295.75,23295.75,0.0,23295.75,0.0,0.0,23295.75,1.0,0.0,0.0,0.0,regular,0,0,0,0,0,0,1,ZERO_VOL,78.8
2026-03-25 10:20:07.436180,10:20,25,3,2026,2,5,23297.9,23297.9,23297.9,23297.9,0.0,23297.9,0.0,0.0,23297.9,1.0,0.0,0.0,0.0,regular,0,0,0,0,0,0,1,ZERO_VOL,151.5
2026-03-25 10:20:07.550027,10:20,25,3,2026,2,5,23297.9,23297.9,23297.9,23297.9,0.0,23297.9,0.0,0.0,23297.9,1.0,0.0,0.0,0.0,regular,0,0,0,0,0,0,1,ZERO_VOL,113.4
2026-03-25 10:20:07.609159,10:20,25,3,2026,2,5,23295.75,23295.75,23295.75,23295.75,0.0,23295.75,0.0,0.0,23295.75,1.0,0.0,0.0,0.0,regular,0,0,0,0,0,0,1,ZERO_VOL,58.6
2026-03-25 10:20:07.669935,10:20,25,3,2026,2,5,23295.75,23295.75,23295.75,23295.75,0.0,23295.75,0.0,0.0,23295.75,1.0,0.0,0.0,0.0,regular,0,0,0,0,0,0,1,ZERO_VOL,60.3
2026-03-25 10:20:07.798292,10:20,25,3,2026,2,5,23296.8,23296.8,23296.8,23296.8,0.0,23296.8,0.0,0.0,23296.8,1.0,0.0,0.0,0.0,regular,0,0,0,0,0,0,1,ZERO_VOL,127.9
2026-03-25 10:20:09.675244,10:20,25,3,2026,2,5,23296.95,23296.95,23296.95,23296.95,0.0,23296.95,0.0,0.0,23296.95,1.0,0.0,0.0,0.0,regular,0,0,0,0,0,0,1,ZERO_VOL,124.6
2026-03-25 10:20:09.791145,10:20,25,3,2026,2,5,23297.6,23297.6,23297.6,23297.6,0.0,23297.6,0.0,0.0,23297.6,1.0,0.0,0.0,0.0,regular,0,0,0,0,0,0,1,ZERO_VOL,115.4
2026-03-25 10:20:09.931024,10:20,25,3,2026,2,5,23296.95,23296.95,23296.95,23296.95,0.0,23296.95,0.0,0.0,23296.95,1.0,0.0,0.0,0.0,regular,0,0,0,0,0,0,1,ZERO_VOL,139.3
2026-03-25 10:20:10.085577,10:20,25,3,2026,2,5,23296.95,23296.95,23296.95,23296.95,0.0,23296.95,0.0,0.0,23296.95,1.0,0.0,0.0,0.0,regular,0,0,0,0,0,0,1,ZERO_VOL,154.1
2026-03-25 10:20:10.211041,10:20,25,3,2026,2,5,23296.95,23296.95,23296.95,23296.95,0.0,23296.95,0.0,0.0,23296.95,1.0,0.0,0.0,0.0,regular,0,0,0,0,0,0,1,ZERO_VOL,124.9
2026-03-25 10:20:12.287030,10:20,25,3,2026,2,5,23293.95,23293.95,23293.95,23293.95,0.0,23293.95,0.0,0.0,23293.95,1.0,0.0,0.0,0.0,regular,0,0,0,0,0,0,1,ZERO_VOL,94.9
2026-03-25 10:20:12.398211,10:20,25,3,2026,2,5,23293.95,23293.95,23293.95,23293.95,0.0,23293.95,0.0,0.0,23293.95,1.0,0.0,0.0,0.0,regular,0,0,0,0,0,0,1,ZERO_VOL,110.7
2026-03-25 10:20:12.527503,10:20,25,3,2026,2,5,23293.95,23293.95,23293.95,23293.95,0.0,23293.95,0.0,0.0,23293.95,1.0,0.0,0.0,0.0,regular,0,0,0,0,0,0,1,ZERO_VOL,128.8
2026-03-25 10:20:12.664783,10:20,25,3,2026,2,5,23295.3,23295.3,23295.3,23295.3,0.0,23295.3,0.0,0.0,23295.3,1.0,0.0,0.0,0.0,regular,0,0,0,0,0,0,1,ZERO_VOL,136.7
2026-03-25 10:20:12.727382,10:20,25,3,2026,2,5,23297.9,23297.9,23297.9,23297.9,0.0,23297.9,0.0,0.0,23297.9,1.0,0.0,0.0,0.0,regular,0,0,0,0,0,0,1,ZERO_VOL,62.0
2026-03-25 10:20:14.722821,10:20,25,3,2026,2,5,23296.55,23296.55,23296.55,23296.55,0.0,23296.55,0.0,0.0,23296.55,1.0,0.0,0.0,0.0,regular,0,0,0,0,0,0,1,ZERO_VOL,103.3
2026-03-25 10:20:14.783511,10:20,25,3,2026,2,5,23297.9,23297.9,23297.9,23297.9,0.0,23297.9,0.0,0.0,23297.9,1.0,0.0,0.0,0.0,regular,0,0,0,0,0,0,1,ZERO_VOL,60.2
2026-03-25 10:20:14.886020,10:20,25,3,2026,2,5,23296.55,23296.55,23296.55,23296.55,0.0,23296.55,0.0,0.0,23296.55,1.0,0.0,0.0,0.0,regular,0,0,0,0,0,0,1,ZERO_VOL,102.0
2026-03-25 10:20:15.044302,10:20,25,3,2026,2,5,23296.55,23296.55,23296.55,23296.55,0.0,23296.55,0.0,0.0,23296.55,1.0,0.0,0.0,0.0,regular,0,0,0,0,0,0,1,ZERO_VOL,157.7
2026-03-25 10:20:15.098636,10:20,25,3,2026,2,5,23297.6,23297.6,23297.6,23297.6,0.0,23297.6,0.0,0.0,23297.6,1.0,0.0,0.0,0.0,regular,0,0,0,0,0,0,1,ZERO_VOL,53.8
2026-03-25 10:20:16.855613,10:20,25,3,2026,2,5,23298.6,23298.6,23298.6,23298.6,0.0,23298.6,0.0,0.0,23298.6,1.0,0.0,0.0,0.0,regular,0,0,0,0,0,0,1,ZERO_VOL,80.0
2026-03-25 10:20:16.922495,10:20,25,3,2026,2,5,23296.55,23296.55,23296.55,23296.55,0.0,23296.55,0.0,0.0,23296.55,1.0,0.0,0.0,0.0,regular,0,0,0,0,0,0,1,ZERO_VOL,66.4
2026-03-25 10:20:17.002645,10:20,25,3,2026,2,5,23293.95,23293.95,23293.95,23293.95,0.0,23293.95,0.0,0.0,23293.95,1.0,0.0,0.0,0.0,regular,0,0,0,0,0,0,1,ZERO_VOL,79.7
2026-03-25 10:20:17.098684,10:20,25,3,2026,2,5,23298.6,23298.6,23298.6,23298.6,0.0,23298.6,0.0,0.0,23298.6,1.0,0.0,0.0,0.0,regular,0,0,0,0,0,0,1,ZERO_VOL,95.5
2026-03-25 10:20:17.267409,10:20,25,3,2026,2,5,23298.6,23298.6,23298.6,23298.6,0.0,23298.6,0.0,0.0,23298.6,1.0,0.0,0.0,0.0,regular,0,0,0,0,0,0,1,ZERO_VOL,168.2
2026-03-25 10:20:19.041778,10:20,25,3,2026,2,5,23293.95,23293.95,23293.95,23293.95,0.0,23293.95,0.0,0.0,23293.95,1.0,0.0,0.0,0.0,regular,0,0,0,0,0,0,1,ZERO_VOL,66.4
2026-03-25 10:20:19.147838,10:20,25,3,2026,2,5,23296.65,23296.65,23296.65,23296.65,0.0,23296.65,0.0,0.0,23296.65,1.0,0.0,0.0,0.0,regular,0,0,0,0,0,0,1,ZERO_VOL,105.5
2026-03-25 10:20:19.293816,10:20,25,3,2026,2,5,23296.65,23296.65,23296.65,23296.65,0.0,23296.65,0.0,0.0,23296.65,1.0,0.0,0.0,0.0,regular,0,0,0,0,0,0,1,ZERO_VOL,145.4
2026-03-25 10:20:19.462186,10:20,25,3,2026,2,5,23296.65,23296.65,23296.65,23296.65,0.0,23296.65,0.0,0.0,23296.65,1.0,0.0,0.0,0.0,regular,0,0,0,0,0,0,1,ZERO_VOL,167.8
2026-03-25 10:20:19.602605,10:20,25,3,2026,2,5,23296.65,23296.65,23296.65,23296.65,0.0,23296.65,0.0,0.0,23296.65,1.0,0.0,0.0,0.0,regular,0,0,0,0,0,0,1,ZERO_VOL,139.9
2026-03-25 10:20:21.412266,10:20,25,3,2026,2,5,23295.3,23295.3,23295.3,23295.3,0.0,23295.3,0.0,0.0,23295.3,1.0,0.0,0.0,0.0,regular,0,0,0,0,0,0,1,ZERO_VOL,77.0
2026-03-25 10:20:21.467385,10:20,25,3,2026,2,5,23296.55,23296.55,23296.55,23296.55,0.0,23296.55,0.0,0.0,23296.55,1.0,0.0,0.0,0.0,regular,0,0,0,0,0,0,1,ZERO_VOL,54.6
2026-03-25 10:20:21.574354,10:20,25,3,2026,2,5,23294.35,23294.35,23294.35,23294.35,0.0,23294.35,0.0,0.0,23294.35,1.0,0.0,0.0,0.0,regular,0,0,0,0,0,0,1,ZERO_VOL,106.5
2026-03-25 10:20:21.740770,10:20,25,3,2026,2,5,23294.35,23294.35,23294.35,23294.35,0.0,23294.35,0.0,0.0,23294.35,1.0,0.0,0.0,0.0,regular,0,0,0,0,0,0,1,ZERO_VOL,165.7
2026-03-25 10:20:21.844616,10:20,25,3,2026,2,5,23294.35,23294.35,23294.35,23294.35,0.0,23294.35,0.0,0.0,23294.35,1.0,0.0,0.0,0.0,regular,0,0,0,0,0,0,1,ZERO_VOL,103.3
2026-03-25 10:20:24.088984,10:20,25,3,2026,2,5,23294.9,23294.9,23294.9,23294.9,0.0,23294.9,0.0,0.0,23294.9,1.0,0.0,0.0,0.0,regular,0,0,0,0,0,0,1,ZERO_VOL,155.6
2026-03-25 10:20:24.198057,10:20,25,3,2026,2,5,23294.9,23294.9,23294.9,23294.9,0.0,23294.9,0.0,0.0,23294.9,1.0,0.0,0.0,0.0,regular,0,0,0,0,0,0,1,ZERO_VOL,108.6
2026-03-25 10:20:24.323208,10:20,25,3,2026,2,5,23294.9,23294.9,23294.9,23294.9,0.0,23294.9,0.0,0.0,23294.9,1.0,0.0,0.0,0.0,regular,0,0,0,0,0,0,1,ZERO_VOL,124.6
2026-03-25 10:20:24.492526,10:20,25,3,2026,2,5,23294.45,23294.45,23294.45,23294.45,0.0,23294.45,0.0,0.0,23294.45,1.0,0.0,0.0,0.0,regular,0,0,0,0,0,0,1,ZERO_VOL,168.8
2026-03-25 10:20:24.613701,10:20,25,3,2026,2,5,23294.9,23294.9,23294.9,23294.9,0.0,23294.9,0.0,0.0,23294.9,1.0,0.0,0.0,0.0,regular,0,0,0,0,0,0,1,ZERO_VOL,120.6
2026-03-25 10:20:31.511898,10:20,25,3,2026,2,5,23294.65,23294.65,23294.65,23294.65,0.0,23294.65,0.0,0.0,23294.65,1.0,0.0,0.0,0.0,regular,0,0,0,0,0,0,1,ZERO_VOL,485.3
2026-03-25 10:20:32.178760,10:20,25,3,2026,2,5,23295.9,23295.9,23295.9,23295.9,0.0,23295.9,0.0,0.0,23295.9,1.0,0.0,0.0,0.0,regular,0,0,0,0,0,0,1,ZERO_VOL,666.0
2026-03-25 10:20:32.624722,10:20,25,3,2026,2,5,23295.5,23295.5,23295.5,23295.5,0.0,23295.5,0.0,0.0,23295.5,1.0,0.0,0.0,0.0,regular,0,0,0,0,0,0,1,ZERO_VOL,415.1
2026-03-25 10:20:33.081861,10:20,25,3,2026,2,5,23294.9,23294.9,23294.9,23294.9,0.0,23294.9,0.0,0.0,23294.9,1.0,0.0,0.0,0.0,regular,0,0,0,0,0,0,1,ZERO_VOL,456.4
2026-03-25 10:20:33.434127,10:20,25,3,2026,2,5,23295.5,23295.5,23295.5,23295.5,0.0,23295.5,0.0,0.0,23295.5,1.0,0.0,0.0,0.0,regular,0,0,0,0,0,0,1,ZERO_VOL,346.5
2026-03-25 10:20:35.567996,10:20,25,3,2026,2,5,23298.15,23298.15,23298.15,23298.15,0.0,23298.15,0.0,0.0,23298.15,1.0,0.0,0.0,0.0,regular,0,0,0,0,0,0,1,ZERO_VOL,96.0
2026-03-25 10:20:35.764930,10:20,25,3,2026,2,5,23297.1,23297.1,23297.1,23297.1,0.0,23297.1,0.0,0.0,23297.1,1.0,0.0,0.0,0.0,regular,0,0,0,0,0,0,1,ZERO_VOL,196.5
2026-03-25 10:20:35.916310,10:20,25,3,2026,2,5,23298.15,23298.15,23298.15,23298.15,0.0,23298.15,0.0,0.0,23298.15,1.0,0.0,0.0,0.0,regular,0,0,0,0,0,0,1,ZERO_VOL,150.7
2026-03-25 10:20:36.095500,10:20,25,3,2026,2,5,23298.15,23298.15,23298.15,23298.15,0.0,23298.15,0.0,0.0,23298.15,1.0,0.0,0.0,0.0,regular,0,0,0,0,0,0,1,ZERO_VOL,178.7
2026-03-25 10:20:36.173683,10:20,25,3,2026,2,5,23298.15,23298.15,23298.15,23298.15,0.0,23298.15,0.0,0.0,23298.15,1.0,0.0,0.0,0.0,regular,0,0,0,0,0,0,1,ZERO_VOL,77.5
2026-03-25 10:20:37.670477,10:20,25,3,2026,2,5,23298.2,23298.2,23298.2,23298.2,0.0,23298.2,0.0,0.0,23298.2,1.0,0.0,0.0,0.0,regular,0,0,0,0,0,0,1,ZERO_VOL,199.8
2026-03-25 10:20:37.816247,10:20,25,3,2026,2,5,23298.3,23298.3,23298.3,23298.3,0.0,23298.3,0.0,0.0,23298.3,1.0,0.0,0.0,0.0,regular,0,0,0,0,0,0,1,ZERO_VOL,145.3
2026-03-25 10:20:37.891373,10:20,25,3,2026,2,5,23298.3,23298.3,23298.3,23298.3,0.0,23298.3,0.0,0.0,23298.3,1.0,0.0,0.0,0.0,regular,0,0,0,0,0,0,1,ZERO_VOL,74.6
2026-03-25 10:20:37.979264,10:20,25,3,2026,2,5,23298.3,23298.3,23298.3,23298.3,0.0,23298.3,0.0,0.0,23298.3,1.0,0.0,0.0,0.0,regular,0,0,0,0,0,0,1,ZERO_VOL,87.4
2026-03-25 10:20:38.098858,10:20,25,3,2026,2,5,23298.3,23298.3,23298.3,23298.3,0.0,23298.3,0.0,0.0,23298.3,1.0,0.0,0.0,0.0,regular,0,0,0,0,0,0,1,ZERO_VOL,119.1
2026-03-25 10:20:39.925915,10:20,25,3,2026,2,5,23298.9,23298.9,23298.9,23298.9,0.0,23298.9,0.0,0.0,23298.9,1.0,0.0,0.0,0.0,regular,0,0,0,0,0,0,1,ZERO_VOL,103.9
2026-03-25 10:20:40.029619,10:20,25,3,2026,2,5,23298.9,23298.9,23298.9,23298.9,0.0,23298.9,0.0,0.0,23298.9,1.0,0.0,0.0,0.0,regular,0,0,0,0,0,0,1,ZERO_VOL,103.2
2026-03-25 10:20:40.168194,10:20,25,3,2026,2,5,23298.9,23298.9,23298.9,23298.9,0.0,23298.9,0.0,0.0,23298.9,1.0,0.0,0.0,0.0,regular,0,0,0,0,0,0,1,ZERO_VOL,137.9
2026-03-25 10:20:40.264764,10:20,25,3,2026,2,5,23298.9,23298.9,23298.9,23298.9,0.0,23298.9,0.0,0.0,23298.9,1.0,0.0,0.0,0.0,regular,0,0,0,0,0,0,1,ZERO_VOL,96.1
2026-03-25 10:20:40.373210,10:20,25,3,2026,2,5,23298.9,23298.9,23298.9,23298.9,0.0,23298.9,0.0,0.0,23298.9,1.0,0.0,0.0,0.0,regular,0,0,0,0,0,0,1,ZERO_VOL,107.9
2026-03-25 10:20:41.978231,10:20,25,3,2026,2,5,23295.9,23295.9,23295.9,23295.9,0.0,23295.9,0.0,0.0,23295.9,1.0,0.0,0.0,0.0,regular,0,0,0,0,0,0,1,ZERO_VOL,61.1
2026-03-25 10:20:42.032410,10:20,25,3,2026,2,5,23298.3,23298.3,23298.3,23298.3,0.0,23298.3,0.0,0.0,23298.3,1.0,0.0,0.0,0.0,regular,0,0,0,0,0,0,1,ZERO_VOL,53.6
2026-03-25 10:20:42.086948,10:20,25,3,2026,2,5,23298.3,23298.3,23298.3,23298.3,0.0,23298.3,0.0,0.0,23298.3,1.0,0.0,0.0,0.0,regular,0,0,0,0,0,0,1,ZERO_VOL,54.1
2026-03-25 10:20:42.252743,10:20,25,3,2026,2,5,23300.3,23300.3,23300.3,23300.3,0.0,23300.3,0.0,0.0,23300.3,1.0,0.0,0.0,0.0,regular,0,0,0,0,0,0,1,ZERO_VOL,165.3
2026-03-25 10:20:42.381196,10:20,25,3,2026,2,5,23300.3,23300.3,23300.3,23300.3,0.0,23300.3,0.0,0.0,23300.3,1.0,0.0,0.0,0.0,regular,0,0,0,0,0,0,1,ZERO_VOL,127.9
2026-03-25 10:20:43.880496,10:20,25,3,2026,2,5,23298.9,23298.9,23298.9,23298.9,0.0,23298.9,0.0,0.0,23298.9,1.0,0.0,0.0,0.0,regular,0,0,0,0,0,0,1,ZERO_VOL,59.8
2026-03-25 10:20:43.976029,10:20,25,3,2026,2,5,23297.0,23297.0,23297.0,23297.0,0.0,23297.0,0.0,0.0,23297.0,1.0,0.0,0.0,0.0,regular,0,0,0,0,0,0,1,ZERO_VOL,94.9
2026-03-25 10:20:44.122126,10:20,25,3,2026,2,5,23297.0,23297.0,23297.0,23297.0,0.0,23297.0,0.0,0.0,23297.0,1.0,0.0,0.0,0.0,regular,0,0,0,0,0,0,1,ZERO_VOL,145.6
2026-03-25 10:20:44.233681,10:20,25,3,2026,2,5,23297.0,23297.0,23297.0,23297.0,0.0,23297.0,0.0,0.0,23297.0,1.0,0.0,0.0,0.0,regular,0,0,0,0,0,0,1,ZERO_VOL,111.1
2026-03-25 10:20:44.291795,10:20,25,3,2026,2,5,23298.3,23298.3,23298.3,23298.3,0.0,23298.3,0.0,0.0,23298.3,1.0,0.0,0.0,0.0,regular,0,0,0,0,0,0,1,ZERO_VOL,57.6
2026-03-25 10:20:45.733061,10:20,25,3,2026,2,5,23297.1,23297.1,23297.1,23297.1,0.0,23297.1,0.0,0.0,23297.1,1.0,0.0,0.0,0.0,regular,0,0,0,0,0,0,1,ZERO_VOL,57.8
2026-03-25 10:20:45.817639,10:20,25,3,2026,2,5,23299.6,23299.6,23299.6,23299.6,0.0,23299.6,0.0,0.0,23299.6,1.0,0.0,0.0,0.0,regular,0,0,0,0,0,0,1,ZERO_VOL,84.1
2026-03-25 10:20:45.880508,10:20,25,3,2026,2,5,23298.3,23298.3,23298.3,23298.3,0.0,23298.3,0.0,0.0,23298.3,1.0,0.0,0.0,0.0,regular,0,0,0,0,0,0,1,ZERO_VOL,62.1
2026-03-25 10:20:45.937524,10:20,25,3,2026,2,5,23298.3,23298.3,23298.3,23298.3,0.0,23298.3,0.0,0.0,23298.3,1.0,0.0,0.0,0.0,regular,0,0,0,0,0,0,1,ZERO_VOL,56.5
2026-03-25 10:20:45.990642,10:20,25,3,2026,2,5,23299.6,23299.6,23299.6,23299.6,0.0,23299.6,0.0,0.0,23299.6,1.0,0.0,0.0,0.0,regular,0,0,0,0,0,0,1,ZERO_VOL,52.6
2026-03-25 10:20:47.663331,10:20,25,3,2026,2,5,23299.5,23299.5,23299.5,23299.5,0.0,23299.5,0.0,0.0,23299.5,1.0,0.0,0.0,0.0,regular,0,0,0,0,0,0,1,ZERO_VOL,97.4
2026-03-25 10:20:47.751005,10:20,25,3,2026,2,5,23299.5,23299.5,23299.5,23299.5,0.0,23299.5,0.0,0.0,23299.5,1.0,0.0,0.0,0.0,regular,0,0,0,0,0,0,1,ZERO_VOL,87.1
2026-03-25 10:20:47.902760,10:20,25,3,2026,2,5,23299.5,23299.5,23299.5,23299.5,0.0,23299.5,0.0,0.0,23299.5,1.0,0.0,0.0,0.0,regular,0,0,0,0,0,0,1,ZERO_VOL,151.2
2026-03-25 10:20:47.997583,10:20,25,3,2026,2,5,23299.5,23299.5,23299.5,23299.5,0.0,23299.5,0.0,0.0,23299.5,1.0,0.0,0.0,0.0,regular,0,0,0,0,0,0,1,ZERO_VOL,94.3
2026-03-25 10:20:48.061119,10:20,25,3,2026,2,5,23300.3,23300.3,23300.3,23300.3,0.0,23300.3,0.0,0.0,23300.3,1.0,0.0,0.0,0.0,regular,0,0,0,0,0,0,1,ZERO_VOL,63.1
2026-03-25 10:20:49.622162,10:20,25,3,2026,2,5,23299.05,23299.05,23299.05,23299.05,0.0,23299.05,0.0,0.0,23299.05,1.0,0.0,0.0,0.0,regular,0,0,0,0,0,0,1,ZERO_VOL,91.8
2026-03-25 10:20:49.719293,10:20,25,3,2026,2,5,23297.0,23297.0,23297.0,23297.0,0.0,23297.0,0.0,0.0,23297.0,1.0,0.0,0.0,0.0,regular,0,0,0,0,0,0,1,ZERO_VOL,96.6
2026-03-25 10:20:49.783200,10:20,25,3,2026,2,5,23297.0,23297.0,23297.0,23297.0,0.0,23297.0,0.0,0.0,23297.0,1.0,0.0,0.0,0.0,regular,0,0,0,0,0,0,1,ZERO_VOL,63.4
2026-03-25 10:20:50.031710,10:20,25,3,2026,2,5,23299.05,23299.05,23299.05,23299.05,0.0,23299.05,0.0,0.0,23299.05,1.0,0.0,0.0,0.0,regular,0,0,0,0,0,0,1,ZERO_VOL,247.9
2026-03-25 10:20:50.150037,10:20,25,3,2026,2,5,23299.05,23299.05,23299.05,23299.05,0.0,23299.05,0.0,0.0,23299.05,1.0,0.0,0.0,0.0,regular,0,0,0,0,0,0,1,ZERO_VOL,117.8
2026-03-25 10:20:51.916856,10:20,25,3,2026,2,5,23301.35,23301.35,23301.35,23301.35,0.0,23301.35,0.0,0.0,23301.35,1.0,0.0,0.0,0.0,regular,0,0,0,0,0,0,1,ZERO_VOL,168.3
2026-03-25 10:20:52.014474,10:20,25,3,2026,2,5,23301.35,23301.35,23301.35,23301.35,0.0,23301.35,0.0,0.0,23301.35,1.0,0.0,0.0,0.0,regular,0,0,0,0,0,0,1,ZERO_VOL,97.2
2026-03-25 10:20:52.155810,10:20,25,3,2026,2,5,23301.35,23301.35,23301.35,23301.35,0.0,23301.35,0.0,0.0,23301.35,1.0,0.0,0.0,0.0,regular,0,0,0,0,0,0,1,ZERO_VOL,140.8
2026-03-25 10:20:52.265006,10:20,25,3,2026,2,5,23301.35,23301.35,23301.35,23301.35,0.0,23301.35,0.0,0.0,23301.35,1.0,0.0,0.0,0.0,regular,0,0,0,0,0,0,1,ZERO_VOL,108.7
2026-03-25 10:20:52.361637,10:20,25,3,2026,2,5,23301.35,23301.35,23301.35,23301.35,0.0,23301.35,0.0,0.0,23301.35,1.0,0.0,0.0,0.0,regular,0,0,0,0,0,0,1,ZERO_VOL,96.1
2026-03-25 10:20:54.472982,10:20,25,3,2026,2,5,23297.0,23297.0,23297.0,23297.0,0.0,23297.0,0.0,0.0,23297.0,1.0,0.0,0.0,0.0,regular,0,0,0,0,0,0,1,ZERO_VOL,58.8
2026-03-25 10:20:54.535408,10:20,25,3,2026,2,5,23299.5,23299.5,23299.5,23299.5,0.0,23299.5,0.0,0.0,23299.5,1.0,0.0,0.0,0.0,regular,0,0,0,0,0,0,1,ZERO_VOL,61.9
2026-03-25 10:20:54.680279,10:20,25,3,2026,2,5,23298.4,23298.4,23298.4,23298.4,0.0,23298.4,0.0,0.0,23298.4,1.0,0.0,0.0,0.0,regular,0,0,0,0,0,0,1,ZERO_VOL,144.4
2026-03-25 10:20:54.747059,10:20,25,3,2026,2,5,23299.05,23299.05,23299.05,23299.05,0.0,23299.05,0.0,0.0,23299.05,1.0,0.0,0.0,0.0,regular,0,0,0,0,0,0,1,ZERO_VOL,66.2
2026-03-25 10:20:54.806892,10:20,25,3,2026,2,5,23298.4,23298.4,23298.4,23298.4,0.0,23298.4,0.0,0.0,23298.4,1.0,0.0,0.0,0.0,regular,0,0,0,0,0,0,1,ZERO_VOL,59.4
2026-03-25 10:20:56.476553,10:20,25,3,2026,2,5,23298.55,23298.55,23298.55,23298.55,0.0,23298.55,0.0,0.0,23298.55,1.0,0.0,0.0,0.0,regular,0,0,0,0,0,0,1,ZERO_VOL,146.3
2026-03-25 10:20:56.578139,10:20,25,3,2026,2,5,23299.8,23299.8,23299.8,23299.8,0.0,23299.8,0.0,0.0,23299.8,1.0,0.0,0.0,0.0,regular,0,0,0,0,0,0,1,ZERO_VOL,101.1
2026-03-25 10:20:56.915069,10:20,25,3,2026,2,5,23299.8,23299.8,23299.8,23299.8,0.0,23299.8,0.0,0.0,23299.8,1.0,0.0,0.0,0.0,regular,0,0,0,0,0,0,1,ZERO_VOL,336.4
2026-03-25 10:20:56.979932,10:20,25,3,2026,2,5,23299.5,23299.5,23299.5,23299.5,0.0,23299.5,0.0,0.0,23299.5,1.0,0.0,0.0,0.0,regular,0,0,0,0,0,0,1,ZERO_VOL,64.2
2026-03-25 10:20:57.075960,10:20,25,3,2026,2,5,23299.8,23299.8,23299.8,23299.8,0.0,23299.8,0.0,0.0,23299.8,1.0,0.0,0.0,0.0,regular,0,0,0,0,0,0,1,ZERO_VOL,95.5
2026-03-25 10:20:58.948856,10:20,25,3,2026,2,5,23299.8,23299.8,23299.8,23299.8,0.0,23299.8,0.0,0.0,23299.8,1.0,0.0,0.0,0.0,regular,0,0,0,0,0,0,1,ZERO_VOL,62.4
2026-03-25 10:20:59.036893,10:20,25,3,2026,2,5,23299.8,23299.8,23299.8,23299.8,0.0,23299.8,0.0,0.0,23299.8,1.0,0.0,0.0,0.0,regular,0,0,0,0,0,0,1,ZERO_VOL,87.5
2026-03-25 10:20:59.121873,10:20,25,3,2026,2,5,23300.5,23300.5,23300.5,23300.5,0.0,23300.5,0.0,0.0,23300.5,1.0,0.0,0.0,0.0,regular,0,0,0,0,0,0,1,ZERO_VOL,84.5
2026-03-25 10:20:59.182875,10:20,25,3,2026,2,5,23298.4,23298.4,23298.4,23298.4,0.0,23298.4,0.0,0.0,23298.4,1.0,0.0,0.0,0.0,regular,0,0,0,0,0,0,1,ZERO_VOL,60.5
2026-03-25 10:20:59.260440,10:20,25,3,2026,2,5,23300.5,23300.5,23300.5,23300.5,0.0,23300.5,0.0,0.0,23300.5,1.0,0.0,0.0,0.0,regular,0,0,0,0,0,0,1,ZERO_VOL,77.1
2026-03-25 10:21:00.880509,10:21,25,3,2026,2,5,23295.45,23301.8,23293.05,23301.8,0.0,23298.88,8.75,0.0273,23298.88,1.0004,72.59,0.0,2.4,regular,0,0,0,0,0,0,1,ZERO_VOL,84.3
2026-03-25 10:21:00.990750,10:21,25,3,2026,2,5,23295.45,23301.8,23293.05,23301.8,0.0,23298.88,8.75,0.0273,23298.88,1.0004,72.59,0.0,2.4,regular,0,0,0,0,0,0,1,ZERO_VOL,109.7
2026-03-25 10:21:01.047326,10:21,25,3,2026,2,5,23299.8,23299.8,23299.8,23299.8,0.0,23299.8,0.0,0.0,23299.8,1.0,0.0,0.0,0.0,regular,0,0,0,0,0,0,1,ZERO_VOL,56.1
2026-03-25 10:21:01.101032,10:21,25,3,2026,2,5,23301.35,23301.35,23301.35,23301.35,0.0,23301.35,0.0,0.0,23301.35,1.0,0.0,0.0,0.0,regular,0,0,0,0,0,0,1,ZERO_VOL,53.2
2026-03-25 10:21:01.157910,10:21,25,3,2026,2,5,23301.35,23301.35,23301.35,23301.35,0.0,23301.35,0.0,0.0,23301.35,1.0,0.0,0.0,0.0,regular,0,0,0,0,0,0,1,ZERO_VOL,56.4
2026-03-25 10:21:02.813669,10:21,25,3,2026,2,5,23300.5,23300.5,23300.5,23300.5,0.0,23300.5,0.0,0.0,23300.5,1.0,0.0,0.0,0.0,regular,0,0,0,0,0,0,1,ZERO_VOL,55.3
2026-03-25 10:21:02.909629,10:21,25,3,2026,2,5,23300.0,23300.0,23300.0,23300.0,0.0,23300.0,0.0,0.0,23300.0,1.0,0.0,0.0,0.0,regular,0,0,0,0,0,0,1,ZERO_VOL,95.5
2026-03-25 10:21:03.006040,10:21,25,3,2026,2,5,23300.0,23300.0,23300.0,23300.0,0.0,23300.0,0.0,0.0,23300.0,1.0,0.0,0.0,0.0,regular,0,0,0,0,0,0,1,ZERO_VOL,95.9
2026-03-25 10:21:03.114567,10:21,25,3,2026,2,5,23300.0,23300.0,23300.0,23300.0,0.0,23300.0,0.0,0.0,23300.0,1.0,0.0,0.0,0.0,regular,0,0,0,0,0,0,1,ZERO_VOL,108.0
2026-03-25 10:21:03.264900,10:21,25,3,2026,2,5,23300.0,23300.0,23300.0,23300.0,0.0,23300.0,0.0,0.0,23300.0,1.0,0.0,0.0,0.0,regular,0,0,0,0,0,0,1,ZERO_VOL,149.9
2026-03-25 10:21:05.010897,10:21,25,3,2026,2,5,23300.5,23300.5,23300.5,23300.5,0.0,23300.5,0.0,0.0,23300.5,1.0,0.0,0.0,0.0,regular,0,0,0,0,0,0,1,ZERO_VOL,94.2
2026-03-25 10:21:05.168972,10:21,25,3,2026,2,5,23300.5,23300.5,23300.5,23300.5,0.0,23300.5,0.0,0.0,23300.5,1.0,0.0,0.0,0.0,regular,0,0,0,0,0,0,1,ZERO_VOL,157.4
2026-03-25 10:21:05.270466,10:21,25,3,2026,2,5,23300.5,23300.5,23300.5,23300.5,0.0,23300.5,0.0,0.0,23300.5,1.0,0.0,0.0,0.0,regular,0,0,0,0,0,0,1,ZERO_VOL,98.5
2026-03-25 10:21:05.410368,10:21,25,3,2026,2,5,23300.5,23300.5,23300.5,23300.5,0.0,23300.5,0.0,0.0,23300.5,1.0,0.0,0.0,0.0,regular,0,0,0,0,0,0,1,ZERO_VOL,139.4
2026-03-25 10:21:05.466019,10:21,25,3,2026,2,5,23295.45,23301.8,23293.05,23301.8,0.0,23298.88,8.75,0.0273,23298.88,1.0004,72.59,0.0,2.4,regular,0,0,0,0,0,0,1,ZERO_VOL,55.1
2026-03-25 10:21:07.060061,10:21,25,3,2026,2,5,23295.45,23301.8,23293.05,23301.8,0.0,23298.88,8.75,0.0273,23298.88,1.0004,72.59,0.0,2.4,regular,0,0,0,0,0,0,1,ZERO_VOL,84.1
2026-03-25 10:21:07.156175,10:21,25,3,2026,2,5,23306.0,23306.0,23306.0,23306.0,0.0,23306.0,0.0,0.0,23306.0,1.0,0.0,0.0,0.0,regular,0,0,0,0,0,0,1,ZERO_VOL,95.5
2026-03-25 10:21:07.301598,10:21,25,3,2026,2,5,23306.0,23306.0,23306.0,23306.0,0.0,23306.0,0.0,0.0,23306.0,1.0,0.0,0.0,0.0,regular,0,0,0,0,0,0,1,ZERO_VOL,144.9
2026-03-25 10:21:07.392047,10:21,25,3,2026,2,5,23306.0,23306.0,23306.0,23306.0,0.0,23306.0,0.0,0.0,23306.0,1.0,0.0,0.0,0.0,regular,0,0,0,0,0,0,1,ZERO_VOL,89.9
2026-03-25 10:21:07.454097,10:21,25,3,2026,2,5,23300.0,23300.0,23300.0,23300.0,0.0,23300.0,0.0,0.0,23300.0,1.0,0.0,0.0,0.0,regular,0,0,0,0,0,0,1,ZERO_VOL,61.6
2026-03-25 10:21:09.275283,10:21,25,3,2026,2,5,23302.2,23302.2,23302.2,23302.2,0.0,23302.2,0.0,0.0,23302.2,1.0,0.0,0.0,0.0,regular,0,0,0,0,0,0,1,ZERO_VOL,167.8
2026-03-25 10:21:09.332810,10:21,25,3,2026,2,5,23302.2,23302.2,23302.2,23302.2,0.0,23302.2,0.0,0.0,23302.2,1.0,0.0,0.0,0.0,regular,0,0,0,0,0,0,1,ZERO_VOL,57.0
2026-03-25 10:21:09.472356,10:21,25,3,2026,2,5,23302.2,23302.2,23302.2,23302.2,0.0,23302.2,0.0,0.0,23302.2,1.0,0.0,0.0,0.0,regular,0,0,0,0,0,0,1,ZERO_VOL,138.8
2026-03-25 10:21:09.646100,10:21,25,3,2026,2,5,23303.75,23303.75,23303.75,23303.75,0.0,23303.75,0.0,0.0,23303.75,1.0,0.0,0.0,0.0,regular,0,0,0,0,0,0,1,ZERO_VOL,173.2
2026-03-25 10:21:09.790602,10:21,25,3,2026,2,5,23302.2,23302.2,23302.2,23302.2,0.0,23302.2,0.0,0.0,23302.2,1.0,0.0,0.0,0.0,regular,0,0,0,0,0,0,1,ZERO_VOL,144.0
2026-03-25 10:21:11.522954,10:21,25,3,2026,2,5,23303.95,23303.95,23303.95,23303.95,0.0,23303.95,0.0,0.0,23303.95,1.0,0.0,0.0,0.0,regular,0,0,0,0,0,0,1,ZERO_VOL,105.5
2026-03-25 10:21:11.613099,10:21,25,3,2026,2,5,23305.0,23305.0,23305.0,23305.0,0.0,23305.0,0.0,0.0,23305.0,1.0,0.0,0.0,0.0,regular,0,0,0,0,0,0,1,ZERO_VOL,89.7
2026-03-25 10:21:11.790868,10:21,25,3,2026,2,5,23303.95,23303.95,23303.95,23303.95,0.0,23303.95,0.0,0.0,23303.95,1.0,0.0,0.0,0.0,regular,0,0,0,0,0,0,1,ZERO_VOL,177.2
2026-03-25 10:21:11.875457,10:21,25,3,2026,2,5,23305.0,23305.0,23305.0,23305.0,0.0,23305.0,0.0,0.0,23305.0,1.0,0.0,0.0,0.0,regular,0,0,0,0,0,0,1,ZERO_VOL,84.1
2026-03-25 10:21:11.984550,10:21,25,3,2026,2,5,23305.0,23305.0,23305.0,23305.0,0.0,23305.0,0.0,0.0,23305.0,1.0,0.0,0.0,0.0,regular,0,0,0,0,0,0,1,ZERO_VOL,108.5
2026-03-25 10:21:14.057669,10:21,25,3,2026,2,5,23300.5,23300.5,23300.5,23300.5,0.0,23300.5,0.0,0.0,23300.5,1.0,0.0,0.0,0.0,regular,0,0,0,0,0,0,1,ZERO_VOL,56.9
2026-03-25 10:21:14.218161,10:21,25,3,2026,2,5,23303.2,23303.2,23303.2,23303.2,0.0,23303.2,0.0,0.0,23303.2,1.0,0.0,0.0,0.0,regular,0,0,0,0,0,0,1,ZERO_VOL,160.0
2026-03-25 10:21:14.392619,10:21,25,3,2026,2,5,23303.2,23303.2,23303.2,23303.2,0.0,23303.2,0.0,0.0,23303.2,1.0,0.0,0.0,0.0,regular,0,0,0,0,0,0,1,ZERO_VOL,174.0
2026-03-25 10:21:14.491095,10:21,25,3,2026,2,5,23304.05,23304.05,23304.05,23304.05,0.0,23304.05,0.0,0.0,23304.05,1.0,0.0,0.0,0.0,regular,0,0,0,0,0,0,1,ZERO_VOL,98.0
2026-03-25 10:21:14.580126,10:21,25,3,2026,2,5,23304.05,23304.05,23304.05,23304.05,0.0,23304.05,0.0,0.0,23304.05,1.0,0.0,0.0,0.0,regular,0,0,0,0,0,0,1,ZERO_VOL,88.5
2026-03-25 10:21:16.197635,10:21,25,3,2026,2,5,23304.95,23304.95,23304.95,23304.95,0.0,23304.95,0.0,0.0,23304.95,1.0,0.0,0.0,0.0,regular,0,0,0,0,0,0,1,ZERO_VOL,105.6
2026-03-25 10:21:16.345433,10:21,25,3,2026,2,5,23304.95,23304.95,23304.95,23304.95,0.0,23304.95,0.0,0.0,23304.95,1.0,0.0,0.0,0.0,regular,0,0,0,0,0,0,1,ZERO_VOL,147.3
2026-03-25 10:21:16.433775,10:21,25,3,2026,2,5,23306.0,23306.0,23306.0,23306.0,0.0,23306.0,0.0,0.0,23306.0,1.0,0.0,0.0,0.0,regular,0,0,0,0,0,0,1,ZERO_VOL,87.8
2026-03-25 10:21:16.521379,10:21,25,3,2026,2,5,23306.5,23306.5,23306.5,23306.5,0.0,23306.5,0.0,0.0,23306.5,1.0,0.0,0.0,0.0,regular,0,0,0,0,0,0,1,ZERO_VOL,87.1
2026-03-25 10:21:16.616822,10:21,25,3,2026,2,5,23306.5,23306.5,23306.5,23306.5,0.0,23306.5,0.0,0.0,23306.5,1.0,0.0,0.0,0.0,regular,0,0,0,0,0,0,1,ZERO_VOL,94.9
2026-03-25 10:21:18.263948,10:21,25,3,2026,2,5,23305.95,23305.95,23305.95,23305.95,0.0,23305.95,0.0,0.0,23305.95,1.0,0.0,0.0,0.0,regular,0,0,0,0,0,0,1,ZERO_VOL,136.9
2026-03-25 10:21:18.359229,10:21,25,3,2026,2,5,23305.95,23305.95,23305.95,23305.95,0.0,23305.95,0.0,0.0,23305.95,1.0,0.0,0.0,0.0,regular,0,0,0,0,0,0,1,ZERO_VOL,94.8
2026-03-25 10:21:18.416672,10:21,25,3,2026,2,5,23304.95,23304.95,23304.95,23304.95,0.0,23304.95,0.0,0.0,23304.95,1.0,0.0,0.0,0.0,regular,0,0,0,0,0,0,1,ZERO_VOL,56.9
2026-03-25 10:21:18.533936,10:21,25,3,2026,2,5,23305.95,23305.95,23305.95,23305.95,0.0,23305.95,0.0,0.0,23305.95,1.0,0.0,0.0,0.0,regular,0,0,0,0,0,0,1,ZERO_VOL,116.8
2026-03-25 10:21:18.627563,10:21,25,3,2026,2,5,23308.35,23308.35,23308.35,23308.35,0.0,23308.35,0.0,0.0,23308.35,1.0,0.0,0.0,0.0,regular,0,0,0,0,0,0,1,ZERO_VOL,93.2
2026-03-25 10:21:20.283814,10:21,25,3,2026,2,5,23306.5,23306.5,23306.5,23306.5,0.0,23306.5,0.0,0.0,23306.5,1.0,0.0,0.0,0.0,regular,0,0,0,0,0,0,1,ZERO_VOL,56.2
2026-03-25 10:21:20.600265,10:21,25,3,2026,2,5,23308.35,23308.35,23308.35,23308.35,0.0,23308.35,0.0,0.0,23308.35,1.0,0.0,0.0,0.0,regular,0,0,0,0,0,0,1,ZERO_VOL,316.0
2026-03-25 10:21:20.700112,10:21,25,3,2026,2,5,23309.15,23309.15,23309.15,23309.15,0.0,23309.15,0.0,0.0,23309.15,1.0,0.0,0.0,0.0,regular,0,0,0,0,0,0,1,ZERO_VOL,99.1
2026-03-25 10:21:20.795697,10:21,25,3,2026,2,5,23309.15,23309.15,23309.15,23309.15,0.0,23309.15,0.0,0.0,23309.15,1.0,0.0,0.0,0.0,regular,0,0,0,0,0,0,1,ZERO_VOL,95.1
2026-03-25 10:21:20.876688,10:21,25,3,2026,2,5,23309.15,23309.15,23309.15,23309.15,0.0,23309.15,0.0,0.0,23309.15,1.0,0.0,0.0,0.0,regular,0,0,0,0,0,0,1,ZERO_VOL,80.5
2026-03-25 10:21:22.478691,10:21,25,3,2026,2,5,23310.35,23310.35,23310.35,23310.35,0.0,23310.35,0.0,0.0,23310.35,1.0,0.0,0.0,0.0,regular,0,0,0,0,0,0,1,ZERO_VOL,121.0
2026-03-25 10:21:22.544186,10:21,25,3,2026,2,5,23310.35,23310.35,23310.35,23310.35,0.0,23310.35,0.0,0.0,23310.35,1.0,0.0,0.0,0.0,regular,0,0,0,0,0,0,1,ZERO_VOL,65.0
2026-03-25 10:21:22.601143,10:21,25,3,2026,2,5,23309.15,23309.15,23309.15,23309.15,0.0,23309.15,0.0,0.0,23309.15,1.0,0.0,0.0,0.0,regular,0,0,0,0,0,0,1,ZERO_VOL,56.5
2026-03-25 10:21:22.676802,10:21,25,3,2026,2,5,23303.2,23303.2,23303.2,23303.2,0.0,23303.2,0.0,0.0,23303.2,1.0,0.0,0.0,0.0,regular,0,0,0,0,0,0,1,ZERO_VOL,75.1
2026-03-25 10:21:22.758316,10:21,25,3,2026,2,5,23310.35,23310.35,23310.35,23310.35,0.0,23310.35,0.0,0.0,23310.35,1.0,0.0,0.0,0.0,regular,0,0,0,0,0,0,1,ZERO_VOL,81.0
2026-03-25 10:21:24.231037,10:21,25,3,2026,2,5,23304.05,23304.05,23304.05,23304.05,0.0,23304.05,0.0,0.0,23304.05,1.0,0.0,0.0,0.0,regular,0,0,0,0,0,0,1,ZERO_VOL,57.1
2026-03-25 10:21:24.313680,10:21,25,3,2026,2,5,23310.3,23310.3,23310.3,23310.3,0.0,23310.3,0.0,0.0,23310.3,1.0,0.0,0.0,0.0,regular,0,0,0,0,0,0,1,ZERO_VOL,82.0
2026-03-25 10:21:24.417708,10:21,25,3,2026,2,5,23310.3,23310.3,23310.3,23310.3,0.0,23310.3,0.0,0.0,23310.3,1.0,0.0,0.0,0.0,regular,0,0,0,0,0,0,1,ZERO_VOL,103.6
2026-03-25 10:21:24.508934,10:21,25,3,2026,2,5,23309.15,23309.15,23309.15,23309.15,0.0,23309.15,0.0,0.0,23309.15,1.0,0.0,0.0,0.0,regular,0,0,0,0,0,0,1,ZERO_VOL,90.7
2026-03-25 10:21:24.593555,10:21,25,3,2026,2,5,23310.85,23310.85,23310.85,23310.85,0.0,23310.85,0.0,0.0,23310.85,1.0,0.0,0.0,0.0,regular,0,0,0,0,0,0,1,ZERO_VOL,84.1
2026-03-25 10:21:26.216978,10:21,25,3,2026,2,5,23310.85,23310.85,23310.85,23310.85,0.0,23310.85,0.0,0.0,23310.85,1.0,0.0,0.0,0.0,regular,0,0,0,0,0,0,1,ZERO_VOL,145.3
2026-03-25 10:21:26.277750,10:21,25,3,2026,2,5,23310.3,23310.3,23310.3,23310.3,0.0,23310.3,0.0,0.0,23310.3,1.0,0.0,0.0,0.0,regular,0,0,0,0,0,0,1,ZERO_VOL,60.3
2026-03-25 10:21:26.336662,10:21,25,3,2026,2,5,23308.35,23308.35,23308.35,23308.35,0.0,23308.35,0.0,0.0,23308.35,1.0,0.0,0.0,0.0,regular,0,0,0,0,0,0,1,ZERO_VOL,58.4
2026-03-25 10:21:26.472814,10:21,25,3,2026,2,5,23309.0,23309.0,23309.0,23309.0,0.0,23309.0,0.0,0.0,23309.0,1.0,0.0,0.0,0.0,regular,0,0,0,0,0,0,1,ZERO_VOL,135.7
2026-03-25 10:21:26.587168,10:21,25,3,2026,2,5,23310.85,23310.85,23310.85,23310.85,0.0,23310.85,0.0,0.0,23310.85,1.0,0.0,0.0,0.0,regular,0,0,0,0,0,0,1,ZERO_VOL,113.9
2026-03-25 10:21:28.272521,10:21,25,3,2026,2,5,23305.95,23305.95,23305.95,23305.95,0.0,23305.95,0.0,0.0,23305.95,1.0,0.0,0.0,0.0,regular,0,0,0,0,0,0,1,ZERO_VOL,57.4
2026-03-25 10:21:28.356293,10:21,25,3,2026,2,5,23309.15,23309.15,23309.15,23309.15,0.0,23309.15,0.0,0.0,23309.15,1.0,0.0,0.0,0.0,regular,0,0,0,0,0,0,1,ZERO_VOL,83.3
2026-03-25 10:21:28.441316,10:21,25,3,2026,2,5,23308.45,23308.45,23308.45,23308.45,0.0,23308.45,0.0,0.0,23308.45,1.0,0.0,0.0,0.0,regular,0,0,0,0,0,0,1,ZERO_VOL,84.5
2026-03-25 10:21:28.524895,10:21,25,3,2026,2,5,23308.45,23308.45,23308.45,23308.45,0.0,23308.45,0.0,0.0,23308.45,1.0,0.0,0.0,0.0,regular,0,0,0,0,0,0,1,ZERO_VOL,83.1
2026-03-25 10:21:28.647558,10:21,25,3,2026,2,5,23308.0,23308.0,23308.0,23308.0,0.0,23308.0,0.0,0.0,23308.0,1.0,0.0,0.0,0.0,regular,0,0,0,0,0,0,1,ZERO_VOL,122.2
2026-03-25 10:21:30.270557,10:21,25,3,2026,2,5,23308.4,23308.4,23308.4,23308.4,0.0,23308.4,0.0,0.0,23308.4,1.0,0.0,0.0,0.0,regular,0,0,0,0,0,0,1,ZERO_VOL,87.1
2026-03-25 10:21:30.355716,10:21,25,3,2026,2,5,23308.45,23308.45,23308.45,23308.45,0.0,23308.45,0.0,0.0,23308.45,1.0,0.0,0.0,0.0,regular,0,0,0,0,0,0,1,ZERO_VOL,84.6
2026-03-25 10:21:30.409482,10:21,25,3,2026,2,5,23309.15,23309.15,23309.15,23309.15,0.0,23309.15,0.0,0.0,23309.15,1.0,0.0,0.0,0.0,regular,0,0,0,0,0,0,1,ZERO_VOL,53.3
2026-03-25 10:21:30.546466,10:21,25,3,2026,2,5,23309.3,23309.3,23309.3,23309.3,0.0,23309.3,0.0,0.0,23309.3,1.0,0.0,0.0,0.0,regular,0,0,0,0,0,0,1,ZERO_VOL,136.5
2026-03-25 10:21:30.600401,10:21,25,3,2026,2,5,23309.3,23309.3,23309.3,23309.3,0.0,23309.3,0.0,0.0,23309.3,1.0,0.0,0.0,0.0,regular,0,0,0,0,0,0,1,ZERO_VOL,53.5
2026-03-25 10:21:32.347222,10:21,25,3,2026,2,5,23308.45,23308.45,23308.45,23308.45,0.0,23308.45,0.0,0.0,23308.45,1.0,0.0,0.0,0.0,regular,0,0,0,0,0,0,1,ZERO_VOL,154.2
2026-03-25 10:21:32.443827,10:21,25,3,2026,2,5,23308.85,23308.85,23308.85,23308.85,0.0,23308.85,0.0,0.0,23308.85,1.0,0.0,0.0,0.0,regular,0,0,0,0,0,0,1,ZERO_VOL,96.1
2026-03-25 10:21:32.538282,10:21,25,3,2026,2,5,23308.85,23308.85,23308.85,23308.85,0.0,23308.85,0.0,0.0,23308.85,1.0,0.0,0.0,0.0,regular,0,0,0,0,0,0,1,ZERO_VOL,93.9
2026-03-25 10:21:32.598786,10:21,25,3,2026,2,5,23308.45,23308.45,23308.45,23308.45,0.0,23308.45,0.0,0.0,23308.45,1.0,0.0,0.0,0.0,regular,0,0,0,0,0,0,1,ZERO_VOL,60.0
2026-03-25 10:21:32.683386,10:21,25,3,2026,2,5,23308.85,23308.85,23308.85,23308.85,0.0,23308.85,0.0,0.0,23308.85,1.0,0.0,0.0,0.0,regular,0,0,0,0,0,0,1,ZERO_VOL,84.1
2026-03-25 10:21:34.228604,10:21,25,3,2026,2,5,23309.3,23309.3,23309.3,23309.3,0.0,23309.3,0.0,0.0,23309.3,1.0,0.0,0.0,0.0,regular,0,0,0,0,0,0,1,ZERO_VOL,68.5
2026-03-25 10:21:34.324382,10:21,25,3,2026,2,5,23308.15,23308.15,23308.15,23308.15,0.0,23308.15,0.0,0.0,23308.15,1.0,0.0,0.0,0.0,regular,0,0,0,0,0,0,1,ZERO_VOL,95.3
2026-03-25 10:21:34.421170,10:21,25,3,2026,2,5,23308.15,23308.15,23308.15,23308.15,0.0,23308.15,0.0,0.0,23308.15,1.0,0.0,0.0,0.0,regular,0,0,0,0,0,0,1,ZERO_VOL,96.3
2026-03-25 10:21:34.477743,10:21,25,3,2026,2,5,23310.3,23310.3,23310.3,23310.3,0.0,23310.3,0.0,0.0,23310.3,1.0,0.0,0.0,0.0,regular,0,0,0,0,0,0,1,ZERO_VOL,56.0
2026-03-25 10:21:34.553697,10:21,25,3,2026,2,5,23308.1,23308.1,23308.1,23308.1,0.0,23308.1,0.0,0.0,23308.1,1.0,0.0,0.0,0.0,regular,0,0,0,0,0,0,1,ZERO_VOL,75.5
2026-03-25 10:21:36.402401,10:21,25,3,2026,2,5,23308.95,23308.95,23308.95,23308.95,0.0,23308.95,0.0,0.0,23308.95,1.0,0.0,0.0,0.0,regular,0,0,0,0,0,0,1,ZERO_VOL,134.7
2026-03-25 10:21:36.544235,10:21,25,3,2026,2,5,23308.95,23308.95,23308.95,23308.95,0.0,23308.95,0.0,0.0,23308.95,1.0,0.0,0.0,0.0,regular,0,0,0,0,0,0,1,ZERO_VOL,141.3
2026-03-25 10:21:36.605033,10:21,25,3,2026,2,5,23310.85,23310.85,23310.85,23310.85,0.0,23310.85,0.0,0.0,23310.85,1.0,0.0,0.0,0.0,regular,0,0,0,0,0,0,1,ZERO_VOL,60.3
2026-03-25 10:21:36.703919,10:21,25,3,2026,2,5,23309.0,23309.0,23309.0,23309.0,0.0,23309.0,0.0,0.0,23309.0,1.0,0.0,0.0,0.0,regular,0,0,0,0,0,0,1,ZERO_VOL,97.8
2026-03-25 10:21:36.824498,10:21,25,3,2026,2,5,23309.0,23309.0,23309.0,23309.0,0.0,23309.0,0.0,0.0,23309.0,1.0,0.0,0.0,0.0,regular,0,0,0,0,0,0,1,ZERO_VOL,120.1
2026-03-25 10:21:38.520621,10:21,25,3,2026,2,5,23308.25,23308.25,23308.25,23308.25,0.0,23308.25,0.0,0.0,23308.25,1.0,0.0,0.0,0.0,regular,0,0,0,0,0,0,1,ZERO_VOL,145.9
2026-03-25 10:21:38.582264,10:21,25,3,2026,2,5,23309.3,23309.3,23309.3,23309.3,0.0,23309.3,0.0,0.0,23309.3,1.0,0.0,0.0,0.0,regular,0,0,0,0,0,0,1,ZERO_VOL,61.1
2026-03-25 10:21:38.743047,10:21,25,3,2026,2,5,23307.65,23307.65,23307.65,23307.65,0.0,23307.65,0.0,0.0,23307.65,1.0,0.0,0.0,0.0,regular,0,0,0,0,0,0,1,ZERO_VOL,160.2
2026-03-25 10:21:38.798721,10:21,25,3,2026,2,5,23309.0,23309.0,23309.0,23309.0,0.0,23309.0,0.0,0.0,23309.0,1.0,0.0,0.0,0.0,regular,0,0,0,0,0,0,1,ZERO_VOL,55.2
2026-03-25 10:21:38.890343,10:21,25,3,2026,2,5,23307.65,23307.65,23307.65,23307.65,0.0,23307.65,0.0,0.0,23307.65,1.0,0.0,0.0,0.0,regular,0,0,0,0,0,0,1,ZERO_VOL,91.1
2026-03-25 10:21:40.557046,10:21,25,3,2026,2,5,23307.85,23307.85,23307.85,23307.85,0.0,23307.85,0.0,0.0,23307.85,1.0,0.0,0.0,0.0,regular,0,0,0,0,0,0,1,ZERO_VOL,138.2
2026-03-25 10:21:40.612417,10:21,25,3,2026,2,5,23309.3,23309.3,23309.3,23309.3,0.0,23309.3,0.0,0.0,23309.3,1.0,0.0,0.0,0.0,regular,0,0,0,0,0,0,1,ZERO_VOL,54.7
2026-03-25 10:21:40.666925,10:21,25,3,2026,2,5,23308.1,23308.1,23308.1,23308.1,0.0,23308.1,0.0,0.0,23308.1,1.0,0.0,0.0,0.0,regular,0,0,0,0,0,0,1,ZERO_VOL,54.0
2026-03-25 10:21:40.766017,10:21,25,3,2026,2,5,23308.5,23308.5,23308.5,23308.5,0.0,23308.5,0.0,0.0,23308.5,1.0,0.0,0.0,0.0,regular,0,0,0,0,0,0,1,ZERO_VOL,98.6
2026-03-25 10:21:40.924198,10:21,25,3,2026,2,5,23308.5,23308.5,23308.5,23308.5,0.0,23308.5,0.0,0.0,23308.5,1.0,0.0,0.0,0.0,regular,0,0,0,0,0,0,1,ZERO_VOL,157.7
2026-03-25 10:21:42.673972,10:21,25,3,2026,2,5,23308.95,23308.95,23308.95,23308.95,0.0,23308.95,0.0,0.0,23308.95,1.0,0.0,0.0,0.0,regular,0,0,0,0,0,0,1,ZERO_VOL,118.7
2026-03-25 10:21:42.809296,10:21,25,3,2026,2,5,23309.1,23309.1,23309.1,23309.1,0.0,23309.1,0.0,0.0,23309.1,1.0,0.0,0.0,0.0,regular,0,0,0,0,0,0,1,ZERO_VOL,134.8
2026-03-25 10:21:42.875855,10:21,25,3,2026,2,5,23308.85,23308.85,23308.85,23308.85,0.0,23308.85,0.0,0.0,23308.85,1.0,0.0,0.0,0.0,regular,0,0,0,0,0,0,1,ZERO_VOL,65.8
2026-03-25 10:21:42.985176,10:21,25,3,2026,2,5,23309.1,23309.1,23309.1,23309.1,0.0,23309.1,0.0,0.0,23309.1,1.0,0.0,0.0,0.0,regular,0,0,0,0,0,0,1,ZERO_VOL,108.7
2026-03-25 10:21:43.041304,10:21,25,3,2026,2,5,23307.85,23307.85,23307.85,23307.85,0.0,23307.85,0.0,0.0,23307.85,1.0,0.0,0.0,0.0,regular,0,0,0,0,0,0,1,ZERO_VOL,55.7
2026-03-25 10:21:44.884769,10:21,25,3,2026,2,5,23308.05,23308.05,23308.05,23308.05,0.0,23308.05,0.0,0.0,23308.05,1.0,0.0,0.0,0.0,regular,0,0,0,0,0,0,1,ZERO_VOL,145.3
2026-03-25 10:21:44.992136,10:21,25,3,2026,2,5,23308.05,23308.05,23308.05,23308.05,0.0,23308.05,0.0,0.0,23308.05,1.0,0.0,0.0,0.0,regular,0,0,0,0,0,0,1,ZERO_VOL,106.9
2026-03-25 10:21:45.090281,10:21,25,3,2026,2,5,23308.05,23308.05,23308.05,23308.05,0.0,23308.05,0.0,0.0,23308.05,1.0,0.0,0.0,0.0,regular,0,0,0,0,0,0,1,ZERO_VOL,97.6
2026-03-25 10:21:45.150971,10:21,25,3,2026,2,5,23307.85,23307.85,23307.85,23307.85,0.0,23307.85,0.0,0.0,23307.85,1.0,0.0,0.0,0.0,regular,0,0,0,0,0,0,1,ZERO_VOL,60.2
2026-03-25 10:21:45.245198,10:21,25,3,2026,2,5,23308.05,23308.05,23308.05,23308.05,0.0,23308.05,0.0,0.0,23308.05,1.0,0.0,0.0,0.0,regular,0,0,0,0,0,0,1,ZERO_VOL,93.8
2026-03-25 10:21:46.937287,10:21,25,3,2026,2,5,23309.0,23309.0,23309.0,23309.0,0.0,23309.0,0.0,0.0,23309.0,1.0,0.0,0.0,0.0,regular,0,0,0,0,0,0,1,ZERO_VOL,54.5
2026-03-25 10:21:47.052139,10:21,25,3,2026,2,5,23308.35,23308.35,23308.35,23308.35,0.0,23308.35,0.0,0.0,23308.35,1.0,0.0,0.0,0.0,regular,0,0,0,0,0,0,1,ZERO_VOL,114.4
2026-03-25 10:21:47.197043,10:21,25,3,2026,2,5,23308.7,23308.7,23308.7,23308.7,0.0,23308.7,0.0,0.0,23308.7,1.0,0.0,0.0,0.0,regular,0,0,0,0,0,0,1,ZERO_VOL,144.4
2026-03-25 10:21:47.291371,10:21,25,3,2026,2,5,23308.7,23308.7,23308.7,23308.7,0.0,23308.7,0.0,0.0,23308.7,1.0,0.0,0.0,0.0,regular,0,0,0,0,0,0,1,ZERO_VOL,93.8
2026-03-25 10:21:47.346421,10:21,25,3,2026,2,5,23307.65,23307.65,23307.65,23307.65,0.0,23307.65,0.0,0.0,23307.65,1.0,0.0,0.0,0.0,regular,0,0,0,0,0,0,1,ZERO_VOL,54.6
2026-03-25 10:21:49.217859,10:21,25,3,2026,2,5,23308.6,23308.6,23308.6,23308.6,0.0,23308.6,0.0,0.0,23308.6,1.0,0.0,0.0,0.0,regular,0,0,0,0,0,0,1,ZERO_VOL,83.3
2026-03-25 10:21:49.307850,10:21,25,3,2026,2,5,23308.6,23308.6,23308.6,23308.6,0.0,23308.6,0.0,0.0,23308.6,1.0,0.0,0.0,0.0,regular,0,0,0,0,0,0,1,ZERO_VOL,89.5
2026-03-25 10:21:49.443975,10:21,25,3,2026,2,5,23309.8,23309.8,23309.8,23309.8,0.0,23309.8,0.0,0.0,23309.8,1.0,0.0,0.0,0.0,regular,0,0,0,0,0,0,1,ZERO_VOL,135.6
2026-03-25 10:21:49.618851,10:21,25,3,2026,2,5,23308.6,23308.6,23308.6,23308.6,0.0,23308.6,0.0,0.0,23308.6,1.0,0.0,0.0,0.0,regular,0,0,0,0,0,0,1,ZERO_VOL,174.3
2026-03-25 10:21:49.689269,10:21,25,3,2026,2,5,23308.05,23308.05,23308.05,23308.05,0.0,23308.05,0.0,0.0,23308.05,1.0,0.0,0.0,0.0,regular,0,0,0,0,0,0,1,ZERO_VOL,69.9
